Source.Name;Column1.3;Column1.4;Pressure;Flow;Amount;Ammountkorr;TimeDate;Länge;Querschnittsreduktion;filter_$
0_TWK_19_G10_______.xls;19;G10;0;0;0;0;11.09.2024 01:46;1,21;24,67;0
0_TWK_19_G10_______.xls;19;G10;0;0;0;0;11.09.2024 01:46;1,21;24,67;0
0_TWK_19_G10_______.xls;19;G10;,07;,2;,1;,1;11.09.2024 01:46;1,21;24,67;0
0_TWK_19_G10_______.xls;19;G10;,19;1,7;,1;,1;11.09.2024 01:46;1,21;24,67;0
0_TWK_19_G10_______.xls;19;G10;,6;2,3;,2;,2;11.09.2024 01:46;1,21;24,67;0
0_TWK_19_G10_______.xls;19;G10;1,2;2,9;,2;,2;11.09.2024 01:46;1,21;24,67;0
0_TWK_19_G10_______.xls;19;G10;1,39;3,1;,3;,3;11.09.2024 01:46;1,21;24,67;0
0_TWK_19_G10_______.xls;19;G10;1,39;3,2;,3;,3;11.09.2024 01:46;1,21;24,67;0
0_TWK_19_G10_______.xls;19;G10;1,5;3,1;,4;,4;11.09.2024 01:46;1,21;24,67;0
0_TWK_19_G10_______.xls;19;G10;1,69;3;,4;,4;11.09.2024 01:46;1,21;24,67;0
0_TWK_19_G10_______.xls;19;G10;1,5;2,3;,4;,4;11.09.2024 01:46;1,21;24,67;0
0_TWK_19_G10_______.xls;19;G10;1,39;1,6;,4;,4;11.09.2024 01:46;1,21;24,67;0
0_TWK_19_G10_______.xls;19;G10;1,39;,4;,4;,4;11.09.2024 01:46;1,21;24,67;0
0_TWK_19_G10_______.xls;19;G10;1,27;,2;,4;,4;11.09.2024 01:46;1,21;24,67;0
0_TWK_19_G10_______.xls;19;G10;1,27;0;,4;,4;11.09.2024 01:46;1,21;24,67;0
0_TWK_19_G10_______.xls;19;G10;1,27;0;,4;,4;11.09.2024 01:46;1,21;24,67;0
0_TWK_19_G10_______.xls;19;G10;1,27;0;,4;,4;11.09.2024 01:46;1,21;24,67;0
0_TWK_19_G10_______.xls;19;G10;1,39;0;,4;,4;11.09.2024 01:46;1,21;24,67;0
0_TWK_19_G10_______.xls;19;G10;1,57;,2;,5;,5;11.09.2024 01:46;1,21;24,67;0
0_TWK_19_G10_______.xls;19;G10;1,69;,5;,5;,5;11.09.2024 01:46;1,21;24,67;0
0_TWK_19_G10_______.xls;19;G10;1,5;,6;,5;,5;11.09.2024 01:46;1,21;24,67;0
0_TWK_19_G10_______.xls;19;G10;1,5;,4;,5;,5;11.09.2024 01:46;1,21;24,67;0
0_TWK_19_G10_______.xls;19;G10;1,5;0;,5;,5;11.09.2024 01:46;1,21;24,67;0
0_TWK_19_G10_______.xls;19;G10;1,39;0;,5;,5;11.09.2024 01:46;1,21;24,67;0
0_TWK_19_G10_______.xls;19;G10;1,39;0;,5;,5;11.09.2024 01:46;1,21;24,67;0
0_TWK_19_G10_______.xls;19;G10;1,39;0;,5;,5;11.09.2024 01:46;1,21;24,67;0
0_TWK_19_G10_______.xls;19;G10;1,39;0;,5;,5;11.09.2024 01:46;1,21;24,67;0
0_TWK_19_G10_______.xls;19;G10;1,39;0;,5;,5;11.09.2024 01:46;1,21;24,67;0
0_TWK_19_G10_______.xls;19;G10;1,39;0;,5;,5;11.09.2024 01:46;1,21;24,67;0
0_TWK_19_G10_______.xls;19;G10;1,27;0;,5;,5;11.09.2024 01:46;1,21;24,67;0
0_TWK_19_G10_______.xls;19;G10;1,39;0;,5;,5;11.09.2024 01:46;1,21;24,67;0
0_TWK_19_G10_______.xls;19;G10;1,27;0;,5;,5;11.09.2024 01:46;1,21;24,67;0
0_TWK_19_G10_______.xls;19;G10;1,39;0;,5;,5;11.09.2024 01:46;1,21;24,67;0
0_TWK_19_G10_______.xls;19;G10;1,57;,1;,5;,5;11.09.2024 01:46;1,21;24,67;0
0_TWK_19_G10_______.xls;19;G10;1,69;,3;,5;,5;11.09.2024 01:46;1,21;24,67;0
0_TWK_19_G10_______.xls;19;G10;1,5;,3;,5;,5;11.09.2024 01:46;1,21;24,67;0
0_TWK_19_G10_______.xls;19;G10;1,5;,2;,5;,5;11.09.2024 01:46;1,21;24,67;0
0_TWK_19_G10_______.xls;19;G10;1,5;0;,5;,5;11.09.2024 01:46;1,21;24,67;0
0_TWK_19_G10_______.xls;19;G10;1,5;0;,5;,5;11.09.2024 01:46;1,21;24,67;0
0_TWK_19_G10_______.xls;19;G10;1,57;0;,5;,5;11.09.2024 01:46;1,21;24,67;0
0_TWK_19_G10_______.xls;19;G10;1,57;,1;,5;,5;11.09.2024 01:46;1,21;24,67;0
0_TWK_19_G10_______.xls;19;G10;1,5;0;,5;,5;11.09.2024 01:46;1,21;24,67;0
0_TWK_19_G10_______.xls;19;G10;1,5;0;,5;,5;11.09.2024 01:46;1,21;24,67;0
0_TWK_19_G10_______.xls;19;G10;1,5;0;,5;,5;11.09.2024 01:46;1,21;24,67;0
0_TWK_19_G10_______.xls;19;G10;1,5;0;,5;,5;11.09.2024 01:46;1,21;24,67;0
0_TWK_19_S1_______.xls;19;S1;0;0;0;0;10.09.2024 21:15;5,97;53,88;1
0_TWK_19_S1_______.xls;19;S1;0;0;0;0;10.09.2024 21:15;5,97;53,88;1
0_TWK_19_S1_______.xls;19;S1;0;,2;0;0;10.09.2024 21:15;5,97;53,88;1
0_TWK_19_S1_______.xls;19;S1;,07;1,4;,1;,1;10.09.2024 21:15;5,97;53,88;1
0_TWK_19_S1_______.xls;19;S1;,19;2,2;,1;,1;10.09.2024 21:15;5,97;53,88;1
0_TWK_19_S1_______.xls;19;S1;,19;2,4;,2;,2;10.09.2024 21:15;5,97;53,88;1
0_TWK_19_S1_______.xls;19;S1;,38;2,7;,2;,2;10.09.2024 21:15;5,97;53,88;1
0_TWK_19_S1_______.xls;19;S1;,49;2,7;,3;,3;10.09.2024 21:15;5,97;53,88;1
0_TWK_19_S1_______.xls;19;S1;,6;2,7;,3;,3;10.09.2024 21:15;5,97;53,88;1
0_TWK_19_S1_______.xls;19;S1;,79;2,6;,4;,4;10.09.2024 21:15;5,97;53,88;1
0_TWK_19_S1_______.xls;19;S1;,98;2,6;,4;,4;10.09.2024 21:15;5,97;53,88;1
0_TWK_19_S1_______.xls;19;S1;1,2;2,7;,5;,5;10.09.2024 21:15;5,97;53,88;1
0_TWK_19_S1_______.xls;19;S1;1,39;2,7;,5;,5;10.09.2024 21:15;5,97;53,88;1
0_TWK_19_S1_______.xls;19;S1;1,57;2,6;,6;,6;10.09.2024 21:15;5,97;53,88;1
0_TWK_19_S1_______.xls;19;S1;1,69;2,5;,6;,6;10.09.2024 21:15;5,97;53,88;1
0_TWK_19_S1_______.xls;19;S1;1,88;2,6;,6;,6;10.09.2024 21:15;5,97;53,88;1
0_TWK_19_S1_______.xls;19;S1;2,17;2,7;,7;,7;10.09.2024 21:15;5,97;53,88;1
0_TWK_19_S1_______.xls;19;S1;2,48;2,7;,7;,7;10.09.2024 21:15;5,97;53,88;1
0_TWK_19_S1_______.xls;19;S1;2,59;2,7;,8;,8;10.09.2024 21:15;5,97;53,88;1
0_TWK_19_S1_______.xls;19;S1;2,7;2,6;,8;,8;10.09.2024 21:15;5,97;53,88;1
0_TWK_19_S1_______.xls;19;S1;2,77;2,6;,9;,9;10.09.2024 21:15;5,97;53,88;1
0_TWK_19_S1_______.xls;19;S1;3,07;2,7;,9;,9;10.09.2024 21:15;5,97;53,88;1
0_TWK_19_S1_______.xls;19;S1;3;2,5;,9;,9;10.09.2024 21:15;5,97;53,88;1
0_TWK_19_S1_______.xls;19;S1;2,7;2,1;,9;,9;10.09.2024 21:15;5,97;53,88;1
0_TWK_19_S1_______.xls;19;S1;1,27;,8;,9;,9;10.09.2024 21:15;5,97;53,88;1
0_TWK_19_S1_______.xls;19;S1;,6;,4;,9;,9;10.09.2024 21:15;5,97;53,88;1
0_TWK_19_S1_______.xls;19;S1;0;,1;,9;,9;10.09.2024 21:15;5,97;53,88;1
0_TWK_19_S1_______.xls;19;S1;0;0;,9;,9;10.09.2024 21:16;5,97;53,88;1
0_TWK_19_S1_______.xls;19;S1;0;0;,9;,9;10.09.2024 21:16;5,97;53,88;1
0_TWK_19_S1_______.xls;19;S1;0;0;,9;,9;10.09.2024 21:16;5,97;53,88;1
0_TWK_19_S1_______.xls;19;S1;,07;0;,9;,9;10.09.2024 21:16;5,97;53,88;1
0_TWK_19_S1_______.xls;19;S1;0;0;,9;,9;10.09.2024 21:16;5,97;53,88;1
0_TWK_19_S1_______.xls;19;S1;0;0;,9;,9;10.09.2024 21:16;5,97;53,88;1
0_TWK_19_S1_______.xls;19;S1;0;0;,9;,9;10.09.2024 21:16;5,97;53,88;1
0_TWK_19_S1_______.xls;19;S1;0;0;,9;,9;10.09.2024 21:16;5,97;53,88;1
0_TWK_19_S1_______.xls;19;S1;,07;0;,9;,9;10.09.2024 21:16;5,97;53,88;1
0_TWK_19_S1_______.xls;19;S1;,07;0;,9;,9;10.09.2024 21:16;5,97;53,88;1
0_TWK_19_S1_______.xls;19;S1;0;0;,9;,9;10.09.2024 21:16;5,97;53,88;1
0_TWK_19_S1_______.xls;19;S1;0;0;,9;,9;10.09.2024 21:16;5,97;53,88;1
0_TWK_19_S1_______.xls;19;S1;,07;0;,9;,9;10.09.2024 21:16;5,97;53,88;1
0_TWK_19_S1_______.xls;19;S1;,07;0;1;1;10.09.2024 21:16;5,97;53,88;1
0_TWK_19_S1_______.xls;19;S1;,3;,2;1;1;10.09.2024 21:16;5,97;53,88;1
0_TWK_19_S1_______.xls;19;S1;,49;1,3;1;1;10.09.2024 21:16;5,97;53,88;1
0_TWK_19_S1_______.xls;19;S1;,98;2,2;1,1;1,1;10.09.2024 21:16;5,97;53,88;1
0_TWK_19_S1_______.xls;19;S1;1,39;2,4;1,1;1,1;10.09.2024 21:16;5,97;53,88;1
0_TWK_19_S1_______.xls;19;S1;2,29;2,6;1,2;1,2;10.09.2024 21:16;5,97;53,88;1
0_TWK_19_S1_______.xls;19;S1;2,77;2,7;1,2;1,2;10.09.2024 21:16;5,97;53,88;1
0_TWK_19_S1_______.xls;19;S1;2,89;2,4;1,2;1,2;10.09.2024 21:16;5,97;53,88;1
0_TWK_19_S1_______.xls;19;S1;1,69;1,9;1,2;1,2;10.09.2024 21:16;5,97;53,88;1
0_TWK_19_S1_______.xls;19;S1;,9;,6;1,2;1,2;10.09.2024 21:16;5,97;53,88;1
0_TWK_19_S1_______.xls;19;S1;,07;,3;1,2;1,2;10.09.2024 21:16;5,97;53,88;1
0_TWK_19_S1_______.xls;19;S1;0;0;1,2;1,2;10.09.2024 21:16;5,97;53,88;1
0_TWK_19_S1_______.xls;19;S1;0;0;1,2;1,2;10.09.2024 21:16;5,97;53,88;1
0_TWK_19_S1_______.xls;19;S1;,07;0;1,2;1,2;10.09.2024 21:16;5,97;53,88;1
0_TWK_19_S1_______.xls;19;S1;,07;0;1,2;1,2;10.09.2024 21:16;5,97;53,88;1
0_TWK_19_S1_______.xls;19;S1;,07;0;1,2;1,2;10.09.2024 21:16;5,97;53,88;1
0_TWK_19_S1_______.xls;19;S1;,07;0;1,2;1,2;10.09.2024 21:16;5,97;53,88;1
0_TWK_19_S1_______.xls;19;S1;,07;0;1,2;1,2;10.09.2024 21:16;5,97;53,88;1
0_TWK_19_S1_______.xls;19;S1;,19;,1;1,3;1,3;10.09.2024 21:16;5,97;53,88;1
0_TWK_19_S1_______.xls;19;S1;,38;,4;1,3;1,3;10.09.2024 21:16;5,97;53,88;1
0_TWK_19_S1_______.xls;19;S1;,98;1,2;1,3;1,3;10.09.2024 21:16;5,97;53,88;1
0_TWK_19_S1_______.xls;19;S1;1,39;1,4;1,4;1,4;10.09.2024 21:16;5,97;53,88;1
0_TWK_19_S1_______.xls;19;S1;1,57;1,6;1,4;1,4;10.09.2024 21:16;5,97;53,88;1
0_TWK_19_S1_______.xls;19;S1;1,99;1,6;1,4;1,4;10.09.2024 21:16;5,97;53,88;1
0_TWK_19_S1_______.xls;19;S1;2,17;1,6;1,4;1,4;10.09.2024 21:16;5,97;53,88;1
0_TWK_19_S1_______.xls;19;S1;2,1;1,5;1,5;1,5;10.09.2024 21:16;5,97;53,88;1
0_TWK_19_S1_______.xls;19;S1;1,88;1,5;1,5;1,5;10.09.2024 21:16;5,97;53,88;1
0_TWK_19_S1_______.xls;19;S1;1,99;1,4;1,5;1,5;10.09.2024 21:16;5,97;53,88;1
0_TWK_19_S1_______.xls;19;S1;2,1;1,5;1,5;1,5;10.09.2024 21:16;5,97;53,88;1
0_TWK_19_S1_______.xls;19;S1;2,29;1,5;1,6;1,6;10.09.2024 21:16;5,97;53,88;1
0_TWK_19_S1_______.xls;19;S1;2,29;1,5;1,6;1,6;10.09.2024 21:16;5,97;53,88;1
0_TWK_19_S1_______.xls;19;S1;2,4;1,5;1,6;1,6;10.09.2024 21:16;5,97;53,88;1
0_TWK_19_S1_______.xls;19;S1;2,4;1,5;1,7;1,7;10.09.2024 21:16;5,97;53,88;1
0_TWK_19_S1_______.xls;19;S1;2,17;1,6;1,7;1,7;10.09.2024 21:16;5,97;53,88;1
0_TWK_19_S1_______.xls;19;S1;1,99;1,4;1,7;1,7;10.09.2024 21:16;5,97;53,88;1
0_TWK_19_S1_______.xls;19;S1;1,88;1,4;1,7;1,7;10.09.2024 21:16;5,97;53,88;1
0_TWK_19_S1_______.xls;19;S1;2,1;1,4;1,8;1,8;10.09.2024 21:16;5,97;53,88;1
0_TWK_19_S1_______.xls;19;S1;2,17;1,5;1,8;1,8;10.09.2024 21:16;5,97;53,88;1
0_TWK_19_S1_______.xls;19;S1;2,29;1,6;1,8;1,8;10.09.2024 21:16;5,97;53,88;1
0_TWK_19_S1_______.xls;19;S1;2,4;1,6;1,8;1,8;10.09.2024 21:16;5,97;53,88;1
0_TWK_19_S1_______.xls;19;S1;2,4;1,6;1,9;1,9;10.09.2024 21:16;5,97;53,88;1
0_TWK_19_S1_______.xls;19;S1;2,4;1,6;1,9;1,9;10.09.2024 21:16;5,97;53,88;1
0_TWK_19_S1_______.xls;19;S1;2,1;1,5;1,9;1,9;10.09.2024 21:16;5,97;53,88;1
0_TWK_19_S1_______.xls;19;S1;1,88;1,5;1,9;1,9;10.09.2024 21:16;5,97;53,88;1
0_TWK_19_S1_______.xls;19;S1;1,99;1,4;2;2;10.09.2024 21:16;5,97;53,88;1
0_TWK_19_S1_______.xls;19;S1;2,17;1,5;2;2;10.09.2024 21:16;5,97;53,88;1
0_TWK_19_S1_______.xls;19;S1;2,29;1,5;2;2;10.09.2024 21:16;5,97;53,88;1
0_TWK_19_S1_______.xls;19;S1;2,4;1,5;2,1;2,1;10.09.2024 21:17;5,97;53,88;1
0_TWK_19_S1_______.xls;19;S1;2,4;1,6;2,1;2,1;10.09.2024 21:17;5,97;53,88;1
0_TWK_19_S1_______.xls;19;S1;2,4;1,6;2,1;2,1;10.09.2024 21:17;5,97;53,88;1
0_TWK_19_S1_______.xls;19;S1;2,17;1,6;2,1;2,1;10.09.2024 21:17;5,97;53,88;1
0_TWK_19_S1_______.xls;19;S1;1,99;1,5;2,2;2,2;10.09.2024 21:17;5,97;53,88;1
0_TWK_19_S1_______.xls;19;S1;1,88;1,4;2,2;2,2;10.09.2024 21:17;5,97;53,88;1
0_TWK_19_S1_______.xls;19;S1;2,17;1,5;2,2;2,2;10.09.2024 21:17;5,97;53,88;1
0_TWK_19_S1_______.xls;19;S1;2,29;1,5;2,2;2,2;10.09.2024 21:17;5,97;53,88;1
0_TWK_19_S1_______.xls;19;S1;2,29;1,6;2,3;2,3;10.09.2024 21:17;5,97;53,88;1
0_TWK_19_S1_______.xls;19;S1;2,4;1,6;2,3;2,3;10.09.2024 21:17;5,97;53,88;1
0_TWK_19_S1_______.xls;19;S1;2,4;1,6;2,3;2,3;10.09.2024 21:17;5,97;53,88;1
0_TWK_19_S1_______.xls;19;S1;2,4;1,6;2,4;2,4;10.09.2024 21:17;5,97;53,88;1
0_TWK_19_S1_______.xls;19;S1;2,29;1,5;2,4;2,4;10.09.2024 21:17;5,97;53,88;1
0_TWK_19_S1_______.xls;19;S1;1,88;1,4;2,4;2,4;10.09.2024 21:17;5,97;53,88;1
0_TWK_19_S1_______.xls;19;S1;2,1;1,5;2,4;2,4;10.09.2024 21:17;5,97;53,88;1
0_TWK_19_S1_______.xls;19;S1;2,4;1,5;2,5;2,5;10.09.2024 21:17;5,97;53,88;1
0_TWK_19_S1_______.xls;19;S1;2,48;1,6;2,5;2,5;10.09.2024 21:17;5,97;53,88;1
0_TWK_19_S1_______.xls;19;S1;2,59;1,6;2,5;2,5;10.09.2024 21:17;5,97;53,88;1
0_TWK_19_S1_______.xls;19;S1;2,59;1,6;2,5;2,5;10.09.2024 21:17;5,97;53,88;1
0_TWK_19_S1_______.xls;19;S1;2,7;1,6;2,6;2,6;10.09.2024 21:17;5,97;53,88;1
0_TWK_19_S1_______.xls;19;S1;2,59;1,5;2,6;2,6;10.09.2024 21:17;5,97;53,88;1
0_TWK_19_S1_______.xls;19;S1;2,29;1,4;2,6;2,6;10.09.2024 21:17;5,97;53,88;1
0_TWK_19_S1_______.xls;19;S1;2,17;1,4;2,7;2,7;10.09.2024 21:17;5,97;53,88;1
0_TWK_19_S1_______.xls;19;S1;2,4;1,5;2,7;2,7;10.09.2024 21:17;5,97;53,88;1
0_TWK_19_S1_______.xls;19;S1;2,59;1,5;2,7;2,7;10.09.2024 21:17;5,97;53,88;1
0_TWK_19_S1_______.xls;19;S1;2,59;1,6;2,7;2,7;10.09.2024 21:17;5,97;53,88;1
0_TWK_19_S1_______.xls;19;S1;2,7;1,5;2,8;2,8;10.09.2024 21:17;5,97;53,88;1
0_TWK_19_S1_______.xls;19;S1;2,7;1,5;2,8;2,8;10.09.2024 21:17;5,97;53,88;1
0_TWK_19_S1_______.xls;19;S1;2,7;1,5;2,8;2,8;10.09.2024 21:17;5,97;53,88;1
0_TWK_19_S1_______.xls;19;S1;2,29;1,5;2,8;2,8;10.09.2024 21:17;5,97;53,88;1
0_TWK_19_S1_______.xls;19;S1;2,1;1,4;2,9;2,9;10.09.2024 21:17;5,97;53,88;1
0_TWK_19_S1_______.xls;19;S1;2,1;1,4;2,9;2,9;10.09.2024 21:17;5,97;53,88;1
0_TWK_19_S1_______.xls;19;S1;2,29;1,5;2,9;2,9;10.09.2024 21:17;5,97;53,88;1
0_TWK_19_S1_______.xls;19;S1;2,29;1,5;2,9;2,9;10.09.2024 21:17;5,97;53,88;1
0_TWK_19_S1_______.xls;19;S1;2,4;1,6;3;3;10.09.2024 21:17;5,97;53,88;1
0_TWK_19_S1_______.xls;19;S1;2,4;1,6;3;3;10.09.2024 21:17;5,97;53,88;1
0_TWK_19_S1_______.xls;19;S1;2,4;1,6;3;3;10.09.2024 21:17;5,97;53,88;1
0_TWK_19_S1_______.xls;19;S1;2,29;1,6;3,1;3,1;10.09.2024 21:17;5,97;53,88;1
0_TWK_19_S1_______.xls;19;S1;2,1;1,4;3,1;3,1;10.09.2024 21:17;5,97;53,88;1
0_TWK_19_S1_______.xls;19;S1;1,99;1,4;3,1;3,1;10.09.2024 21:17;5,97;53,88;1
0_TWK_19_S1_______.xls;19;S1;2,17;1,5;3,1;3,1;10.09.2024 21:17;5,97;53,88;1
0_TWK_19_S1_______.xls;19;S1;2,29;1,5;3,2;3,2;10.09.2024 21:17;5,97;53,88;1
0_TWK_19_S1_______.xls;19;S1;2,4;1,5;3,2;3,2;10.09.2024 21:17;5,97;53,88;1
0_TWK_19_S1_______.xls;19;S1;2,4;1,6;3,2;3,2;10.09.2024 21:17;5,97;53,88;1
0_TWK_19_S1_______.xls;19;S1;2,4;1,6;3,2;3,2;10.09.2024 21:17;5,97;53,88;1
0_TWK_19_S1_______.xls;19;S1;2,4;1,6;3,3;3,3;10.09.2024 21:17;5,97;53,88;1
0_TWK_19_S1_______.xls;19;S1;2,1;1,5;3,3;3,3;10.09.2024 21:17;5,97;53,88;1
0_TWK_19_S1_______.xls;19;S1;1,99;1,5;3,3;3,3;10.09.2024 21:17;5,97;53,88;1
0_TWK_19_S1_______.xls;19;S1;2,1;1,5;3,4;3,4;10.09.2024 21:17;5,97;53,88;1
0_TWK_19_S1_______.xls;19;S1;2,4;1,5;3,4;3,4;10.09.2024 21:17;5,97;53,88;1
0_TWK_19_S1_______.xls;19;S1;2,48;1,6;3,4;3,4;10.09.2024 21:17;5,97;53,88;1
0_TWK_19_S1_______.xls;19;S1;2,48;1,6;3,4;3,4;10.09.2024 21:17;5,97;53,88;1
0_TWK_19_S1_______.xls;19;S1;2,48;1,6;3,5;3,5;10.09.2024 21:17;5,97;53,88;1
0_TWK_19_S1_______.xls;19;S1;2,48;1,6;3,5;3,5;10.09.2024 21:17;5,97;53,88;1
0_TWK_19_S1_______.xls;19;S1;2,4;1,5;3,5;3,5;10.09.2024 21:17;5,97;53,88;1
0_TWK_19_S1_______.xls;19;S1;2,17;1,5;3,5;3,5;10.09.2024 21:17;5,97;53,88;1
0_TWK_19_S1_______.xls;19;S1;2,1;1,4;3,6;3,6;10.09.2024 21:17;5,97;53,88;1
0_TWK_19_S1_______.xls;19;S1;2,29;1,5;3,6;3,6;10.09.2024 21:17;5,97;53,88;1
0_TWK_19_S1_______.xls;19;S1;2,4;1,6;3,6;3,6;10.09.2024 21:17;5,97;53,88;1
0_TWK_19_S1_______.xls;19;S1;2,4;1,6;3,7;3,7;10.09.2024 21:17;5,97;53,88;1
0_TWK_19_S1_______.xls;19;S1;2,4;1,6;3,7;3,7;10.09.2024 21:18;5,97;53,88;1
0_TWK_19_S1_______.xls;19;S1;2,48;1,6;3,7;3,7;10.09.2024 21:18;5,97;53,88;1
0_TWK_19_S1_______.xls;19;S1;2,48;1,6;3,8;3,8;10.09.2024 21:18;5,97;53,88;1
0_TWK_19_S1_______.xls;19;S1;2,1;1,5;3,8;3,8;10.09.2024 21:18;5,97;53,88;1
0_TWK_19_S1_______.xls;19;S1;1,99;1,4;3,8;3,8;10.09.2024 21:18;5,97;53,88;1
0_TWK_19_S1_______.xls;19;S1;1,99;1,5;3,8;3,8;10.09.2024 21:18;5,97;53,88;1
0_TWK_19_S1_______.xls;19;S1;2,29;1,5;3,9;3,9;10.09.2024 21:18;5,97;53,88;1
0_TWK_19_S1_______.xls;19;S1;2,4;1,6;3,9;3,9;10.09.2024 21:18;5,97;53,88;1
0_TWK_19_S1_______.xls;19;S1;2,4;1,6;3,9;3,9;10.09.2024 21:18;5,97;53,88;1
0_TWK_19_S1_______.xls;19;S1;2,4;1,6;3,9;3,9;10.09.2024 21:18;5,97;53,88;1
0_TWK_19_S1_______.xls;19;S1;2,4;1,6;4;4;10.09.2024 21:18;5,97;53,88;1
0_TWK_19_S1_______.xls;19;S1;2,17;1,5;4;4;10.09.2024 21:18;5,97;53,88;1
0_TWK_19_S1_______.xls;19;S1;1,99;1,4;4;4;10.09.2024 21:18;5,97;53,88;1
0_TWK_19_S1_______.xls;19;S1;2,1;1,4;4;4;10.09.2024 21:18;5,97;53,88;1
0_TWK_19_S1_______.xls;19;S1;2,29;1,5;4,1;4,1;10.09.2024 21:18;5,97;53,88;1
0_TWK_19_S1_______.xls;19;S1;2,48;1,6;4,1;4,1;10.09.2024 21:18;5,97;53,88;1
0_TWK_19_S1_______.xls;19;S1;2,48;1,6;4,1;4,1;10.09.2024 21:18;5,97;53,88;1
0_TWK_19_S1_______.xls;19;S1;2,59;1,6;4,2;4,2;10.09.2024 21:18;5,97;53,88;1
0_TWK_19_S1_______.xls;19;S1;2,7;1,6;4,2;4,2;10.09.2024 21:18;5,97;53,88;1
0_TWK_19_S1_______.xls;19;S1;2,59;1,6;4,2;4,2;10.09.2024 21:18;5,97;53,88;1
0_TWK_19_S1_______.xls;19;S1;2,4;1,5;4,2;4,2;10.09.2024 21:18;5,97;53,88;1
0_TWK_19_S1_______.xls;19;S1;2,1;1,4;4,3;4,3;10.09.2024 21:18;5,97;53,88;1
0_TWK_19_S1_______.xls;19;S1;2,29;1,5;4,3;4,3;10.09.2024 21:18;5,97;53,88;1
0_TWK_19_S1_______.xls;19;S1;2,7;1,5;4,3;4,3;10.09.2024 21:18;5,97;53,88;1
0_TWK_19_S1_______.xls;19;S1;2,89;1,6;4,3;4,3;10.09.2024 21:18;5,97;53,88;1
0_TWK_19_S1_______.xls;19;S1;2,89;1,6;4,4;4,4;10.09.2024 21:18;5,97;53,88;1
0_TWK_19_S1_______.xls;19;S1;2,77;1,6;4,4;4,4;10.09.2024 21:18;5,97;53,88;1
0_TWK_19_S1_______.xls;19;S1;2,77;1,5;4,4;4,4;10.09.2024 21:18;5,97;53,88;1
0_TWK_19_S1_______.xls;19;S1;2,7;1,5;4,4;4,4;10.09.2024 21:18;5,97;53,88;1
0_TWK_19_S1_______.xls;19;S1;2,29;1,4;4,5;4,5;10.09.2024 21:18;5,97;53,88;1
0_TWK_19_S1_______.xls;19;S1;2,29;1,4;4,5;4,5;10.09.2024 21:18;5,97;53,88;1
0_TWK_19_S1_______.xls;19;S1;2,48;1,5;4,5;4,5;10.09.2024 21:18;5,97;53,88;1
0_TWK_19_S1_______.xls;19;S1;2,7;1,5;4,6;4,6;10.09.2024 21:18;5,97;53,88;1
0_TWK_19_S1_______.xls;19;S1;2,7;1,6;4,6;4,6;10.09.2024 21:18;5,97;53,88;1
0_TWK_19_S1_______.xls;19;S1;2,77;1,6;4,6;4,6;10.09.2024 21:18;5,97;53,88;1
0_TWK_19_S1_______.xls;19;S1;2,77;1,5;4,6;4,6;10.09.2024 21:18;5,97;53,88;1
0_TWK_19_S1_______.xls;19;S1;2,89;1,5;4,7;4,7;10.09.2024 21:18;5,97;53,88;1
0_TWK_19_S1_______.xls;19;S1;2,48;1,5;4,7;4,7;10.09.2024 21:18;5,97;53,88;1
0_TWK_19_S1_______.xls;19;S1;2,29;1,4;4,7;4,7;10.09.2024 21:18;5,97;53,88;1
0_TWK_19_S1_______.xls;19;S1;2,4;1,4;4,7;4,7;10.09.2024 21:18;5,97;53,88;1
0_TWK_19_S1_______.xls;19;S1;2,7;1,5;4,8;4,8;10.09.2024 21:18;5,97;53,88;1
0_TWK_19_S1_______.xls;19;S1;2,7;1,5;4,8;4,8;10.09.2024 21:18;5,97;53,88;1
0_TWK_19_S1_______.xls;19;S1;2,7;1,5;4,8;4,8;10.09.2024 21:18;5,97;53,88;1
0_TWK_19_S1_______.xls;19;S1;2,77;1,6;4,8;4,8;10.09.2024 21:18;5,97;53,88;1
0_TWK_19_S1_______.xls;19;S1;2,77;1,6;4,9;4,9;10.09.2024 21:18;5,97;53,88;1
0_TWK_19_S1_______.xls;19;S1;2,59;1,5;4,9;4,9;10.09.2024 21:18;5,97;53,88;1
0_TWK_19_S1_______.xls;19;S1;2,4;1,4;4,9;4,9;10.09.2024 21:18;5,97;53,88;1
0_TWK_19_S1_______.xls;19;S1;2,29;1,4;5;5;10.09.2024 21:18;5,97;53,88;1
0_TWK_19_S1_______.xls;19;S1;2,48;1,5;5;5;10.09.2024 21:18;5,97;53,88;1
0_TWK_19_S1_______.xls;19;S1;2,7;1,5;5;5;10.09.2024 21:18;5,97;53,88;1
0_TWK_19_S1_______.xls;19;S1;2,77;1,6;5;5;10.09.2024 21:18;5,97;53,88;1
0_TWK_19_S1_______.xls;19;S1;2,77;1,6;5,1;5,1;10.09.2024 21:18;5,97;53,88;1
0_TWK_19_S1_______.xls;19;S1;2,89;1,6;5,1;5,1;10.09.2024 21:18;5,97;53,88;1
0_TWK_19_S1_______.xls;19;S1;2,77;1,6;5,1;5,1;10.09.2024 21:18;5,97;53,88;1
0_TWK_19_S1_______.xls;19;S1;2,48;1,5;5,1;5,1;10.09.2024 21:18;5,97;53,88;1
0_TWK_19_S1_______.xls;19;S1;2,4;1,4;5,2;5,2;10.09.2024 21:18;5,97;53,88;1
0_TWK_19_S1_______.xls;19;S1;2,4;1,4;5,2;5,2;10.09.2024 21:18;5,97;53,88;1
0_TWK_19_S1_______.xls;19;S1;2,7;1,5;5,2;5,2;10.09.2024 21:18;5,97;53,88;1
0_TWK_19_S1_______.xls;19;S1;2,77;1,5;5,2;5,2;10.09.2024 21:18;5,97;53,88;1
0_TWK_19_S1_______.xls;19;S1;2,89;1,6;5,3;5,3;10.09.2024 21:18;5,97;53,88;1
0_TWK_19_S1_______.xls;19;S1;2,89;1,6;5,3;5,3;10.09.2024 21:19;5,97;53,88;1
0_TWK_19_S1_______.xls;19;S1;2,89;1,6;5,3;5,3;10.09.2024 21:19;5,97;53,88;1
0_TWK_19_S1_______.xls;19;S1;2,77;1,5;5,3;5,3;10.09.2024 21:19;5,97;53,88;1
0_TWK_19_S1_______.xls;19;S1;2,4;1,4;5,4;5,4;10.09.2024 21:19;5,97;53,88;1
0_TWK_19_S1_______.xls;19;S1;2,59;1,4;5,4;5,4;10.09.2024 21:19;5,97;53,88;1
0_TWK_19_S1_______.xls;19;S1;2,77;1,5;5,4;5,4;10.09.2024 21:19;5,97;53,88;1
0_TWK_19_S1_______.xls;19;S1;3,07;1,5;5,5;5,5;10.09.2024 21:19;5,97;53,88;1
0_TWK_19_S1_______.xls;19;S1;2,77;1,6;5,5;5,5;10.09.2024 21:19;5,97;53,88;1
0_TWK_19_S1_______.xls;19;S1;1,5;1;5,5;5,5;10.09.2024 21:19;5,97;53,88;1
0_TWK_19_S1_______.xls;19;S1;,98;,6;5,5;5,5;10.09.2024 21:19;5,97;53,88;1
0_TWK_19_S1_______.xls;19;S1;,79;,3;5,5;5,5;10.09.2024 21:19;5,97;53,88;1
0_TWK_19_S1_______.xls;19;S1;,67;0;5,5;5,5;10.09.2024 21:19;5,97;53,88;1
0_TWK_19_S1_______.xls;19;S1;,67;0;5,5;5,5;10.09.2024 21:19;5,97;53,88;1
0_TWK_19_S1_______.xls;19;S1;,6;0;5,5;5,5;10.09.2024 21:19;5,97;53,88;1
0_TWK_19_S1_______.xls;19;S1;,6;0;5,5;5,5;10.09.2024 21:19;5,97;53,88;1
0_TWK_19_S1_______.xls;19;S1;,6;0;5,5;5,5;10.09.2024 21:19;5,97;53,88;1
0_TWK_19_S1_______.xls;19;S1;,49;0;5,5;5,5;10.09.2024 21:19;5,97;53,88;1
0_TWK_19_S1_______.xls;19;S1;,49;0;5,5;5,5;10.09.2024 21:19;5,97;53,88;1
0_TWK_19_S1_______.xls;19;S1;,49;0;5,5;5,5;10.09.2024 21:19;5,97;53,88;1
0_TWK_19_S1_______.xls;19;S1;,49;0;5,5;5,5;10.09.2024 21:19;5,97;53,88;1
0_TWK_19_S1_______.xls;19;S1;,49;0;5,5;5,5;10.09.2024 21:19;5,97;53,88;1
0_TWK_19_S1_______.xls;19;S1;,67;0;5,5;5,5;10.09.2024 21:19;5,97;53,88;1
0_TWK_19_S1_______.xls;19;S1;1,09;,3;5,5;5,5;10.09.2024 21:19;5,97;53,88;1
0_TWK_19_S1_______.xls;19;S1;2,17;,7;5,5;5,5;10.09.2024 21:19;5,97;53,88;1
0_TWK_19_S1_______.xls;19;S1;2,48;1,1;5,6;5,6;10.09.2024 21:19;5,97;53,88;1
0_TWK_19_S1_______.xls;19;S1;2,7;1,2;5,6;5,6;10.09.2024 21:19;5,97;53,88;1
0_TWK_19_S1_______.xls;19;S1;2,29;1,2;5,6;5,6;10.09.2024 21:19;5,97;53,88;1
0_TWK_19_S1_______.xls;19;S1;2,29;1,2;5,6;5,6;10.09.2024 21:19;5,97;53,88;1
0_TWK_19_S1_______.xls;19;S1;2,4;1,2;5,6;5,6;10.09.2024 21:19;5,97;53,88;1
0_TWK_19_S1_______.xls;19;S1;2,48;1,3;5,7;5,7;10.09.2024 21:19;5,97;53,88;1
0_TWK_19_S1_______.xls;19;S1;2,48;1,3;5,7;5,7;10.09.2024 21:19;5,97;53,88;1
0_TWK_19_S1_______.xls;19;S1;2,59;1,3;5,7;5,7;10.09.2024 21:19;5,97;53,88;1
0_TWK_19_S1_______.xls;19;S1;2,59;1,3;5,7;5,7;10.09.2024 21:19;5,97;53,88;1
0_TWK_19_S1_______.xls;19;S1;2,59;1,3;5,8;5,8;10.09.2024 21:19;5,97;53,88;1
0_TWK_19_S1_______.xls;19;S1;2,59;1,3;5,8;5,8;10.09.2024 21:19;5,97;53,88;1
0_TWK_19_S1_______.xls;19;S1;2,4;1,2;5,8;5,8;10.09.2024 21:19;5,97;53,88;1
0_TWK_19_S1_______.xls;19;S1;1,99;1,2;5,8;5,8;10.09.2024 21:19;5,97;53,88;1
0_TWK_19_S1_______.xls;19;S1;2,1;1,1;5,8;5,8;10.09.2024 21:19;5,97;53,88;1
0_TWK_19_S1_______.xls;19;S1;2,4;1,2;5,9;5,9;10.09.2024 21:19;5,97;53,88;1
0_TWK_19_S1_______.xls;19;S1;2,48;1,3;5,9;5,9;10.09.2024 21:19;5,97;53,88;1
0_TWK_19_S1_______.xls;19;S1;2,48;1,3;5,9;5,9;10.09.2024 21:19;5,97;53,88;1
0_TWK_19_S1_______.xls;19;S1;2,59;1,3;5,9;5,9;10.09.2024 21:19;5,97;53,88;1
0_TWK_19_S1_______.xls;19;S1;2,59;1,3;6;6;10.09.2024 21:19;5,97;53,88;1
0_TWK_19_S1_______.xls;19;S1;2,48;1,3;6;6;10.09.2024 21:19;5,97;53,88;1
0_TWK_19_S1_______.xls;19;S1;2,59;1,3;6;6;10.09.2024 21:19;5,97;53,88;1
0_TWK_19_S1_______.xls;19;S1;2,48;1,2;6;6;10.09.2024 21:19;5,97;53,88;1
0_TWK_19_S1_______.xls;19;S1;1,99;1,2;6,1;6,1;10.09.2024 21:19;5,97;53,88;1
0_TWK_19_S1_______.xls;19;S1;1,99;1,2;6,1;6,1;10.09.2024 21:19;5,97;53,88;1
0_TWK_19_S1_______.xls;19;S1;2,29;1,2;6,1;6,1;10.09.2024 21:19;5,97;53,88;1
0_TWK_19_S1_______.xls;19;S1;2,4;1,3;6,1;6,1;10.09.2024 21:19;5,97;53,88;1
0_TWK_19_S1_______.xls;19;S1;2,48;1,3;6,1;6,1;10.09.2024 21:19;5,97;53,88;1
0_TWK_19_S1_______.xls;19;S1;2,48;1,3;6,2;6,2;10.09.2024 21:19;5,97;53,88;1
0_TWK_19_S1_______.xls;19;S1;2,59;1,3;6,2;6,2;10.09.2024 21:19;5,97;53,88;1
0_TWK_19_S1_______.xls;19;S1;2,59;1,3;6,2;6,2;10.09.2024 21:19;5,97;53,88;1
0_TWK_19_S1_______.xls;19;S1;2,59;1,3;6,2;6,2;10.09.2024 21:19;5,97;53,88;1
0_TWK_19_S1_______.xls;19;S1;2,48;1,3;6,2;6,2;10.09.2024 21:19;5,97;53,88;1
0_TWK_19_S1_______.xls;19;S1;1,99;1,2;6,3;6,3;10.09.2024 21:19;5,97;53,88;1
0_TWK_19_S1_______.xls;19;S1;1,88;1,2;6,3;6,3;10.09.2024 21:19;5,97;53,88;1
0_TWK_19_S1_______.xls;19;S1;2,29;1,2;6,3;6,3;10.09.2024 21:19;5,97;53,88;1
0_TWK_19_S1_______.xls;19;S1;2,4;1,2;6,3;6,3;10.09.2024 21:19;5,97;53,88;1
0_TWK_19_S1_______.xls;19;S1;2,48;1,3;6,4;6,4;10.09.2024 21:20;5,97;53,88;1
0_TWK_19_S1_______.xls;19;S1;2,59;1,3;6,4;6,4;10.09.2024 21:20;5,97;53,88;1
0_TWK_19_S1_______.xls;19;S1;2,59;1,3;6,4;6,4;10.09.2024 21:20;5,97;53,88;1
0_TWK_19_S1_______.xls;19;S1;2,59;1,3;6,4;6,4;10.09.2024 21:20;5,97;53,88;1
0_TWK_19_S1_______.xls;19;S1;2,59;1,3;6,5;6,5;10.09.2024 21:20;5,97;53,88;1
0_TWK_19_S1_______.xls;19;S1;2,48;1,2;6,5;6,5;10.09.2024 21:20;5,97;53,88;1
0_TWK_19_S1_______.xls;19;S1;2,1;1,1;6,5;6,5;10.09.2024 21:20;5,97;53,88;1
0_TWK_19_S1_______.xls;19;S1;2,17;1,1;6,5;6,5;10.09.2024 21:20;5,97;53,88;1
0_TWK_19_S1_______.xls;19;S1;2,4;1,2;6,5;6,5;10.09.2024 21:20;5,97;53,88;1
0_TWK_19_S1_______.xls;19;S1;2,48;1,2;6,6;6,6;10.09.2024 21:20;5,97;53,88;1
0_TWK_19_S1_______.xls;19;S1;2,59;1,3;6,6;6,6;10.09.2024 21:20;5,97;53,88;1
0_TWK_19_S1_______.xls;19;S1;2,7;1,3;6,6;6,6;10.09.2024 21:20;5,97;53,88;1
0_TWK_19_S1_______.xls;19;S1;2,7;1,3;6,6;6,6;10.09.2024 21:20;5,97;53,88;1
0_TWK_19_S1_______.xls;19;S1;2,7;1,3;6,7;6,7;10.09.2024 21:20;5,97;53,88;1
0_TWK_19_S1_______.xls;19;S1;2,59;1,3;6,7;6,7;10.09.2024 21:20;5,97;53,88;1
0_TWK_19_S1_______.xls;19;S1;2,48;1,2;6,7;6,7;10.09.2024 21:20;5,97;53,88;1
0_TWK_19_S1_______.xls;19;S1;2,17;1,1;6,7;6,7;10.09.2024 21:20;5,97;53,88;1
0_TWK_19_S1_______.xls;19;S1;2,1;1,1;6,7;6,7;10.09.2024 21:20;5,97;53,88;1
0_TWK_19_S1_______.xls;19;S1;2,29;1,2;6,8;6,8;10.09.2024 21:20;5,97;53,88;1
0_TWK_19_S1_______.xls;19;S1;2,4;1,2;6,8;6,8;10.09.2024 21:20;5,97;53,88;1
0_TWK_19_S1_______.xls;19;S1;2,48;1,3;6,8;6,8;10.09.2024 21:20;5,97;53,88;1
0_TWK_19_S1_______.xls;19;S1;2,48;1,3;6,8;6,8;10.09.2024 21:20;5,97;53,88;1
0_TWK_19_S1_______.xls;19;S1;2,48;1,3;6,9;6,9;10.09.2024 21:20;5,97;53,88;1
0_TWK_19_S1_______.xls;19;S1;2,59;1,3;6,9;6,9;10.09.2024 21:20;5,97;53,88;1
0_TWK_19_S1_______.xls;19;S1;2,59;1,3;6,9;6,9;10.09.2024 21:20;5,97;53,88;1
0_TWK_19_S1_______.xls;19;S1;2,48;1,2;6,9;6,9;10.09.2024 21:20;5,97;53,88;1
0_TWK_19_S1_______.xls;19;S1;2,17;1,2;6,9;6,9;10.09.2024 21:20;5,97;53,88;1
0_TWK_19_S1_______.xls;19;S1;2,1;1,1;7;7;10.09.2024 21:20;5,97;53,88;1
0_TWK_19_S1_______.xls;19;S1;2,29;1,2;7;7;10.09.2024 21:20;5,97;53,88;1
0_TWK_19_S1_______.xls;19;S1;2,48;1,2;7;7;10.09.2024 21:20;5,97;53,88;1
0_TWK_19_S1_______.xls;19;S1;2,59;1,3;7;7;10.09.2024 21:20;5,97;53,88;1
0_TWK_19_S1_______.xls;19;S1;2,59;1,3;7,1;7,1;10.09.2024 21:20;5,97;53,88;1
0_TWK_19_S1_______.xls;19;S1;2,7;1,3;7,1;7,1;10.09.2024 21:20;5,97;53,88;1
0_TWK_19_S1_______.xls;19;S1;2,7;1,3;7,1;7,1;10.09.2024 21:20;5,97;53,88;1
0_TWK_19_S1_______.xls;19;S1;2,7;1,3;7,1;7,1;10.09.2024 21:20;5,97;53,88;1
0_TWK_19_S1_______.xls;19;S1;2,59;1,2;7,1;7,1;10.09.2024 21:20;5,97;53,88;1
0_TWK_19_S1_______.xls;19;S1;2,29;1,1;7,2;7,2;10.09.2024 21:20;5,97;53,88;1
0_TWK_19_S1_______.xls;19;S1;2,29;1,1;7,2;7,2;10.09.2024 21:20;5,97;53,88;1
0_TWK_19_S1_______.xls;19;S1;2,48;1,2;7,2;7,2;10.09.2024 21:20;5,97;53,88;1
0_TWK_19_S1_______.xls;19;S1;2,77;1,2;7,2;7,2;10.09.2024 21:20;5,97;53,88;1
0_TWK_19_S1_______.xls;19;S1;3,07;1,3;7,3;7,3;10.09.2024 21:20;5,97;53,88;1
0_TWK_19_S1_______.xls;19;S1;3;1,2;7,3;7,3;10.09.2024 21:20;5,97;53,88;1
0_TWK_19_S1_______.xls;19;S1;1,88;,8;7,3;7,3;10.09.2024 21:20;5,97;53,88;1
0_TWK_19_S1_______.xls;19;S1;,79;,4;7,3;7,3;10.09.2024 21:20;5,97;53,88;1
0_TWK_19_S1_______.xls;19;S1;,6;0;7,3;7,3;10.09.2024 21:20;5,97;53,88;1
0_TWK_19_S1_______.xls;19;S1;,38;0;7,3;7,3;10.09.2024 21:20;5,97;53,88;1
0_TWK_19_S1_______.xls;19;S1;,38;0;7,3;7,3;10.09.2024 21:20;5,97;53,88;1
0_TWK_19_S1_______.xls;19;S1;,38;0;7,3;7,3;10.09.2024 21:20;5,97;53,88;1
0_TWK_19_S1_______.xls;19;S1;,38;0;7,3;7,3;10.09.2024 21:20;5,97;53,88;1
0_TWK_19_S1_______.xls;19;S1;,38;0;7,3;7,3;10.09.2024 21:20;5,97;53,88;1
0_TWK_19_S1_______.xls;19;S1;,3;0;7,3;7,3;10.09.2024 21:20;5,97;53,88;1
0_TWK_19_S1_______.xls;19;S1;,3;0;7,3;7,3;10.09.2024 21:20;5,97;53,88;1
0_TWK_19_S1_______.xls;19;S1;,3;0;7,3;7,3;10.09.2024 21:20;5,97;53,88;1
0_TWK_19_S1_______.xls;19;S1;,3;0;7,3;7,3;10.09.2024 21:20;5,97;53,88;1
0_TWK_19_S1_______.xls;19;S1;,3;0;7,3;7,3;10.09.2024 21:20;5,97;53,88;1
0_TWK_19_S1_______.xls;19;S1;,3;0;7,3;7,3;10.09.2024 21:20;5,97;53,88;1
0_TWK_19_S1_______.xls;19;S1;,3;0;7,3;7,3;10.09.2024 21:20;5,97;53,88;1
0_TWK_19_S1_______.xls;19;S1;,19;0;7,3;7,3;10.09.2024 21:20;5,97;53,88;1
0_TWK_19_S1_______.xls;19;S1;,19;0;7,3;7,3;10.09.2024 21:20;5,97;53,88;1
0_TWK_19_S1_______.xls;19;S1;,19;0;7,3;7,3;10.09.2024 21:20;5,97;53,88;1
0_TWK_19_S1_______.xls;19;S1;,19;0;7,3;7,3;10.09.2024 21:21;5,97;53,88;1
0_TWK_19_S1_______.xls;19;S1;,19;0;7,3;7,3;10.09.2024 21:21;5,97;53,88;1
0_TWK_19_S1_______.xls;19;S1;,19;0;7,3;7,3;10.09.2024 21:21;5,97;53,88;1
0_TWK_19_S1_______.xls;19;S1;,19;0;7,3;7,3;10.09.2024 21:21;5,97;53,88;1
0_TWK_19_S1_______.xls;19;S1;,19;0;7,3;7,3;10.09.2024 21:21;5,97;53,88;1
0_TWK_19_S1_______.xls;19;S1;,07;0;7,3;7,3;10.09.2024 21:21;5,97;53,88;1
0_TWK_19_S1_______.xls;19;S1;,07;0;7,3;7,3;10.09.2024 21:21;5,97;53,88;1
0_TWK_19_S1_______.xls;19;S1;,07;0;7,3;7,3;10.09.2024 21:21;5,97;53,88;1
0_TWK_19_S1_______.xls;19;S1;,07;0;7,3;7,3;10.09.2024 21:21;5,97;53,88;1
0_TWK_19_S1_______.xls;19;S1;,07;0;7,3;7,3;10.09.2024 21:21;5,97;53,88;1
0_TWK_19_S1_______.xls;19;S1;,07;0;7,3;7,3;10.09.2024 21:21;5,97;53,88;1
0_TWK_19_S1_______.xls;19;S1;,07;0;7,3;7,3;10.09.2024 21:21;5,97;53,88;1
0_TWK_19_S1_______.xls;19;S1;,07;0;7,3;7,3;10.09.2024 21:21;5,97;53,88;1
0_TWK_19_S1_______.xls;19;S1;,07;0;7,3;7,3;10.09.2024 21:21;5,97;53,88;1
0_TWK_19_S1_______.xls;19;S1;,07;0;7,3;7,3;10.09.2024 21:21;5,97;53,88;1
0_TWK_19_S1_______.xls;19;S1;,07;0;7,3;7,3;10.09.2024 21:21;5,97;53,88;1
0_TWK_19_S1_______.xls;19;S1;,07;0;7,3;7,3;10.09.2024 21:21;5,97;53,88;1
0_TWK_19_S1_______.xls;19;S1;,07;0;7,3;7,3;10.09.2024 21:21;5,97;53,88;1
0_TWK_19_S1_______.xls;19;S1;,07;0;7,3;7,3;10.09.2024 21:21;5,97;53,88;1
0_TWK_19_S1_______.xls;19;S1;,07;0;7,3;7,3;10.09.2024 21:21;5,97;53,88;1
0_TWK_19_S1_______.xls;19;S1;,07;0;7,3;7,3;10.09.2024 21:21;5,97;53,88;1
0_TWK_19_S1_______.xls;19;S1;,07;0;7,3;7,3;10.09.2024 21:21;5,97;53,88;1
0_TWK_19_S1_______.xls;19;S1;,07;0;7,3;7,3;10.09.2024 21:21;5,97;53,88;1
0_TWK_19_S1_______.xls;19;S1;0;0;7,3;7,3;10.09.2024 21:21;5,97;53,88;1
0_TWK_19_S1_______.xls;19;S1;0;0;7,3;7,3;10.09.2024 21:21;5,97;53,88;1
0_TWK_19_S1_______.xls;19;S1;0;0;7,3;7,3;10.09.2024 21:21;5,97;53,88;1
0_TWK_19_S1_______.xls;19;S1;0;0;7,3;7,3;10.09.2024 21:21;5,97;53,88;1
0_TWK_19_S1_______.xls;19;S1;0;0;7,3;7,3;10.09.2024 21:21;5,97;53,88;1
0_TWK_19_S1_______.xls;19;S1;0;0;7,3;7,3;10.09.2024 21:21;5,97;53,88;1
0_TWK_19_S1_______.xls;19;S1;0;0;7,3;7,3;10.09.2024 21:21;5,97;53,88;1
0_TWK_19_S1_______.xls;19;S1;0;0;7,3;7,3;10.09.2024 21:21;5,97;53,88;1
0_TWK_19_S1_______.xls;19;S1;0;0;7,3;7,3;10.09.2024 21:21;5,97;53,88;1
0_TWK_19_S1_______.xls;19;S1;0;0;7,3;7,3;10.09.2024 21:21;5,97;53,88;1
0_TWK_19_S1_______.xls;19;S1;0;0;7,3;7,3;10.09.2024 21:21;5,97;53,88;1
0_TWK_19_S1_______.xls;19;S1;0;0;7,3;7,3;10.09.2024 21:21;5,97;53,88;1
0_TWK_19_S1_______.xls;19;S1;0;0;7,3;7,3;10.09.2024 21:21;5,97;53,88;1
0_TWK_19_S1_______.xls;19;S1;0;0;7,3;7,3;10.09.2024 21:21;5,97;53,88;1
0_TWK_19_S1_______.xls;19;S1;0;0;7,3;7,3;10.09.2024 21:21;5,97;53,88;1
0_TWK_19_S1_______.xls;19;S1;0;0;7,3;7,3;10.09.2024 21:21;5,97;53,88;1
0_TWK_19_S1_______.xls;19;S1;0;0;7,3;7,3;10.09.2024 21:21;5,97;53,88;1
0_TWK_19_S1_______.xls;19;S1;0;0;7,3;7,3;10.09.2024 21:21;5,97;53,88;1
0_TWK_19_S1_______.xls;19;S1;0;0;7,3;7,3;10.09.2024 21:21;5,97;53,88;1
0_TWK_19_S1_______.xls;19;S1;0;0;7,3;7,3;10.09.2024 21:21;5,97;53,88;1
0_TWK_19_S1_______.xls;19;S1;0;0;7,3;7,3;10.09.2024 21:21;5,97;53,88;1
0_TWK_19_S1_______.xls;19;S1;0;0;7,3;7,3;10.09.2024 21:21;5,97;53,88;1
0_TWK_19_S1_______.xls;19;S1;,07;0;7,3;7,3;10.09.2024 21:21;5,97;53,88;1
0_TWK_19_S1_______.xls;19;S1;,6;,3;7,3;7,3;10.09.2024 21:21;5,97;53,88;1
0_TWK_19_S1_______.xls;19;S1;,98;,5;7,3;7,3;10.09.2024 21:21;5,97;53,88;1
0_TWK_19_S1_______.xls;19;S1;2,89;,8;7,3;7,3;10.09.2024 21:21;5,97;53,88;1
0_TWK_19_S1_______.xls;19;S1;3,19;,8;7,3;7,3;10.09.2024 21:21;5,97;53,88;1
0_TWK_19_S1_______.xls;19;S1;2,17;,6;7,3;7,3;10.09.2024 21:21;5,97;53,88;1
0_TWK_19_S1_______.xls;19;S1;1,2;,3;7,3;7,3;10.09.2024 21:21;5,97;53,88;1
0_TWK_19_S1_______.xls;19;S1;,49;0;7,3;7,3;10.09.2024 21:21;5,97;53,88;1
0_TWK_19_S1_______.xls;19;S1;,49;0;7,3;7,3;10.09.2024 21:21;5,97;53,88;1
0_TWK_19_S1_______.xls;19;S1;,49;0;7,3;7,3;10.09.2024 21:21;5,97;53,88;1
0_TWK_19_S1_______.xls;19;S1;,49;0;7,3;7,3;10.09.2024 21:21;5,97;53,88;1
0_TWK_19_S1_______.xls;19;S1;,38;0;7,3;7,3;10.09.2024 21:21;5,97;53,88;1
0_TWK_19_S1_______.xls;19;S1;,38;0;7,3;7,3;10.09.2024 21:21;5,97;53,88;1
0_TWK_19_S1_______.xls;19;S1;,38;0;7,3;7,3;10.09.2024 21:21;5,97;53,88;1
0_TWK_19_S1_______.xls;19;S1;,38;0;7,3;7,3;10.09.2024 21:21;5,97;53,88;1
0_TWK_19_S1_______.xls;19;S1;,38;0;7,3;7,3;10.09.2024 21:22;5,97;53,88;1
0_TWK_19_S1_______.xls;19;S1;,49;,1;7,4;7,4;10.09.2024 21:22;5,97;53,88;1
0_TWK_19_S1_______.xls;19;S1;1,09;,2;7,4;7,4;10.09.2024 21:22;5,97;53,88;1
0_TWK_19_S1_______.xls;19;S1;1,27;,6;7,4;7,4;10.09.2024 21:22;5,97;53,88;1
0_TWK_19_S1_______.xls;19;S1;1,8;,7;7,4;7,4;10.09.2024 21:22;5,97;53,88;1
0_TWK_19_S1_______.xls;19;S1;2,1;,8;7,4;7,4;10.09.2024 21:22;5,97;53,88;1
0_TWK_19_S1_______.xls;19;S1;2,17;,9;7,4;7,4;10.09.2024 21:22;5,97;53,88;1
0_TWK_19_S1_______.xls;19;S1;2,4;,9;7,4;7,4;10.09.2024 21:22;5,97;53,88;1
0_TWK_19_S1_______.xls;19;S1;2,59;,9;7,5;7,5;10.09.2024 21:22;5,97;53,88;1
0_TWK_19_S1_______.xls;19;S1;2,7;,9;7,5;7,5;10.09.2024 21:22;5,97;53,88;1
0_TWK_19_S1_______.xls;19;S1;2,7;,9;7,5;7,5;10.09.2024 21:22;5,97;53,88;1
0_TWK_19_S1_______.xls;19;S1;2,7;,9;7,5;7,5;10.09.2024 21:22;5,97;53,88;1
0_TWK_19_S1_______.xls;19;S1;2,7;,9;7,5;7,5;10.09.2024 21:22;5,97;53,88;1
0_TWK_19_S1_______.xls;19;S1;2,7;,9;7,5;7,5;10.09.2024 21:22;5,97;53,88;1
0_TWK_19_S1_______.xls;19;S1;2,89;,9;7,6;7,6;10.09.2024 21:22;5,97;53,88;1
0_TWK_19_S1_______.xls;19;S1;2,89;,9;7,6;7,6;10.09.2024 21:22;5,97;53,88;1
0_TWK_19_S1_______.xls;19;S1;2,4;,8;7,6;7,6;10.09.2024 21:22;5,97;53,88;1
0_TWK_19_S1_______.xls;19;S1;2,17;,8;7,6;7,6;10.09.2024 21:22;5,97;53,88;1
0_TWK_19_S1_______.xls;19;S1;2,17;,8;7,6;7,6;10.09.2024 21:22;5,97;53,88;1
0_TWK_19_S1_______.xls;19;S1;2,7;,8;7,6;7,6;10.09.2024 21:22;5,97;53,88;1
0_TWK_19_S1_______.xls;19;S1;2,77;,9;7,7;7,7;10.09.2024 21:22;5,97;53,88;1
0_TWK_19_S1_______.xls;19;S1;2,89;,9;7,7;7,7;10.09.2024 21:22;5,97;53,88;1
0_TWK_19_S1_______.xls;19;S1;3;,9;7,7;7,7;10.09.2024 21:22;5,97;53,88;1
0_TWK_19_S1_______.xls;19;S1;3,07;,9;7,7;7,7;10.09.2024 21:22;5,97;53,88;1
0_TWK_19_S1_______.xls;19;S1;2,89;,8;7,7;7,7;10.09.2024 21:22;5,97;53,88;1
0_TWK_19_S1_______.xls;19;S1;1,69;,7;7,7;7,7;10.09.2024 21:22;5,97;53,88;1
0_TWK_19_S1_______.xls;19;S1;1,2;,2;7,7;7,7;10.09.2024 21:22;5,97;53,88;1
0_TWK_19_S1_______.xls;19;S1;,98;0;7,7;7,7;10.09.2024 21:22;5,97;53,88;1
0_TWK_19_S1_______.xls;19;S1;,9;0;7,7;7,7;10.09.2024 21:22;5,97;53,88;1
0_TWK_19_S1_______.xls;19;S1;,9;0;7,7;7,7;10.09.2024 21:22;5,97;53,88;1
0_TWK_19_S1_______.xls;19;S1;,79;0;7,7;7,7;10.09.2024 21:22;5,97;53,88;1
0_TWK_19_S1_______.xls;19;S1;,79;0;7,7;7,7;10.09.2024 21:22;5,97;53,88;1
0_TWK_19_S1_______.xls;19;S1;,67;0;7,7;7,7;10.09.2024 21:22;5,97;53,88;1
0_TWK_19_S1_______.xls;19;S1;,67;0;7,7;7,7;10.09.2024 21:22;5,97;53,88;1
0_TWK_19_S1_______.xls;19;S1;,6;0;7,7;7,7;10.09.2024 21:22;5,97;53,88;1
0_TWK_19_S1_______.xls;19;S1;,6;0;7,7;7,7;10.09.2024 21:22;5,97;53,88;1
0_TWK_19_S1_______.xls;19;S1;,49;0;7,7;7,7;10.09.2024 21:22;5,97;53,88;1
0_TWK_19_S1_______.xls;19;S1;,49;0;7,7;7,7;10.09.2024 21:22;5,97;53,88;1
0_TWK_19_S1_______.xls;19;S1;,49;0;7,7;7,7;10.09.2024 21:22;5,97;53,88;1
0_TWK_19_S1_______.xls;19;S1;,49;0;7,7;7,7;10.09.2024 21:22;5,97;53,88;1
0_TWK_19_S1_______.xls;19;S1;,38;0;7,7;7,7;10.09.2024 21:22;5,97;53,88;1
0_TWK_19_S1_______.xls;19;S1;,38;0;7,7;7,7;10.09.2024 21:22;5,97;53,88;1
0_TWK_19_S1_______.xls;19;S1;,38;0;7,7;7,7;10.09.2024 21:22;5,97;53,88;1
0_TWK_19_S1_______.xls;19;S1;,3;0;7,7;7,7;10.09.2024 21:22;5,97;53,88;1
0_TWK_19_S1_______.xls;19;S1;,3;0;7,7;7,7;10.09.2024 21:22;5,97;53,88;1
0_TWK_19_S1_______.xls;19;S1;,3;0;7,7;7,7;10.09.2024 21:22;5,97;53,88;1
0_TWK_19_S1_______.xls;19;S1;,3;0;7,7;7,7;10.09.2024 21:22;5,97;53,88;1
0_TWK_19_S1_______.xls;19;S1;,3;0;7,7;7,7;10.09.2024 21:22;5,97;53,88;1
0_TWK_19_S1_______.xls;19;S1;,3;0;7,7;7,7;10.09.2024 21:22;5,97;53,88;1
0_TWK_19_S1_______.xls;19;S1;,3;0;7,7;7,7;10.09.2024 21:22;5,97;53,88;1
0_TWK_19_S1_______.xls;19;S1;1,09;,1;7,7;7,7;10.09.2024 21:22;5,97;53,88;1
0_TWK_19_S1_______.xls;19;S1;4,99;,5;7,8;7,8;10.09.2024 21:22;5,97;53,88;1
0_TWK_19_S1_______.xls;19;S1;12,19;1,6;7,8;7,8;10.09.2024 21:22;5,97;53,88;1
0_TWK_19_S1_______.xls;19;S1;8,7;1;7,8;7,8;10.09.2024 21:22;5,97;53,88;1
0_TWK_19_S1_______.xls;19;S1;6,98;,5;7,8;7,8;10.09.2024 21:22;5,97;53,88;1
0_TWK_19_S1_______.xls;19;S1;4,99;,1;7,8;7,8;10.09.2024 21:22;5,97;53,88;1
0_TWK_19_S1_______.xls;19;S1;4,27;0;7,8;7,8;10.09.2024 21:22;5,97;53,88;1
0_TWK_19_S1_______.xls;19;S1;3,38;0;7,8;7,8;10.09.2024 21:22;5,97;53,88;1
0_TWK_19_S1_______.xls;19;S1;3;0;7,8;7,8;10.09.2024 21:22;5,97;53,88;1
0_TWK_19_S1_______.xls;19;S1;2,48;0;7,8;7,8;10.09.2024 21:22;5,97;53,88;1
0_TWK_19_S1_______.xls;19;S1;2,29;0;7,8;7,8;10.09.2024 21:23;5,97;53,88;1
0_TWK_19_S1_______.xls;19;S1;1,88;0;7,8;7,8;10.09.2024 21:23;5,97;53,88;1
0_TWK_19_S1_______.xls;19;S1;1,69;0;7,8;7,8;10.09.2024 21:23;5,97;53,88;1
0_TWK_19_S1_______.xls;19;S1;1,5;0;7,8;7,8;10.09.2024 21:23;5,97;53,88;1
0_TWK_19_S1_______.xls;19;S1;1,39;0;7,8;7,8;10.09.2024 21:23;5,97;53,88;1
0_TWK_19_S3_______.xls;19;S3;0;0;264,8;0;10.09.2024 23:15;4,55;26,13;1
0_TWK_19_S3_______.xls;19;S3;,9;2;,2;,2;10.09.2024 23:15;4,55;26,13;1
0_TWK_19_S3_______.xls;19;S3;,98;5,1;1,1;1,1;10.09.2024 23:15;4,55;26,13;1
0_TWK_19_S3_______.xls;19;S3;,98;5,2;2,1;2,1;10.09.2024 23:15;4,55;26,13;1
0_TWK_19_S3_______.xls;19;S3;,98;5,3;3,2;3,2;10.09.2024 23:16;4,55;26,13;1
0_TWK_19_S3_______.xls;19;S3;,98;5,3;4,3;4,3;10.09.2024 23:16;4,55;26,13;1
0_TWK_19_S3_______.xls;19;S3;1,09;5,4;5,4;5,4;10.09.2024 23:16;4,55;26,13;1
0_TWK_19_S3_______.xls;19;S3;1,09;5,4;6,5;6,5;10.09.2024 23:16;4,55;26,13;1
0_TWK_19_S3_______.xls;19;S3;1,57;5,4;7,6;7,6;10.09.2024 23:16;4,55;26,13;1
0_TWK_19_S3_______.xls;19;S3;1,5;5,4;8,7;8,7;10.09.2024 23:17;4,55;26,13;1
0_TWK_19_S3_______.xls;19;S3;1,09;5,4;9,8;9,8;10.09.2024 23:17;4,55;26,13;1
0_TWK_19_S3_______.xls;19;S3;1,2;5,4;10,9;10,9;10.09.2024 23:17;4,55;26,13;1
0_TWK_19_S3_______.xls;19;S3;1,39;5,4;12;12;10.09.2024 23:17;4,55;26,13;1
0_TWK_19_S3_______.xls;19;S3;1,39;5,4;13,1;13,1;10.09.2024 23:17;4,55;26,13;1
0_TWK_19_S3_______.xls;19;S3;1,5;5,5;14,2;14,2;10.09.2024 23:18;4,55;26,13;1
0_TWK_19_S3_______.xls;19;S3;1,57;5,5;15,4;15,4;10.09.2024 23:18;4,55;26,13;1
0_TWK_19_S3_______.xls;19;S3;1,8;5,5;16,5;16,5;10.09.2024 23:18;4,55;26,13;1
0_TWK_19_S3_______.xls;19;S3;1,8;5,5;17,6;17,6;10.09.2024 23:18;4,55;26,13;1
0_TWK_19_S3_______.xls;19;S3;1,8;4,9;18,7;18,7;10.09.2024 23:18;4,55;26,13;1
0_TWK_19_S3_______.xls;19;S3;,38;0;18,9;18,9;10.09.2024 23:19;4,55;26,13;1
0_TWK_19_S3_______.xls;19;S3;,19;0;18,9;18,9;10.09.2024 23:19;4,55;26,13;1
0_TWK_19_S3_______.xls;19;S3;,19;0;18,9;18,9;10.09.2024 23:19;4,55;26,13;1
0_TWK_19_S3_______.xls;19;S3;,07;0;18,9;18,9;10.09.2024 23:19;4,55;26,13;1
0_TWK_19_S3_______.xls;19;S3;0;0;18,9;18,9;10.09.2024 23:19;4,55;26,13;1
0_TWK_19_S3_______.xls;19;S3;,07;0;18,9;18,9;10.09.2024 23:20;4,55;26,13;1
0_TWK_19_S3_______.xls;19;S3;,07;0;18,9;18,9;10.09.2024 23:20;4,55;26,13;1
0_TWK_19_S3_______.xls;19;S3;,07;0;18,9;18,9;10.09.2024 23:20;4,55;26,13;1
0_TWK_19_S3_______.xls;19;S3;,07;0;18,9;18,9;10.09.2024 23:20;4,55;26,13;1
0_TWK_19_S3_______.xls;19;S3;,07;0;18,9;18,9;10.09.2024 23:20;4,55;26,13;1
0_TWK_19_S3_______.xls;19;S3;0;0;18,9;18,9;10.09.2024 23:21;4,55;26,13;1
0_TWK_19_S3_______.xls;19;S3;0;0;18,9;18,9;10.09.2024 23:21;4,55;26,13;1
0_TWK_19_S3_______.xls;19;S3;0;0;18,9;18,9;10.09.2024 23:21;4,55;26,13;1
0_TWK_19_S3_______.xls;19;S3;0;0;18,9;18,9;10.09.2024 23:21;4,55;26,13;1
0_TWK_19_S3_______.xls;19;S3;0;0;18,9;18,9;10.09.2024 23:21;4,55;26,13;1
0_TWK_19_S3_______.xls;19;S3;0;0;18,9;18,9;10.09.2024 23:22;4,55;26,13;1
0_TWK_19_S3_______.xls;19;S3;0;0;18,9;18,9;10.09.2024 23:22;4,55;26,13;1
0_TWK_19_S3_______.xls;19;S3;0;0;18,9;18,9;10.09.2024 23:22;4,55;26,13;1
0_TWK_19_S3_______.xls;19;S3;0;0;18,9;18,9;10.09.2024 23:22;4,55;26,13;1
0_TWK_19_S3_______.xls;19;S3;0;0;18,9;18,9;10.09.2024 23:22;4,55;26,13;1
0_TWK_19_S3_______.xls;19;S3;0;0;18,9;18,9;10.09.2024 23:23;4,55;26,13;1
0_TWK_19_S3_______.xls;19;S3;0;0;18,9;18,9;10.09.2024 23:23;4,55;26,13;1
0_TWK_19_S3_______.xls;19;S3;0;0;18,9;18,9;10.09.2024 23:23;4,55;26,13;1
0_TWK_19_S3_______.xls;19;S3;0;0;18,9;18,9;10.09.2024 23:23;4,55;26,13;1
0_TWK_19_S3_______.xls;19;S3;0;0;18,9;18,9;10.09.2024 23:23;4,55;26,13;1
0_TWK_19_S3_______.xls;19;S3;0;0;18,9;18,9;10.09.2024 23:24;4,55;26,13;1
0_TWK_19_S3_______.xls;19;S3;0;0;18,9;18,9;10.09.2024 23:24;4,55;26,13;1
0_TWK_19_S3_______.xls;19;S3;0;0;18,9;18,9;10.09.2024 23:24;4,55;26,13;1
0_TWK_19_S3_______.xls;19;S3;0;0;18,9;18,9;10.09.2024 23:24;4,55;26,13;1
0_TWK_19_S3_______.xls;19;S3;,07;0;18,9;18,9;10.09.2024 23:24;4,55;26,13;1
0_TWK_19_S3_______.xls;19;S3;,07;0;18,9;18,9;10.09.2024 23:25;4,55;26,13;1
0_TWK_19_S3_______.xls;19;S3;,07;0;18,9;18,9;10.09.2024 23:25;4,55;26,13;1
0_TWK_19_S3_______.xls;19;S3;,07;0;18,9;18,9;10.09.2024 23:25;4,55;26,13;1
0_TWK_19_S3_______.xls;19;S3;,07;0;18,9;18,9;10.09.2024 23:25;4,55;26,13;1
0_TWK_19_S3_______.xls;19;S3;,07;0;18,9;18,9;10.09.2024 23:25;4,55;26,13;1
0_TWK_19_S3_______.xls;19;S3;,07;0;18,9;18,9;10.09.2024 23:26;4,55;26,13;1
0_TWK_19_S3_______.xls;19;S3;1,88;3,2;19,3;19,3;10.09.2024 23:26;4,55;26,13;1
0_TWK_19_S3_______.xls;19;S3;2,1;3,6;20,1;20,1;10.09.2024 23:26;4,55;26,13;1
0_TWK_19_S3_______.xls;19;S3;2,29;3,5;20,8;20,8;10.09.2024 23:26;4,55;26,13;1
0_TWK_19_S3_______.xls;19;S3;2,4;3,5;21,5;21,5;10.09.2024 23:26;4,55;26,13;1
0_TWK_19_S3_______.xls;19;S3;2,48;3,4;22,2;22,2;10.09.2024 23:27;4,55;26,13;1
0_TWK_19_S3_______.xls;19;S3;2,48;2,9;22,8;22,8;10.09.2024 23:27;4,55;26,13;1
0_TWK_19_S3_______.xls;19;S3;2,48;2,8;23,4;23,4;10.09.2024 23:27;4,55;26,13;1
0_TWK_19_S3_______.xls;19;S3;2,48;2,8;24;24;10.09.2024 23:27;4,55;26,13;1
0_TWK_19_S3_______.xls;19;S3;2,48;2,8;24,6;24,6;10.09.2024 23:27;4,55;26,13;1
0_TWK_19_S3_______.xls;19;S3;2,48;2,7;25,1;25,1;10.09.2024 23:28;4,55;26,13;1
0_TWK_19_S3_______.xls;19;S3;2,48;2,6;25,7;25,7;10.09.2024 23:28;4,55;26,13;1
0_TWK_19_S3_______.xls;19;S3;2,59;2,7;26,2;26,2;10.09.2024 23:28;4,55;26,13;1
0_TWK_19_S3_______.xls;19;S3;2,59;2,6;26,8;26,8;10.09.2024 23:28;4,55;26,13;1
0_TWK_19_S3_______.xls;19;S3;2,59;2,6;27,3;27,3;10.09.2024 23:28;4,55;26,13;1
0_TWK_19_S3_______.xls;19;S3;2,59;2,6;27,9;27,9;10.09.2024 23:29;4,55;26,13;1
0_TWK_19_S3_______.xls;19;S3;2,59;2,6;28,4;28,4;10.09.2024 23:29;4,55;26,13;1
0_TWK_19_S3_______.xls;19;S3;2,59;2,6;28,9;28,9;10.09.2024 23:29;4,55;26,13;1
0_TWK_19_S3_______.xls;19;S3;2,59;2,6;29,5;29,5;10.09.2024 23:29;4,55;26,13;1
0_TWK_19_S3_______.xls;19;S3;2,59;2,5;30;30;10.09.2024 23:29;4,55;26,13;1
0_TWK_19_S3_______.xls;19;S3;2,59;2,5;30,5;30,5;10.09.2024 23:30;4,55;26,13;1
0_TWK_19_S3_______.xls;19;S3;2,59;2,6;31;31;10.09.2024 23:30;4,55;26,13;1
0_TWK_19_S3_______.xls;19;S3;2,59;2,6;31,6;31,6;10.09.2024 23:30;4,55;26,13;1
0_TWK_19_S3_______.xls;19;S3;2,59;2,6;32,1;32,1;10.09.2024 23:30;4,55;26,13;1
0_TWK_19_S3_______.xls;19;S3;2,7;2,7;32,7;32,7;10.09.2024 23:30;4,55;26,13;1
0_TWK_19_S3_______.xls;19;S3;2,7;2,6;33,2;33,2;10.09.2024 23:31;4,55;26,13;1
0_TWK_19_S3_______.xls;19;S3;2,59;2,5;33,7;33,7;10.09.2024 23:31;4,55;26,13;1
0_TWK_19_S3_______.xls;19;S3;2,59;2,5;34,2;34,2;10.09.2024 23:31;4,55;26,13;1
0_TWK_19_S3_______.xls;19;S3;2,7;2,6;34,8;34,8;10.09.2024 23:31;4,55;26,13;1
0_TWK_19_S3_______.xls;19;S3;2,7;2,6;35,3;35,3;10.09.2024 23:31;4,55;26,13;1
0_TWK_19_S3_______.xls;19;S3;2,7;2,5;35,9;35,9;10.09.2024 23:32;4,55;26,13;1
0_TWK_19_S3_______.xls;19;S3;2,7;2,5;36,4;36,4;10.09.2024 23:32;4,55;26,13;1
0_TWK_19_S3_______.xls;19;S3;2,7;2,6;36,9;36,9;10.09.2024 23:32;4,55;26,13;1
0_TWK_19_S3_______.xls;19;S3;2,7;2,6;37,5;37,5;10.09.2024 23:32;4,55;26,13;1
0_TWK_19_S3_______.xls;19;S3;2,7;2,6;38;38;10.09.2024 23:32;4,55;26,13;1
0_TWK_19_S3_______.xls;19;S3;2,7;2,6;38,5;38,5;10.09.2024 23:33;4,55;26,13;1
0_TWK_19_S3_______.xls;19;S3;2,7;2,6;39,1;39,1;10.09.2024 23:33;4,55;26,13;1
0_TWK_19_S3_______.xls;19;S3;2,77;2,5;39,6;39,6;10.09.2024 23:33;4,55;26,13;1
0_TWK_19_S3_______.xls;19;S3;2,77;2,5;40,1;40,1;10.09.2024 23:33;4,55;26,13;1
0_TWK_19_S3_______.xls;19;S3;2,77;2,6;40,7;40,7;10.09.2024 23:33;4,55;26,13;1
0_TWK_19_S3_______.xls;19;S3;2,77;2,6;41,2;41,2;10.09.2024 23:34;4,55;26,13;1
0_TWK_19_S3_______.xls;19;S3;2,77;2,5;41,7;41,7;10.09.2024 23:34;4,55;26,13;1
0_TWK_19_S3_______.xls;19;S3;2,77;2,6;42,3;42,3;10.09.2024 23:34;4,55;26,13;1
0_TWK_19_S3_______.xls;19;S3;2,77;2,6;42,8;42,8;10.09.2024 23:34;4,55;26,13;1
0_TWK_19_S3_______.xls;19;S3;2,77;2,5;43,3;43,3;10.09.2024 23:34;4,55;26,13;1
0_TWK_19_S3_______.xls;19;S3;2,77;2,6;43,8;43,8;10.09.2024 23:35;4,55;26,13;1
0_TWK_19_S3_______.xls;19;S3;2,77;2,6;44,4;44,4;10.09.2024 23:35;4,55;26,13;1
0_TWK_19_S3_______.xls;19;S3;2,77;2,6;44,9;44,9;10.09.2024 23:35;4,55;26,13;1
0_TWK_19_S3_______.xls;19;S3;2,77;2,6;45,5;45,5;10.09.2024 23:35;4,55;26,13;1
0_TWK_19_S3_______.xls;19;S3;2,77;2,5;46;46;10.09.2024 23:35;4,55;26,13;1
0_TWK_19_S3_______.xls;19;S3;2,77;2,6;46,5;46,5;10.09.2024 23:36;4,55;26,13;1
0_TWK_19_S3_______.xls;19;S3;2,77;2,7;47,1;47,1;10.09.2024 23:36;4,55;26,13;1
0_TWK_19_S3_______.xls;19;S3;2,77;2,6;47,6;47,6;10.09.2024 23:36;4,55;26,13;1
0_TWK_19_S3_______.xls;19;S3;2,77;2,5;48,1;48,1;10.09.2024 23:36;4,55;26,13;1
0_TWK_19_S3_______.xls;19;S3;2,77;2,6;48,6;48,6;10.09.2024 23:36;4,55;26,13;1
0_TWK_19_S3_______.xls;19;S3;2,77;2,6;49,2;49,2;10.09.2024 23:37;4,55;26,13;1
0_TWK_19_S3_______.xls;19;S3;2,77;2,5;49,7;49,7;10.09.2024 23:37;4,55;26,13;1
0_TWK_19_S3_______.xls;19;S3;2,77;2,6;50,3;50,3;10.09.2024 23:37;4,55;26,13;1
0_TWK_19_S3_______.xls;19;S3;2,77;2,5;50,8;50,8;10.09.2024 23:37;4,55;26,13;1
0_TWK_19_S3_______.xls;19;S3;2,77;2,5;51,3;51,3;10.09.2024 23:37;4,55;26,13;1
0_TWK_19_S3_______.xls;19;S3;2,77;2,6;51,8;51,8;10.09.2024 23:38;4,55;26,13;1
0_TWK_19_S3_______.xls;19;S3;2,77;2,6;52,4;52,4;10.09.2024 23:38;4,55;26,13;1
0_TWK_19_S3_______.xls;19;S3;2,89;2,7;52,9;52,9;10.09.2024 23:38;4,55;26,13;1
0_TWK_19_S3_______.xls;19;S3;2,77;2,6;53,5;53,5;10.09.2024 23:38;4,55;26,13;1
0_TWK_19_S3_______.xls;19;S3;2,77;2,5;54;54;10.09.2024 23:38;4,55;26,13;1
0_TWK_19_S3_______.xls;19;S3;2,77;2,5;54,5;54,5;10.09.2024 23:39;4,55;26,13;1
0_TWK_19_S3_______.xls;19;S3;2,77;2,6;55;55;10.09.2024 23:39;4,55;26,13;1
0_TWK_19_S3_______.xls;19;S3;2,89;2,7;55,6;55,6;10.09.2024 23:39;4,55;26,13;1
0_TWK_19_S3_______.xls;19;S3;2,89;2,7;56,1;56,1;10.09.2024 23:39;4,55;26,13;1
0_TWK_19_S3_______.xls;19;S3;2,89;2,8;56,7;56,7;10.09.2024 23:39;4,55;26,13;1
0_TWK_19_S3_______.xls;19;S3;2,89;2,8;57,3;57,3;10.09.2024 23:40;4,55;26,13;1
0_TWK_19_S3_______.xls;19;S3;2,89;2,7;57,9;57,9;10.09.2024 23:40;4,55;26,13;1
0_TWK_19_S3_______.xls;19;S3;2,89;2,7;58,4;58,4;10.09.2024 23:40;4,55;26,13;1
0_TWK_19_S3_______.xls;19;S3;2,77;2,7;59;59;10.09.2024 23:40;4,55;26,13;1
0_TWK_19_S3_______.xls;19;S3;2,89;2,7;59,5;59,5;10.09.2024 23:40;4,55;26,13;1
0_TWK_19_S3_______.xls;19;S3;2,77;2,7;60,1;60,1;10.09.2024 23:41;4,55;26,13;1
0_TWK_19_S3_______.xls;19;S3;2,77;2,8;60,7;60,7;10.09.2024 23:41;4,55;26,13;1
0_TWK_19_S3_______.xls;19;S3;2,89;3,1;61,3;61,3;10.09.2024 23:41;4,55;26,13;1
0_TWK_19_S3_______.xls;19;S3;2,89;4,9;62,2;62,2;10.09.2024 23:41;4,55;26,13;1
0_TWK_19_S3_______.xls;19;S3;2,77;4,9;63,2;63,2;10.09.2024 23:41;4,55;26,13;1
0_TWK_19_S3_______.xls;19;S3;2,77;4,9;64,2;64,2;10.09.2024 23:42;4,55;26,13;1
0_TWK_19_S3_______.xls;19;S3;2,7;4,8;65,1;65,1;10.09.2024 23:42;4,55;26,13;1
0_TWK_19_S3_______.xls;19;S3;2,59;4,8;66,1;66,1;10.09.2024 23:42;4,55;26,13;1
0_TWK_19_S3_______.xls;19;S3;2,59;4,8;67,1;67,1;10.09.2024 23:42;4,55;26,13;1
0_TWK_19_S3_______.xls;19;S3;2,48;4,8;68,1;68,1;10.09.2024 23:42;4,55;26,13;1
0_TWK_19_S3_______.xls;19;S3;2,48;4,8;69,1;69,1;10.09.2024 23:43;4,55;26,13;1
0_TWK_19_S3_______.xls;19;S3;2,48;4,7;70;70;10.09.2024 23:43;4,55;26,13;1
0_TWK_19_S3_______.xls;19;S3;2,48;4,7;70,9;70,9;10.09.2024 23:43;4,55;26,13;1
0_TWK_19_S3_______.xls;19;S3;2,48;4,7;71,9;71,9;10.09.2024 23:43;4,55;26,13;1
0_TWK_19_S3_______.xls;19;S3;2,48;4,7;72,9;72,9;10.09.2024 23:43;4,55;26,13;1
0_TWK_19_S3_______.xls;19;S3;2,4;4,8;73,9;73,9;10.09.2024 23:44;4,55;26,13;1
0_TWK_19_S3_______.xls;19;S3;2,4;4,7;74,9;74,9;10.09.2024 23:44;4,55;26,13;1
0_TWK_19_S3_______.xls;19;S3;2,4;4,7;75,8;75,8;10.09.2024 23:44;4,55;26,13;1
0_TWK_19_S3_______.xls;19;S3;2,4;4,7;76,8;76,8;10.09.2024 23:44;4,55;26,13;1
0_TWK_19_S3_______.xls;19;S3;2,4;4,7;77,8;77,8;10.09.2024 23:44;4,55;26,13;1
0_TWK_19_S3_______.xls;19;S3;2,4;5,1;78,8;78,8;10.09.2024 23:45;4,55;26,13;1
0_TWK_19_S3_______.xls;19;S3;2,4;5,4;79,8;79,8;10.09.2024 23:45;4,55;26,13;1
0_TWK_19_S3_______.xls;19;S3;2,4;5,5;80,9;80,9;10.09.2024 23:45;4,55;26,13;1
0_TWK_19_S3_______.xls;19;S3;2,4;5,5;82;82;10.09.2024 23:45;4,55;26,13;1
0_TWK_19_S3_______.xls;19;S3;2,4;5,6;83,2;83,2;10.09.2024 23:45;4,55;26,13;1
0_TWK_19_S3_______.xls;19;S3;2,4;5,6;84,4;84,4;10.09.2024 23:46;4,55;26,13;1
0_TWK_19_S3_______.xls;19;S3;2,4;5,6;85,5;85,5;10.09.2024 23:46;4,55;26,13;1
0_TWK_19_S3_______.xls;19;S3;2,4;5,7;86,6;86,6;10.09.2024 23:46;4,55;26,13;1
0_TWK_19_S3_______.xls;19;S3;2,4;5,6;87,8;87,8;10.09.2024 23:46;4,55;26,13;1
0_TWK_19_S3_______.xls;19;S3;2,4;5,6;88,9;88,9;10.09.2024 23:46;4,55;26,13;1
0_TWK_19_S3_______.xls;19;S3;2,4;5,6;90,1;90,1;10.09.2024 23:47;4,55;26,13;1
0_TWK_19_S3_______.xls;19;S3;2,4;5,6;91,3;91,3;10.09.2024 23:47;4,55;26,13;1
0_TWK_19_S3_______.xls;19;S3;2,4;5,6;92,4;92,4;10.09.2024 23:47;4,55;26,13;1
0_TWK_19_S3_______.xls;19;S3;2,4;5,6;93,5;93,5;10.09.2024 23:47;4,55;26,13;1
0_TWK_19_S3_______.xls;19;S3;2,4;5,6;94,7;94,7;10.09.2024 23:47;4,55;26,13;1
0_TWK_19_S3_______.xls;19;S3;2,4;5,6;95,8;95,8;10.09.2024 23:48;4,55;26,13;1
0_TWK_19_S3_______.xls;19;S3;2,4;5,6;97;97;10.09.2024 23:48;4,55;26,13;1
0_TWK_19_S3_______.xls;19;S3;2,4;5,6;98,1;98,1;10.09.2024 23:48;4,55;26,13;1
0_TWK_19_S3_______.xls;19;S3;2,29;5,6;99,2;99,2;10.09.2024 23:48;4,55;26,13;1
0_TWK_19_S3_______.xls;19;S3;2,29;5,6;100,4;100,4;10.09.2024 23:48;4,55;26,13;1
0_TWK_19_S3_______.xls;19;S3;2,4;5,7;101,6;101,6;10.09.2024 23:49;4,55;26,13;1
0_TWK_19_S3_______.xls;19;S3;2,4;5,6;102,7;102,7;10.09.2024 23:49;4,55;26,13;1
0_TWK_19_S3_______.xls;19;S3;2,4;5,6;103,9;103,9;10.09.2024 23:49;4,55;26,13;1
0_TWK_19_S3_______.xls;19;S3;2,4;5,6;105;105;10.09.2024 23:49;4,55;26,13;1
0_TWK_19_S3_______.xls;19;S3;2,4;5,6;106,1;106,1;10.09.2024 23:49;4,55;26,13;1
0_TWK_19_S3_______.xls;19;S3;2,4;5,6;107,3;107,3;10.09.2024 23:50;4,55;26,13;1
0_TWK_19_S3_______.xls;19;S3;2,4;5,6;108,4;108,4;10.09.2024 23:50;4,55;26,13;1
0_TWK_19_S3_______.xls;19;S3;2,4;5,6;109,6;109,6;10.09.2024 23:50;4,55;26,13;1
0_TWK_19_S3_______.xls;19;S3;2,4;5,7;110,7;110,7;10.09.2024 23:50;4,55;26,13;1
0_TWK_19_S3_______.xls;19;S3;2,4;5,6;111,9;111,9;10.09.2024 23:50;4,55;26,13;1
0_TWK_19_S3_______.xls;19;S3;2,4;5,7;113;113;10.09.2024 23:51;4,55;26,13;1
0_TWK_19_S3_______.xls;19;S3;2,4;5,7;114,2;114,2;10.09.2024 23:51;4,55;26,13;1
0_TWK_19_S3_______.xls;19;S3;2,4;5,7;115,4;115,4;10.09.2024 23:51;4,55;26,13;1
0_TWK_19_S3_______.xls;19;S3;2,4;5,7;116,5;116,5;10.09.2024 23:51;4,55;26,13;1
0_TWK_19_S3_______.xls;19;S3;2,4;5,7;117,6;117,6;10.09.2024 23:51;4,55;26,13;1
0_TWK_19_S3_______.xls;19;S3;2,4;5,6;118,8;118,8;10.09.2024 23:52;4,55;26,13;1
0_TWK_19_S3_______.xls;19;S3;2,4;5,7;119,9;119,9;10.09.2024 23:52;4,55;26,13;1
0_TWK_19_S3_______.xls;19;S3;2,4;5,7;121,1;121,1;10.09.2024 23:52;4,55;26,13;1
0_TWK_19_S3_______.xls;19;S3;2,4;5,7;122,3;122,3;10.09.2024 23:52;4,55;26,13;1
0_TWK_19_S3_______.xls;19;S3;2,4;5,6;123,5;123,5;10.09.2024 23:52;4,55;26,13;1
0_TWK_19_S3_______.xls;19;S3;2,4;5,7;124,6;124,6;10.09.2024 23:53;4,55;26,13;1
0_TWK_19_S3_______.xls;19;S3;2,4;5,7;125,7;125,7;10.09.2024 23:53;4,55;26,13;1
0_TWK_19_S3_______.xls;19;S3;2,4;5,7;126,9;126,9;10.09.2024 23:53;4,55;26,13;1
0_TWK_19_S3_______.xls;19;S3;2,4;5,6;128;128;10.09.2024 23:53;4,55;26,13;1
0_TWK_19_S3_______.xls;19;S3;2,4;5,6;129,2;129,2;10.09.2024 23:53;4,55;26,13;1
0_TWK_19_S3_______.xls;19;S3;2,4;5,7;130,4;130,4;10.09.2024 23:54;4,55;26,13;1
0_TWK_19_S3_______.xls;19;S3;2,4;5,6;131,5;131,5;10.09.2024 23:54;4,55;26,13;1
0_TWK_19_S3_______.xls;19;S3;2,4;5,7;132,7;132,7;10.09.2024 23:54;4,55;26,13;1
0_TWK_19_S3_______.xls;19;S3;2,4;5,7;133,8;133,8;10.09.2024 23:54;4,55;26,13;1
0_TWK_19_S3_______.xls;19;S3;2,4;5,7;134,9;134,9;10.09.2024 23:54;4,55;26,13;1
0_TWK_19_S3_______.xls;19;S3;2,4;5,7;136,1;136,1;10.09.2024 23:55;4,55;26,13;1
0_TWK_19_S3_______.xls;19;S3;2,4;5,7;137,3;137,3;10.09.2024 23:55;4,55;26,13;1
0_TWK_19_S3_______.xls;19;S3;2,4;5,7;138,5;138,5;10.09.2024 23:55;4,55;26,13;1
0_TWK_19_S3_______.xls;19;S3;2,4;5,7;139,6;139,6;10.09.2024 23:55;4,55;26,13;1
0_TWK_19_S3_______.xls;19;S3;2,4;5,7;140,8;140,8;10.09.2024 23:55;4,55;26,13;1
0_TWK_19_S3_______.xls;19;S3;2,4;5,6;141,9;141,9;10.09.2024 23:56;4,55;26,13;1
0_TWK_19_S3_______.xls;19;S3;2,4;5,6;143,1;143,1;10.09.2024 23:56;4,55;26,13;1
0_TWK_19_S3_______.xls;19;S3;2,4;5,6;144,2;144,2;10.09.2024 23:56;4,55;26,13;1
0_TWK_19_S3_______.xls;19;S3;2,4;5,6;145,3;145,3;10.09.2024 23:56;4,55;26,13;1
0_TWK_19_S3_______.xls;19;S3;2,4;5,6;146,5;146,5;10.09.2024 23:56;4,55;26,13;1
0_TWK_19_S3_______.xls;19;S3;2,4;5,6;147,6;147,6;10.09.2024 23:57;4,55;26,13;1
0_TWK_19_S3_______.xls;19;S3;2,4;5,6;148,7;148,7;10.09.2024 23:57;4,55;26,13;1
0_TWK_19_S3_______.xls;19;S3;2,48;5,6;149,9;149,9;10.09.2024 23:57;4,55;26,13;1
0_TWK_19_S3_______.xls;19;S3;2,48;5,6;151;151;10.09.2024 23:57;4,55;26,13;1
0_TWK_19_S3_______.xls;19;S3;2,48;5,6;152,2;152,2;10.09.2024 23:57;4,55;26,13;1
0_TWK_19_S3_______.xls;19;S3;2,48;5,6;153,3;153,3;10.09.2024 23:58;4,55;26,13;1
0_TWK_19_S3_______.xls;19;S3;2,48;5,6;154,5;154,5;10.09.2024 23:58;4,55;26,13;1
0_TWK_19_S3_______.xls;19;S3;2,48;5,6;155,6;155,6;10.09.2024 23:58;4,55;26,13;1
0_TWK_19_S3_______.xls;19;S3;2,48;5,6;156,8;156,8;10.09.2024 23:58;4,55;26,13;1
0_TWK_19_S3_______.xls;19;S3;2,48;5,6;157,9;157,9;10.09.2024 23:58;4,55;26,13;1
0_TWK_19_S3_______.xls;19;S3;2,48;5,6;159;159;10.09.2024 23:59;4,55;26,13;1
0_TWK_19_S3_______.xls;19;S3;2,48;5,6;160,2;160,2;10.09.2024 23:59;4,55;26,13;1
0_TWK_19_S3_______.xls;19;S3;2,48;5,7;161,3;161,3;10.09.2024 23:59;4,55;26,13;1
0_TWK_19_S3_______.xls;19;S3;2,48;5,7;162,5;162,5;10.09.2024 23:59;4,55;26,13;1
0_TWK_19_S3_______.xls;19;S3;2,48;5,7;163,7;163,7;10.09.2024 23:59;4,55;26,13;1
0_TWK_19_S3_______.xls;19;S3;2,48;5,6;164,8;164,8;11.09.2024 00:00;4,55;26,13;1
0_TWK_19_S3_______.xls;19;S3;2,48;5,7;166;166;11.09.2024 00:00;4,55;26,13;1
0_TWK_19_S3_______.xls;19;S3;2,48;5,6;167,1;167,1;11.09.2024 00:00;4,55;26,13;1
0_TWK_19_S3_______.xls;19;S3;2,48;5,6;168,3;168,3;11.09.2024 00:00;4,55;26,13;1
0_TWK_19_S3_______.xls;19;S3;2,48;5,7;169,4;169,4;11.09.2024 00:00;4,55;26,13;1
0_TWK_19_S3_______.xls;19;S3;2,48;5,6;170,5;170,5;11.09.2024 00:01;4,55;26,13;1
0_TWK_19_S3_______.xls;19;S3;2,48;5,7;171,7;171,7;11.09.2024 00:01;4,55;26,13;1
0_TWK_19_S3_______.xls;19;S3;2,48;5,7;172,8;172,8;11.09.2024 00:01;4,55;26,13;1
0_TWK_19_S3_______.xls;19;S3;2,48;5,6;174;174;11.09.2024 00:01;4,55;26,13;1
0_TWK_19_S3_______.xls;19;S3;2,48;5,6;175,2;175,2;11.09.2024 00:01;4,55;26,13;1
0_TWK_19_S3_______.xls;19;S3;2,48;5,6;176,3;176,3;11.09.2024 00:02;4,55;26,13;1
0_TWK_19_S3_______.xls;19;S3;2,48;5,7;177,5;177,5;11.09.2024 00:02;4,55;26,13;1
0_TWK_19_S3_______.xls;19;S3;2,48;5,6;178,6;178,6;11.09.2024 00:02;4,55;26,13;1
0_TWK_19_S3_______.xls;19;S3;2,48;5,7;179,8;179,8;11.09.2024 00:02;4,55;26,13;1
0_TWK_19_S3_______.xls;19;S3;2,59;5,6;180,9;180,9;11.09.2024 00:02;4,55;26,13;1
0_TWK_19_S3_______.xls;19;S3;2,48;5,7;182;182;11.09.2024 00:03;4,55;26,13;1
0_TWK_19_S3_______.xls;19;S3;2,59;5,6;183,2;183,2;11.09.2024 00:03;4,55;26,13;1
0_TWK_19_S3_______.xls;19;S3;2,59;5,7;184,4;184,4;11.09.2024 00:03;4,55;26,13;1
0_TWK_19_S3_______.xls;19;S3;2,59;5,7;185,5;185,5;11.09.2024 00:03;4,55;26,13;1
0_TWK_19_S3_______.xls;19;S3;2,59;5,7;186,7;186,7;11.09.2024 00:03;4,55;26,13;1
0_TWK_19_S3_______.xls;19;S3;2,59;5,7;187,8;187,8;11.09.2024 00:04;4,55;26,13;1
0_TWK_19_S3_______.xls;19;S3;2,59;5,7;189;189;11.09.2024 00:04;4,55;26,13;1
0_TWK_19_S3_______.xls;19;S3;2,59;5,6;190,1;190,1;11.09.2024 00:04;4,55;26,13;1
0_TWK_19_S3_______.xls;19;S3;2,59;5,6;191,3;191,3;11.09.2024 00:04;4,55;26,13;1
0_TWK_19_S3_______.xls;19;S3;2,59;5,6;192,4;192,4;11.09.2024 00:04;4,55;26,13;1
0_TWK_19_S3_______.xls;19;S3;2,59;5,6;193,5;193,5;11.09.2024 00:05;4,55;26,13;1
0_TWK_19_S3_______.xls;19;S3;2,59;5,6;194,7;194,7;11.09.2024 00:05;4,55;26,13;1
0_TWK_19_S3_______.xls;19;S3;2,59;5,6;195,9;195,9;11.09.2024 00:05;4,55;26,13;1
0_TWK_19_S3_______.xls;19;S3;2,59;5,6;197;197;11.09.2024 00:05;4,55;26,13;1
0_TWK_19_S3_______.xls;19;S3;2,59;5,6;198,2;198,2;11.09.2024 00:05;4,55;26,13;1
0_TWK_19_S3_______.xls;19;S3;2,59;5,6;199,3;199,3;11.09.2024 00:06;4,55;26,13;1
0_TWK_19_S3_______.xls;19;S3;2,59;5,6;200,4;200,4;11.09.2024 00:06;4,55;26,13;1
0_TWK_19_S3_______.xls;19;S3;2,59;5,7;201,5;201,5;11.09.2024 00:06;4,55;26,13;1
0_TWK_19_S3_______.xls;19;S3;2,7;5,6;202,7;202,7;11.09.2024 00:06;4,55;26,13;1
0_TWK_19_S3_______.xls;19;S3;2,59;5,6;203,9;203,9;11.09.2024 00:06;4,55;26,13;1
0_TWK_19_S3_______.xls;19;S3;2,59;5,6;205;205;11.09.2024 00:07;4,55;26,13;1
0_TWK_19_S3_______.xls;19;S3;2,7;5,7;206,1;206,1;11.09.2024 00:07;4,55;26,13;1
0_TWK_19_S3_______.xls;19;S3;2,59;5,7;207,3;207,3;11.09.2024 00:07;4,55;26,13;1
0_TWK_19_S3_______.xls;19;S3;2,59;5,7;208,4;208,4;11.09.2024 00:07;4,55;26,13;1
0_TWK_19_S3_______.xls;19;S3;2,7;5,6;209,6;209,6;11.09.2024 00:07;4,55;26,13;1
0_TWK_19_S3_______.xls;19;S3;2,7;5,6;210,8;210,8;11.09.2024 00:08;4,55;26,13;1
0_TWK_19_S3_______.xls;19;S3;2,7;5,6;211,9;211,9;11.09.2024 00:08;4,55;26,13;1
0_TWK_19_S3_______.xls;19;S3;2,7;5,6;213;213;11.09.2024 00:08;4,55;26,13;1
0_TWK_19_S3_______.xls;19;S3;2,7;5,6;214,1;214,1;11.09.2024 00:08;4,55;26,13;1
0_TWK_19_S3_______.xls;19;S3;2,7;5,6;215,3;215,3;11.09.2024 00:08;4,55;26,13;1
0_TWK_19_S3_______.xls;19;S3;2,7;5,6;216,5;216,5;11.09.2024 00:09;4,55;26,13;1
0_TWK_19_S3_______.xls;19;S3;2,7;5,6;217,6;217,6;11.09.2024 00:09;4,55;26,13;1
0_TWK_19_S3_______.xls;19;S3;2,7;5,6;218,8;218,8;11.09.2024 00:09;4,55;26,13;1
0_TWK_19_S3_______.xls;19;S3;2,7;5,6;219,9;219,9;11.09.2024 00:09;4,55;26,13;1
0_TWK_19_S3_______.xls;19;S3;2,7;5,6;221;221;11.09.2024 00:09;4,55;26,13;1
0_TWK_19_S3_______.xls;19;S3;2,7;5,7;222,1;222,1;11.09.2024 00:10;4,55;26,13;1
0_TWK_19_S3_______.xls;19;S3;2,7;5,7;223,4;223,4;11.09.2024 00:10;4,55;26,13;1
0_TWK_19_S3_______.xls;19;S3;2,7;5,7;224,5;224,5;11.09.2024 00:10;4,55;26,13;1
0_TWK_19_S3_______.xls;19;S3;2,7;5,7;225,6;225,6;11.09.2024 00:10;4,55;26,13;1
0_TWK_19_S3_______.xls;19;S3;2,7;5,7;226,9;226,9;11.09.2024 00:10;4,55;26,13;1
0_TWK_19_S3_______.xls;19;S3;2,7;5,7;228;228;11.09.2024 00:11;4,55;26,13;1
0_TWK_19_S3_______.xls;19;S3;2,7;5,7;229,1;229,1;11.09.2024 00:11;4,55;26,13;1
0_TWK_19_S3_______.xls;19;S3;2,59;5,7;230,4;230,4;11.09.2024 00:11;4,55;26,13;1
0_TWK_19_S3_______.xls;19;S3;2,59;5,6;231,5;231,5;11.09.2024 00:11;4,55;26,13;1
0_TWK_19_S3_______.xls;19;S3;2,59;5,7;232,6;232,6;11.09.2024 00:11;4,55;26,13;1
0_TWK_19_S3_______.xls;19;S3;2,59;5,7;233,8;233,8;11.09.2024 00:12;4,55;26,13;1
0_TWK_19_S3_______.xls;19;S3;2,59;5,7;235;235;11.09.2024 00:12;4,55;26,13;1
0_TWK_19_S3_______.xls;19;S3;2,59;5,7;236,1;236,1;11.09.2024 00:12;4,55;26,13;1
0_TWK_19_S3_______.xls;19;S3;2,59;5,7;237,2;237,2;11.09.2024 00:12;4,55;26,13;1
0_TWK_19_S3_______.xls;19;S3;2,59;5,7;238,4;238,4;11.09.2024 00:12;4,55;26,13;1
0_TWK_19_S3_______.xls;19;S3;2,59;5,7;239,5;239,5;11.09.2024 00:13;4,55;26,13;1
0_TWK_19_S3_______.xls;19;S3;2,59;5,7;240,6;240,6;11.09.2024 00:13;4,55;26,13;1
0_TWK_19_S3_______.xls;19;S3;2,59;5,7;241,9;241,9;11.09.2024 00:13;4,55;26,13;1
0_TWK_19_S3_______.xls;19;S3;2,59;5,7;243;243;11.09.2024 00:13;4,55;26,13;1
0_TWK_19_S3_______.xls;19;S3;2,59;5,7;244,2;244,2;11.09.2024 00:13;4,55;26,13;1
0_TWK_19_S3_______.xls;19;S3;2,7;5,6;245,4;245,4;11.09.2024 00:14;4,55;26,13;1
0_TWK_19_S3_______.xls;19;S3;2,59;5,7;246,5;246,5;11.09.2024 00:14;4,55;26,13;1
0_TWK_19_S3_______.xls;19;S3;2,7;5,6;247,6;247,6;11.09.2024 00:14;4,55;26,13;1
0_TWK_19_S3_______.xls;19;S3;2,7;5,7;248,8;248,8;11.09.2024 00:14;4,55;26,13;1
0_TWK_19_S3_______.xls;19;S3;2,7;5,7;249,9;249,9;11.09.2024 00:14;4,55;26,13;1
0_TWK_19_S3_______.xls;19;S3;2,7;5,7;251,1;251,1;11.09.2024 00:15;4,55;26,13;1
0_TWK_19_S3_______.xls;19;S3;2,7;5,7;252,3;252,3;11.09.2024 00:15;4,55;26,13;1
0_TWK_19_S3_______.xls;19;S3;2,7;5,7;253,4;253,4;11.09.2024 00:15;4,55;26,13;1
0_TWK_19_S3_______.xls;19;S3;2,59;5,7;254,6;254,6;11.09.2024 00:15;4,55;26,13;1
0_TWK_19_S3_______.xls;19;S3;2,7;5,7;255,7;255,7;11.09.2024 00:15;4,55;26,13;1
0_TWK_19_S3_______.xls;19;S3;2,7;5,6;256,9;256,9;11.09.2024 00:16;4,55;26,13;1
0_TWK_19_S3_______.xls;19;S3;2,7;5,7;258;258;11.09.2024 00:16;4,55;26,13;1
0_TWK_19_S3_______.xls;19;S3;2,7;5,7;259,1;259,1;11.09.2024 00:16;4,55;26,13;1
0_TWK_19_S3_______.xls;19;S3;2,7;5,7;260,4;260,4;11.09.2024 00:16;4,55;26,13;1
0_TWK_19_S3_______.xls;19;S3;2,7;5,7;261,5;261,5;11.09.2024 00:16;4,55;26,13;1
0_TWK_19_S3_______.xls;19;S3;2,7;5,6;262,6;262,6;11.09.2024 00:17;4,55;26,13;1
0_TWK_19_S3_______.xls;19;S3;2,7;5,6;263,7;263,7;11.09.2024 00:17;4,55;26,13;1
0_TWK_19_S3_______.xls;19;S3;2,7;5,6;264,9;264,9;11.09.2024 00:17;4,55;26,13;1
0_TWK_19_S3_______.xls;19;S3;2,7;5,7;266,1;266,1;11.09.2024 00:17;4,55;26,13;1
0_TWK_19_S3_______.xls;19;S3;2,7;5,7;267,2;267,2;11.09.2024 00:17;4,55;26,13;1
0_TWK_19_S3_______.xls;19;S3;2,7;5,7;268,4;268,4;11.09.2024 00:18;4,55;26,13;1
0_TWK_19_S3_______.xls;19;S3;2,7;5,7;269,6;269,6;11.09.2024 00:18;4,55;26,13;1
0_TWK_19_S3_______.xls;19;S3;2,7;5,6;270,7;270,7;11.09.2024 00:18;4,55;26,13;1
0_TWK_19_S3_______.xls;19;S3;2,7;5,6;271,9;271,9;11.09.2024 00:18;4,55;26,13;1
0_TWK_19_S3_______.xls;19;S3;2,7;5,6;273;273;11.09.2024 00:18;4,55;26,13;1
0_TWK_19_S3_______.xls;19;S3;2,77;5,6;274,1;274,1;11.09.2024 00:19;4,55;26,13;1
0_TWK_19_S3_______.xls;19;S3;2,7;5,6;275,2;275,2;11.09.2024 00:19;4,55;26,13;1
0_TWK_19_S3_______.xls;19;S3;2,7;5,6;276,4;276,4;11.09.2024 00:19;4,55;26,13;1
0_TWK_19_S3_______.xls;19;S3;2,77;5,6;277,6;277,6;11.09.2024 00:19;4,55;26,13;1
0_TWK_19_S3_______.xls;19;S3;2,77;5,6;278,7;278,7;11.09.2024 00:19;4,55;26,13;1
0_TWK_19_S3_______.xls;19;S3;2,7;5,5;279,9;279,9;11.09.2024 00:20;4,55;26,13;1
0_TWK_19_S3_______.xls;19;S3;2,7;5,5;281;281;11.09.2024 00:20;4,55;26,13;1
0_TWK_19_S3_______.xls;19;S3;2,77;5,6;282,1;282,1;11.09.2024 00:20;4,55;26,13;1
0_TWK_19_S3_______.xls;19;S3;2,77;5,6;283,3;283,3;11.09.2024 00:20;4,55;26,13;1
0_TWK_19_S3_______.xls;19;S3;2,77;5,5;284,4;284,4;11.09.2024 00:20;4,55;26,13;1
0_TWK_19_S3_______.xls;19;S3;2,77;5,6;285,5;285,5;11.09.2024 00:21;4,55;26,13;1
0_TWK_19_S3_______.xls;19;S3;2,77;5,6;286,6;286,6;11.09.2024 00:21;4,55;26,13;1
0_TWK_19_S3_______.xls;19;S3;2,77;5,5;287,8;287,8;11.09.2024 00:21;4,55;26,13;1
0_TWK_19_S3_______.xls;19;S3;2,77;5,6;288,9;288,9;11.09.2024 00:21;4,55;26,13;1
0_TWK_19_S3_______.xls;19;S3;2,89;5,6;290;290;11.09.2024 00:21;4,55;26,13;1
0_TWK_19_S3_______.xls;19;S3;2,89;5,6;291,1;291,1;11.09.2024 00:22;4,55;26,13;1
0_TWK_19_S3_______.xls;19;S3;2,89;5,6;292,3;292,3;11.09.2024 00:22;4,55;26,13;1
0_TWK_19_S3_______.xls;19;S3;2,89;5,5;293,4;293,4;11.09.2024 00:22;4,55;26,13;1
0_TWK_19_S3_______.xls;19;S3;2,89;5,5;294,5;294,5;11.09.2024 00:22;4,55;26,13;1
0_TWK_19_S3_______.xls;19;S3;3;5,6;295,6;295,6;11.09.2024 00:22;4,55;26,13;1
0_TWK_19_S3_______.xls;19;S3;3;5,6;296,8;296,8;11.09.2024 00:23;4,55;26,13;1
0_TWK_19_S3_______.xls;19;S3;3;5,6;297,9;297,9;11.09.2024 00:23;4,55;26,13;1
0_TWK_19_S3_______.xls;19;S3;3;5,6;299,1;299,1;11.09.2024 00:23;4,55;26,13;1
0_TWK_19_S3_______.xls;19;S3;3;5,6;300,2;300,2;11.09.2024 00:23;4,55;26,13;1
0_TWK_19_S3_______.xls;19;S3;3;5,6;301,4;301,4;11.09.2024 00:23;4,55;26,13;1
0_TWK_19_S3_______.xls;19;S3;3;5,6;302,5;302,5;11.09.2024 00:24;4,55;26,13;1
0_TWK_19_S3_______.xls;19;S3;3;5,6;303,6;303,6;11.09.2024 00:24;4,55;26,13;1
0_TWK_19_S3_______.xls;19;S3;3;5,6;304,8;304,8;11.09.2024 00:24;4,55;26,13;1
0_TWK_19_S3_______.xls;19;S3;3;5,6;305,9;305,9;11.09.2024 00:24;4,55;26,13;1
0_TWK_19_S3_______.xls;19;S3;3;5,7;307,1;307,1;11.09.2024 00:24;4,55;26,13;1
0_TWK_19_S3_______.xls;19;S3;3;5,7;308,2;308,2;11.09.2024 00:25;4,55;26,13;1
0_TWK_19_S3_______.xls;19;S3;3;5,7;309,4;309,4;11.09.2024 00:25;4,55;26,13;1
0_TWK_19_S3_______.xls;19;S3;3;5,7;310,6;310,6;11.09.2024 00:25;4,55;26,13;1
0_TWK_19_S3_______.xls;19;S3;3;5,7;311,7;311,7;11.09.2024 00:25;4,55;26,13;1
0_TWK_19_S3_______.xls;19;S3;3;5,7;312,9;312,9;11.09.2024 00:25;4,55;26,13;1
0_TWK_19_S3_______.xls;19;S3;2,89;5,7;314;314;11.09.2024 00:26;4,55;26,13;1
0_TWK_19_S3_______.xls;19;S3;2,89;5,7;315,2;315,2;11.09.2024 00:26;4,55;26,13;1
0_TWK_19_S3_______.xls;19;S3;2,89;5,8;316,4;316,4;11.09.2024 00:26;4,55;26,13;1
0_TWK_19_S3_______.xls;19;S3;2,89;5,7;317,6;317,6;11.09.2024 00:26;4,55;26,13;1
0_TWK_19_S3_______.xls;19;S3;2,89;5,8;318,8;318,8;11.09.2024 00:26;4,55;26,13;1
0_TWK_19_S3_______.xls;19;S3;2,89;5,8;319,9;319,9;11.09.2024 00:27;4,55;26,13;1
0_TWK_19_S3_______.xls;19;S3;2,89;5,8;321,1;321,1;11.09.2024 00:27;4,55;26,13;1
0_TWK_19_S3_______.xls;19;S3;2,89;5,8;322,3;322,3;11.09.2024 00:27;4,55;26,13;1
0_TWK_19_S3_______.xls;19;S3;2,89;5,8;323,4;323,4;11.09.2024 00:27;4,55;26,13;1
0_TWK_19_S3_______.xls;19;S3;2,89;5,8;324,6;324,6;11.09.2024 00:27;4,55;26,13;1
0_TWK_19_S3_______.xls;19;S3;2,89;5,8;325,8;325,8;11.09.2024 00:28;4,55;26,13;1
0_TWK_19_S3_______.xls;19;S3;2,89;5,7;326,9;326,9;11.09.2024 00:28;4,55;26,13;1
0_TWK_19_S3_______.xls;19;S3;2,89;5,7;328,1;328,1;11.09.2024 00:28;4,55;26,13;1
0_TWK_19_S3_______.xls;19;S3;2,89;5,7;329,3;329,3;11.09.2024 00:28;4,55;26,13;1
0_TWK_19_S3_______.xls;19;S3;2,89;5,6;330,4;330,4;11.09.2024 00:28;4,55;26,13;1
0_TWK_19_S3_______.xls;19;S3;2,89;5,6;331,6;331,6;11.09.2024 00:29;4,55;26,13;1
0_TWK_19_S3_______.xls;19;S3;2,89;5,7;332,7;332,7;11.09.2024 00:29;4,55;26,13;1
0_TWK_19_S3_______.xls;19;S3;2,89;5,7;333,9;333,9;11.09.2024 00:29;4,55;26,13;1
0_TWK_19_S3_______.xls;19;S3;2,89;5,7;335;335;11.09.2024 00:29;4,55;26,13;1
0_TWK_19_S3_______.xls;19;S3;2,89;5,7;336,1;336,1;11.09.2024 00:29;4,55;26,13;1
0_TWK_19_S3_______.xls;19;S3;2,89;5,7;337,3;337,3;11.09.2024 00:30;4,55;26,13;1
0_TWK_19_S3_______.xls;19;S3;2,89;5,7;338,4;338,4;11.09.2024 00:30;4,55;26,13;1
0_TWK_19_S3_______.xls;19;S3;2,89;5,7;339,6;339,6;11.09.2024 00:30;4,55;26,13;1
0_TWK_19_S3_______.xls;19;S3;2,89;5,7;340,8;340,8;11.09.2024 00:30;4,55;26,13;1
0_TWK_19_S3_______.xls;19;S3;2,89;5,7;341,9;341,9;11.09.2024 00:30;4,55;26,13;1
0_TWK_19_S3_______.xls;19;S3;2,89;5,6;343,1;343,1;11.09.2024 00:31;4,55;26,13;1
0_TWK_19_S3_______.xls;19;S3;2,89;5,7;344,2;344,2;11.09.2024 00:31;4,55;26,13;1
0_TWK_19_S3_______.xls;19;S3;2,89;5,7;345,3;345,3;11.09.2024 00:31;4,55;26,13;1
0_TWK_19_S3_______.xls;19;S3;2,89;5,7;346,6;346,6;11.09.2024 00:31;4,55;26,13;1
0_TWK_19_S3_______.xls;19;S3;2,89;5,7;347,7;347,7;11.09.2024 00:31;4,55;26,13;1
0_TWK_19_S3_______.xls;19;S3;2,89;5,7;348,8;348,8;11.09.2024 00:32;4,55;26,13;1
0_TWK_19_S3_______.xls;19;S3;2,89;5,7;350;350;11.09.2024 00:32;4,55;26,13;1
0_TWK_19_S3_______.xls;19;S3;2,89;5,7;351,2;351,2;11.09.2024 00:32;4,55;26,13;1
0_TWK_19_S3_______.xls;19;S3;2,89;5,8;352,3;352,3;11.09.2024 00:32;4,55;26,13;1
0_TWK_19_S3_______.xls;19;S3;2,89;5,8;353,6;353,6;11.09.2024 00:32;4,55;26,13;1
0_TWK_19_S3_______.xls;19;S3;3;5,7;354,7;354,7;11.09.2024 00:33;4,55;26,13;1
0_TWK_19_S3_______.xls;19;S3;3;5,6;355,8;355,8;11.09.2024 00:33;4,55;26,13;1
0_TWK_19_S3_______.xls;19;S3;3;5,7;357;357;11.09.2024 00:33;4,55;26,13;1
0_TWK_19_S3_______.xls;19;S3;3;5,7;358,2;358,2;11.09.2024 00:33;4,55;26,13;1
0_TWK_19_S3_______.xls;19;S3;3;5,7;359,3;359,3;11.09.2024 00:33;4,55;26,13;1
0_TWK_19_S3_______.xls;19;S3;3;5,7;360,5;360,5;11.09.2024 00:34;4,55;26,13;1
0_TWK_19_S3_______.xls;19;S3;3;5,7;361,7;361,7;11.09.2024 00:34;4,55;26,13;1
0_TWK_19_S3_______.xls;19;S3;3;5,7;362,8;362,8;11.09.2024 00:34;4,55;26,13;1
0_TWK_19_S3_______.xls;19;S3;3;5,7;363,9;363,9;11.09.2024 00:34;4,55;26,13;1
0_TWK_19_S3_______.xls;19;S3;3;5,6;365,1;365,1;11.09.2024 00:34;4,55;26,13;1
0_TWK_19_S3_______.xls;19;S3;3;5,6;366,3;366,3;11.09.2024 00:35;4,55;26,13;1
0_TWK_19_S3_______.xls;19;S3;3;5,6;367,4;367,4;11.09.2024 00:35;4,55;26,13;1
0_TWK_19_S3_______.xls;19;S3;3;5,6;368,5;368,5;11.09.2024 00:35;4,55;26,13;1
0_TWK_19_S3_______.xls;19;S3;3;5,5;369,7;369,7;11.09.2024 00:35;4,55;26,13;1
0_TWK_19_S3_______.xls;19;S3;3;5,6;370,8;370,8;11.09.2024 00:35;4,55;26,13;1
0_TWK_19_S3_______.xls;19;S3;3;5,5;371,9;371,9;11.09.2024 00:36;4,55;26,13;1
0_TWK_19_S3_______.xls;19;S3;3;5,5;373,1;373,1;11.09.2024 00:36;4,55;26,13;1
0_TWK_19_S3_______.xls;19;S3;3;5,5;374,2;374,2;11.09.2024 00:36;4,55;26,13;1
0_TWK_19_S3_______.xls;19;S3;3;5,5;375,3;375,3;11.09.2024 00:36;4,55;26,13;1
0_TWK_19_S3_______.xls;19;S3;3;1,7;375,9;375,9;11.09.2024 00:36;4,55;26,13;1
0_TWK_19_S3_______.xls;19;S3;3;5,3;376,7;376,7;11.09.2024 00:37;4,55;26,13;1
0_TWK_19_S3_______.xls;19;S3;3;5;377,7;377,7;11.09.2024 00:37;4,55;26,13;1
0_TWK_19_S3_______.xls;19;S3;3;4,1;378,6;378,6;11.09.2024 00:37;4,55;26,13;1
0_TWK_19_S3_______.xls;19;S3;3;3,9;379,4;379,4;11.09.2024 00:37;4,55;26,13;1
0_TWK_19_S3_______.xls;19;S3;3;3,8;380,2;380,2;11.09.2024 00:37;4,55;26,13;1
0_TWK_19_S3_______.xls;19;S3;3;3,8;381;381;11.09.2024 00:38;4,55;26,13;1
0_TWK_19_S3_______.xls;19;S3;3;3,8;381,8;381,8;11.09.2024 00:38;4,55;26,13;1
0_TWK_19_S3_______.xls;19;S3;3;3,7;382,5;382,5;11.09.2024 00:38;4,55;26,13;1
0_TWK_19_S3_______.xls;19;S3;3;3,7;383,3;383,3;11.09.2024 00:38;4,55;26,13;1
0_TWK_19_S3_______.xls;19;S3;3;3,8;384,1;384,1;11.09.2024 00:38;4,55;26,13;1
0_TWK_19_S3_______.xls;19;S3;3;3,7;384,9;384,9;11.09.2024 00:39;4,55;26,13;1
0_TWK_19_S3_______.xls;19;S3;3;3,7;385,6;385,6;11.09.2024 00:39;4,55;26,13;1
0_TWK_19_S3_______.xls;19;S3;3;3,7;386,4;386,4;11.09.2024 00:39;4,55;26,13;1
0_TWK_19_S3_______.xls;19;S3;3;3,7;387,1;387,1;11.09.2024 00:39;4,55;26,13;1
0_TWK_19_S3_______.xls;19;S3;3;3,6;387,9;387,9;11.09.2024 00:39;4,55;26,13;1
0_TWK_19_S3_______.xls;19;S3;3;3,7;388,6;388,6;11.09.2024 00:40;4,55;26,13;1
0_TWK_19_S3_______.xls;19;S3;3;3,6;389,4;389,4;11.09.2024 00:40;4,55;26,13;1
0_TWK_19_S3_______.xls;19;S3;3;3,7;390,2;390,2;11.09.2024 00:40;4,55;26,13;1
0_TWK_19_S3_______.xls;19;S3;3;3,7;390,9;390,9;11.09.2024 00:40;4,55;26,13;1
0_TWK_19_S3_______.xls;19;S3;3;3,7;391,7;391,7;11.09.2024 00:40;4,55;26,13;1
0_TWK_19_S3_______.xls;19;S3;3;3,6;392,4;392,4;11.09.2024 00:41;4,55;26,13;1
0_TWK_19_S3_______.xls;19;S3;3;3,7;393,2;393,2;11.09.2024 00:41;4,55;26,13;1
0_TWK_19_S3_______.xls;19;S3;3;3,7;393,9;393,9;11.09.2024 00:41;4,55;26,13;1
0_TWK_19_S3_______.xls;19;S3;3;3,6;394,7;394,7;11.09.2024 00:41;4,55;26,13;1
0_TWK_19_S3_______.xls;19;S3;3;3,7;395,4;395,4;11.09.2024 00:41;4,55;26,13;1
0_TWK_19_S3_______.xls;19;S3;3;3,7;396,2;396,2;11.09.2024 00:42;4,55;26,13;1
0_TWK_19_S3_______.xls;19;S3;3;3,7;397;397;11.09.2024 00:42;4,55;26,13;1
0_TWK_19_S3_______.xls;19;S3;3;3,7;397,7;397,7;11.09.2024 00:42;4,55;26,13;1
0_TWK_19_S3_______.xls;19;S3;3;3,6;398,5;398,5;11.09.2024 00:42;4,55;26,13;1
0_TWK_19_S3_______.xls;19;S3;3;3,7;399,2;399,2;11.09.2024 00:42;4,55;26,13;1
0_TWK_19_S3_______.xls;19;S3;3;3,7;400;400;11.09.2024 00:43;4,55;26,13;1
0_TWK_19_S3_______.xls;19;S3;3;3,7;400,7;400,7;11.09.2024 00:43;4,55;26,13;1
0_TWK_19_S3_______.xls;19;S3;3;3,7;401,5;401,5;11.09.2024 00:43;4,55;26,13;1
0_TWK_19_S3_______.xls;19;S3;3;3,8;402,3;402,3;11.09.2024 00:43;4,55;26,13;1
0_TWK_19_S3_______.xls;19;S3;3,07;2,2;402,9;402,9;11.09.2024 00:43;4,55;26,13;1
0_TWK_19_S3_______.xls;19;S3;3;1,2;403,1;403,1;11.09.2024 00:44;4,55;26,13;1
0_TWK_19_S3_______.xls;19;S3;3;2,7;403,6;403,6;11.09.2024 00:44;4,55;26,13;1
0_TWK_19_S3_______.xls;19;S3;3;2,7;404,2;404,2;11.09.2024 00:44;4,55;26,13;1
0_TWK_19_S3_______.xls;19;S3;3;2,6;404,7;404,7;11.09.2024 00:44;4,55;26,13;1
0_TWK_19_S3_______.xls;19;S3;3;2,6;405,3;405,3;11.09.2024 00:44;4,55;26,13;1
0_TWK_19_S3_______.xls;19;S3;3;2,6;405,8;405,8;11.09.2024 00:45;4,55;26,13;1
0_TWK_19_S3_______.xls;19;S3;3;2,5;406,3;406,3;11.09.2024 00:45;4,55;26,13;1
0_TWK_19_S3_______.xls;19;S3;3;2,6;406,8;406,8;11.09.2024 00:45;4,55;26,13;1
0_TWK_19_S3_______.xls;19;S3;3;2,6;407,4;407,4;11.09.2024 00:45;4,55;26,13;1
0_TWK_19_S3_______.xls;19;S3;3;2,6;407,9;407,9;11.09.2024 00:45;4,55;26,13;1
0_TWK_19_S3_______.xls;19;S3;3;2,8;408,5;408,5;11.09.2024 00:46;4,55;26,13;1
0_TWK_19_S3_______.xls;19;S3;3;3,2;409,1;409,1;11.09.2024 00:46;4,55;26,13;1
0_TWK_19_S3_______.xls;19;S3;3,07;2,1;409,7;409,7;11.09.2024 00:46;4,55;26,13;1
0_TWK_19_S3_______.xls;19;S3;3;2,1;410;410;11.09.2024 00:46;4,55;26,13;1
0_TWK_19_S3_______.xls;19;S3;3,07;3,4;410,7;410,7;11.09.2024 00:46;4,55;26,13;1
0_TWK_19_S3_______.xls;19;S3;3;,9;411;411;11.09.2024 00:47;4,55;26,13;1
0_TWK_19_S3_______.xls;19;S3;3;2,1;411,4;411,4;11.09.2024 00:47;4,55;26,13;1
0_TWK_19_S3_______.xls;19;S3;3;2,2;411,9;411,9;11.09.2024 00:47;4,55;26,13;1
0_TWK_19_S3_______.xls;19;S3;3;2,2;412,3;412,3;11.09.2024 00:47;4,55;26,13;1
0_TWK_19_S3_______.xls;19;S3;3;2;412,7;412,7;11.09.2024 00:47;4,55;26,13;1
0_TWK_19_S3_______.xls;19;S3;3;1,9;413,2;413,2;11.09.2024 00:48;4,55;26,13;1
0_TWK_19_S3_______.xls;19;S3;3,07;2,1;413,5;413,5;11.09.2024 00:48;4,55;26,13;1
0_TWK_19_S3_______.xls;19;S3;3;,7;413,8;413,8;11.09.2024 00:48;4,55;26,13;1
0_TWK_19_S3_______.xls;19;S3;3;1,7;414,1;414,1;11.09.2024 00:48;4,55;26,13;1
0_TWK_19_S3_______.xls;19;S3;3;1,6;414,5;414,5;11.09.2024 00:48;4,55;26,13;1
0_TWK_19_S3_______.xls;19;S3;3;1,7;414,8;414,8;11.09.2024 00:49;4,55;26,13;1
0_TWK_19_S3_______.xls;19;S3;3;1,7;415,2;415,2;11.09.2024 00:49;4,55;26,13;1
0_TWK_19_S3_______.xls;19;S3;3;1,7;415,5;415,5;11.09.2024 00:49;4,55;26,13;1
0_TWK_19_S3_______.xls;19;S3;3;2,1;415,9;415,9;11.09.2024 00:49;4,55;26,13;1
0_TWK_19_S3_______.xls;19;S3;3;2,2;416,4;416,4;11.09.2024 00:49;4,55;26,13;1
0_TWK_19_S3_______.xls;19;S3;3;2,2;416,8;416,8;11.09.2024 00:50;4,55;26,13;1
0_TWK_19_S3_______.xls;19;S3;3;2,1;417,3;417,3;11.09.2024 00:50;4,55;26,13;1
0_TWK_19_S3_______.xls;19;S3;3,07;2,2;417,7;417,7;11.09.2024 00:50;4,55;26,13;1
0_TWK_19_S3_______.xls;19;S3;3,07;,8;418;418;11.09.2024 00:50;4,55;26,13;1
0_TWK_19_S3_______.xls;19;S3;3;1,1;418,2;418,2;11.09.2024 00:50;4,55;26,13;1
0_TWK_19_S3_______.xls;19;S3;3,07;1,3;418,5;418,5;11.09.2024 00:51;4,55;26,13;1
0_TWK_19_S3_______.xls;19;S3;3;,5;418,6;418,6;11.09.2024 00:51;4,55;26,13;1
0_TWK_19_S7_______.xls;19;S7;0;0;0;0;11.09.2024 01:13;3,42;10,67;1
0_TWK_19_S7_______.xls;19;S7;0;0;,1;,1;11.09.2024 01:13;3,42;10,67;1
0_TWK_19_S7_______.xls;19;S7;,07;,1;,1;,1;11.09.2024 01:13;3,42;10,67;1
0_TWK_19_S7_______.xls;19;S7;1,57;1,3;,1;,1;11.09.2024 01:13;3,42;10,67;1
0_TWK_19_S7_______.xls;19;S7;2,4;2;,2;,2;11.09.2024 01:13;3,42;10,67;1
0_TWK_19_S7_______.xls;19;S7;2,48;2,4;,2;,2;11.09.2024 01:13;3,42;10,67;1
0_TWK_19_S7_______.xls;19;S7;2,48;2,7;,3;,3;11.09.2024 01:13;3,42;10,67;1
0_TWK_19_S7_______.xls;19;S7;2,48;2,8;,3;,3;11.09.2024 01:13;3,42;10,67;1
0_TWK_19_S7_______.xls;19;S7;2,48;2,8;,4;,4;11.09.2024 01:13;3,42;10,67;1
0_TWK_19_S7_______.xls;19;S7;2,4;2,9;,4;,4;11.09.2024 01:13;3,42;10,67;1
0_TWK_19_S7_______.xls;19;S7;2,4;2,8;,5;,5;11.09.2024 01:13;3,42;10,67;1
0_TWK_19_S7_______.xls;19;S7;2,4;2,8;,5;,5;11.09.2024 01:13;3,42;10,67;1
0_TWK_19_S7_______.xls;19;S7;2,48;2,8;,6;,6;11.09.2024 01:13;3,42;10,67;1
0_TWK_19_S7_______.xls;19;S7;2,4;2,9;,6;,6;11.09.2024 01:13;3,42;10,67;1
0_TWK_19_S7_______.xls;19;S7;2,4;2,9;,7;,7;11.09.2024 01:13;3,42;10,67;1
0_TWK_19_S7_______.xls;19;S7;2,4;2,7;,7;,7;11.09.2024 01:13;3,42;10,67;1
0_TWK_19_S7_______.xls;19;S7;2,4;2,6;,7;,7;11.09.2024 01:13;3,42;10,67;1
0_TWK_19_S7_______.xls;19;S7;2,48;2,6;,8;,8;11.09.2024 01:13;3,42;10,67;1
0_TWK_19_S7_______.xls;19;S7;2,48;2,6;,8;,8;11.09.2024 01:13;3,42;10,67;1
0_TWK_19_S7_______.xls;19;S7;2,59;2,6;,9;,9;11.09.2024 01:13;3,42;10,67;1
0_TWK_19_S7_______.xls;19;S7;2,59;2,6;,9;,9;11.09.2024 01:13;3,42;10,67;1
0_TWK_19_S7_______.xls;19;S7;2,48;2,6;1;1;11.09.2024 01:13;3,42;10,67;1
0_TWK_19_S7_______.xls;19;S7;2,59;2,7;1;1;11.09.2024 01:13;3,42;10,67;1
0_TWK_19_S7_______.xls;19;S7;2,7;2,7;1,1;1,1;11.09.2024 01:13;3,42;10,67;1
0_TWK_19_S7_______.xls;19;S7;2,77;2,8;1,1;1,1;11.09.2024 01:13;3,42;10,67;1
0_TWK_19_S7_______.xls;19;S7;2,77;2,7;1,2;1,2;11.09.2024 01:13;3,42;10,67;1
0_TWK_19_S7_______.xls;19;S7;2,59;2,6;1,2;1,2;11.09.2024 01:13;3,42;10,67;1
0_TWK_19_S7_______.xls;19;S7;2,59;2,6;1,2;1,2;11.09.2024 01:13;3,42;10,67;1
0_TWK_19_S7_______.xls;19;S7;2,7;2,6;1,3;1,3;11.09.2024 01:13;3,42;10,67;1
0_TWK_19_S7_______.xls;19;S7;2,77;2,6;1,3;1,3;11.09.2024 01:13;3,42;10,67;1
0_TWK_19_S7_______.xls;19;S7;2,7;2,6;1,4;1,4;11.09.2024 01:13;3,42;10,67;1
0_TWK_19_S7_______.xls;19;S7;2,77;2,6;1,4;1,4;11.09.2024 01:14;3,42;10,67;1
0_TWK_19_S7_______.xls;19;S7;2,89;2,6;1,5;1,5;11.09.2024 01:14;3,42;10,67;1
0_TWK_19_S7_______.xls;19;S7;2,89;2,6;1,5;1,5;11.09.2024 01:14;3,42;10,67;1
0_TWK_19_S7_______.xls;19;S7;2,89;2,7;1,6;1,6;11.09.2024 01:14;3,42;10,67;1
0_TWK_19_S7_______.xls;19;S7;3;2,6;1,6;1,6;11.09.2024 01:14;3,42;10,67;1
0_TWK_19_S7_______.xls;19;S7;2,89;2,5;1,6;1,6;11.09.2024 01:14;3,42;10,67;1
0_TWK_19_S7_______.xls;19;S7;2,89;2,4;1,7;1,7;11.09.2024 01:14;3,42;10,67;1
0_TWK_19_S7_______.xls;19;S7;3;2,2;1,7;1,7;11.09.2024 01:14;3,42;10,67;1
0_TWK_19_S7_______.xls;19;S7;3;2;1,7;1,7;11.09.2024 01:14;3,42;10,67;1
0_TWK_19_S7_______.xls;19;S7;3;1,9;1,8;1,8;11.09.2024 01:14;3,42;10,67;1
0_TWK_19_S7_______.xls;19;S7;3,07;1,9;1,8;1,8;11.09.2024 01:14;3,42;10,67;1
0_TWK_19_S7_______.xls;19;S7;2,89;1,8;1,8;1,8;11.09.2024 01:14;3,42;10,67;1
0_TWK_19_S7_______.xls;19;S7;2,7;1,5;1,8;1,8;11.09.2024 01:14;3,42;10,67;1
0_TWK_19_S7_______.xls;19;S7;2,17;,5;1,8;1,8;11.09.2024 01:14;3,42;10,67;1
0_TWK_19_S7_______.xls;19;S7;2,17;,2;1,8;1,8;11.09.2024 01:14;3,42;10,67;1
0_TWK_19_S7_______.xls;19;S7;2,1;0;1,8;1,8;11.09.2024 01:14;3,42;10,67;1
0_TWK_19_S7_______.xls;19;S7;2,1;0;1,8;1,8;11.09.2024 01:14;3,42;10,67;1
0_TWK_19_S7_______.xls;19;S7;2,1;0;1,8;1,8;11.09.2024 01:14;3,42;10,67;1
0_TWK_19_S7_______.xls;19;S7;2,1;0;1,8;1,8;11.09.2024 01:14;3,42;10,67;1
0_TWK_19_S7_______.xls;19;S7;2,17;0;1,8;1,8;11.09.2024 01:14;3,42;10,67;1
0_TWK_19_S7_______.xls;19;S7;2,4;,1;1,9;1,9;11.09.2024 01:14;3,42;10,67;1
0_TWK_19_S7_______.xls;19;S7;2,89;,4;1,9;1,9;11.09.2024 01:14;3,42;10,67;1
0_TWK_19_S7_______.xls;19;S7;2,89;,7;1,9;1,9;11.09.2024 01:14;3,42;10,67;1
0_TWK_19_S7_______.xls;19;S7;3;1;1,9;1,9;11.09.2024 01:14;3,42;10,67;1
0_TWK_19_S7_______.xls;19;S7;2,89;1,1;1,9;1,9;11.09.2024 01:14;3,42;10,67;1
0_TWK_19_S7_______.xls;19;S7;3;1,1;2;2;11.09.2024 01:14;3,42;10,67;1
0_TWK_19_S7_______.xls;19;S7;3;1,1;2;2;11.09.2024 01:14;3,42;10,67;1
0_TWK_19_S7_______.xls;19;S7;3,07;1,1;2;2;11.09.2024 01:14;3,42;10,67;1
0_TWK_19_S7_______.xls;19;S7;2,7;1;2;2;11.09.2024 01:14;3,42;10,67;1
0_TWK_19_S7_______.xls;19;S7;2,29;,5;2;2;11.09.2024 01:14;3,42;10,67;1
0_TWK_19_S7_______.xls;19;S7;2,29;,2;2;2;11.09.2024 01:14;3,42;10,67;1
0_TWK_19_S7_______.xls;19;S7;2,17;0;2;2;11.09.2024 01:14;3,42;10,67;1
0_TWK_19_S7_______.xls;19;S7;2,17;0;2;2;11.09.2024 01:14;3,42;10,67;1
0_TWK_19_S7_______.xls;19;S7;2,17;0;2;2;11.09.2024 01:14;3,42;10,67;1
0_TWK_19_S7_______.xls;19;S7;2,17;0;2;2;11.09.2024 01:14;3,42;10,67;1
0_TWK_19_S7_______.xls;19;S7;2,59;,1;2;2;11.09.2024 01:14;3,42;10,67;1
0_TWK_19_S7_______.xls;19;S7;2,77;,3;2;2;11.09.2024 01:14;3,42;10,67;1
0_TWK_19_S7_______.xls;19;S7;3;,6;2,1;2,1;11.09.2024 01:14;3,42;10,67;1
0_TWK_19_S7_______.xls;19;S7;3;,9;2,1;2,1;11.09.2024 01:14;3,42;10,67;1
0_TWK_19_S7_______.xls;19;S7;3;1;2,1;2,1;11.09.2024 01:14;3,42;10,67;1
0_TWK_19_S7_______.xls;19;S7;2,89;1;2,1;2,1;11.09.2024 01:14;3,42;10,67;1
0_TWK_31_G14_______.xls;31;G14;0;0;,5;0;14.09.2024 02:51;1,21;26,74;0
0_TWK_31_G14_______.xls;31;G14;0;0;0;0;14.09.2024 02:51;1,21;26,74;0
0_TWK_31_G14_______.xls;31;G14;0;0;0;0;14.09.2024 02:51;1,21;26,74;0
0_TWK_31_G14_______.xls;31;G14;0;,2;,1;,1;14.09.2024 02:51;1,21;26,74;0
0_TWK_31_G14_______.xls;31;G14;0;,2;,1;,1;14.09.2024 02:51;1,21;26,74;0
0_TWK_31_G14_______.xls;31;G14;0;1;,1;,1;14.09.2024 02:51;1,21;26,74;0
0_TWK_31_G14_______.xls;31;G14;0;1,5;,1;,1;14.09.2024 02:51;1,21;26,74;0
0_TWK_31_G14_______.xls;31;G14;0;1,6;,2;,2;14.09.2024 02:51;1,21;26,74;0
0_TWK_31_G14_______.xls;31;G14;0;1,7;,2;,2;14.09.2024 02:51;1,21;26,74;0
0_TWK_31_G14_______.xls;31;G14;0;1,6;,2;,2;14.09.2024 02:51;1,21;26,74;0
0_TWK_31_G14_______.xls;31;G14;,07;1,6;,2;,2;14.09.2024 02:51;1,21;26,74;0
0_TWK_31_G14_______.xls;31;G14;,19;1,5;,3;,3;14.09.2024 02:51;1,21;26,74;0
0_TWK_31_G14_______.xls;31;G14;,49;1,6;,3;,3;14.09.2024 02:51;1,21;26,74;0
0_TWK_31_G14_______.xls;31;G14;,6;1,6;,3;,3;14.09.2024 02:51;1,21;26,74;0
0_TWK_31_G14_______.xls;31;G14;,67;1,6;,4;,4;14.09.2024 02:51;1,21;26,74;0
0_TWK_31_G14_______.xls;31;G14;,79;1,7;,4;,4;14.09.2024 02:51;1,21;26,74;0
0_TWK_31_G14_______.xls;31;G14;,79;1,7;,4;,4;14.09.2024 02:51;1,21;26,74;0
0_TWK_31_G14_______.xls;31;G14;,9;1,6;,4;,4;14.09.2024 02:51;1,21;26,74;0
0_TWK_31_G14_______.xls;31;G14;,9;1,6;,5;,5;14.09.2024 02:51;1,21;26,74;0
0_TWK_31_G14_______.xls;31;G14;,98;1,5;,5;,5;14.09.2024 02:51;1,21;26,74;0
0_TWK_31_G14_______.xls;31;G14;1,27;1,6;,5;,5;14.09.2024 02:51;1,21;26,74;0
0_TWK_31_G14_______.xls;31;G14;1,88;1,6;,5;,5;14.09.2024 02:51;1,21;26,74;0
0_TWK_31_G14_______.xls;31;G14;1,69;1,5;,5;,5;14.09.2024 02:51;1,21;26,74;0
0_TWK_31_G14_______.xls;31;G14;1,2;,6;,5;,5;14.09.2024 02:51;1,21;26,74;0
0_TWK_31_G14_______.xls;31;G14;1,2;,3;,5;,5;14.09.2024 02:51;1,21;26,74;0
0_TWK_31_G14_______.xls;31;G14;1,09;0;,5;,5;14.09.2024 02:51;1,21;26,74;0
0_TWK_31_G14_______.xls;31;G14;1,09;0;,5;,5;14.09.2024 02:51;1,21;26,74;0
0_TWK_31_G14_______.xls;31;G14;,98;0;,5;,5;14.09.2024 02:51;1,21;26,74;0
0_TWK_31_G14_______.xls;31;G14;,98;0;,5;,5;14.09.2024 02:51;1,21;26,74;0
0_TWK_31_G14_______.xls;31;G14;,98;0;,5;,5;14.09.2024 02:51;1,21;26,74;0
0_TWK_31_G14_______.xls;31;G14;1,09;,1;,5;,5;14.09.2024 02:51;1,21;26,74;0
0_TWK_31_G14_______.xls;31;G14;1,69;,3;,5;,5;14.09.2024 02:51;1,21;26,74;0
0_TWK_31_G14_______.xls;31;G14;1,69;,5;,5;,5;14.09.2024 02:51;1,21;26,74;0
0_TWK_31_G14_______.xls;31;G14;1,27;,4;,5;,5;14.09.2024 02:51;1,21;26,74;0
0_TWK_31_G14_______.xls;31;G14;1,2;0;,5;,5;14.09.2024 02:51;1,21;26,74;0
0_TWK_31_G14_______.xls;31;G14;1,09;0;,5;,5;14.09.2024 02:51;1,21;26,74;0
0_TWK_31_G14_______.xls;31;G14;1,09;0;,5;,5;14.09.2024 02:51;1,21;26,74;0
0_TWK_31_G14_______.xls;31;G14;1,09;0;,5;,5;14.09.2024 02:51;1,21;26,74;0
0_TWK_31_G14_______.xls;31;G14;1,2;0;,5;,5;14.09.2024 02:51;1,21;26,74;0
0_TWK_31_G14_______.xls;31;G14;1,5;,1;,5;,5;14.09.2024 02:51;1,21;26,74;0
0_TWK_31_G14_______.xls;31;G14;1,8;,2;,5;,5;14.09.2024 02:51;1,21;26,74;0
0_TWK_31_G14_______.xls;31;G14;1,57;,4;,5;,5;14.09.2024 02:51;1,21;26,74;0
0_TWK_31_G14_______.xls;31;G14;1,39;,3;,5;,5;14.09.2024 02:51;1,21;26,74;0
0_TWK_31_S3_______.xls;31;S3;1,8;0;394,5;0;14.09.2024 02:02;4,55;76,39;1
0_TWK_31_S3_______.xls;31;S3;3;,7;,1;,1;14.09.2024 02:02;4,55;76,39;1
0_TWK_31_S3_______.xls;31;S3;2,7;1,8;,1;,1;14.09.2024 02:02;4,55;76,39;1
0_TWK_31_S3_______.xls;31;S3;2,29;0;,1;,1;14.09.2024 02:02;4,55;76,39;1
0_TWK_31_S3_______.xls;31;S3;2,89;,5;,1;,1;14.09.2024 02:02;4,55;76,39;1
0_TWK_31_S3_______.xls;31;S3;3;1,8;,3;,3;14.09.2024 02:02;4,55;76,39;1
0_TWK_31_S3_______.xls;31;S3;3;1,9;,4;,4;14.09.2024 02:02;4,55;76,39;1
0_TWK_31_S3_______.xls;31;S3;3;1,9;,5;,5;14.09.2024 02:02;4,55;76,39;1
0_TWK_31_S3_______.xls;31;S3;3;1,9;,7;,7;14.09.2024 02:02;4,55;76,39;1
0_TWK_31_S3_______.xls;31;S3;2,89;1,9;,8;,8;14.09.2024 02:02;4,55;76,39;1
0_TWK_31_S3_______.xls;31;S3;2,89;1,9;,9;,9;14.09.2024 02:02;4,55;76,39;1
0_TWK_31_S3_______.xls;31;S3;2,89;1,9;1,1;1,1;14.09.2024 02:03;4,55;76,39;1
0_TWK_31_S3_______.xls;31;S3;2,89;1,9;1,2;1,2;14.09.2024 02:03;4,55;76,39;1
0_TWK_31_S3_______.xls;31;S3;2,89;1,9;1,3;1,3;14.09.2024 02:03;4,55;76,39;1
0_TWK_31_S3_______.xls;31;S3;2,89;1,9;1,5;1,5;14.09.2024 02:03;4,55;76,39;1
0_TWK_31_S3_______.xls;31;S3;2,89;1,8;1,6;1,6;14.09.2024 02:03;4,55;76,39;1
0_TWK_31_S3_______.xls;31;S3;2,89;1,9;1,7;1,7;14.09.2024 02:03;4,55;76,39;1
0_TWK_31_S3_______.xls;31;S3;2,77;1,8;1,8;1,8;14.09.2024 02:03;4,55;76,39;1
0_TWK_31_S3_______.xls;31;S3;2,77;1,9;1,9;1,9;14.09.2024 02:03;4,55;76,39;1
0_TWK_31_S3_______.xls;31;S3;2,89;1,8;2;2;14.09.2024 02:03;4,55;76,39;1
0_TWK_31_S3_______.xls;31;S3;2,89;1,9;2,2;2,2;14.09.2024 02:03;4,55;76,39;1
0_TWK_31_S3_______.xls;31;S3;2,89;1,8;2,4;2,4;14.09.2024 02:03;4,55;76,39;1
0_TWK_31_S3_______.xls;31;S3;2,77;1,9;2,5;2,5;14.09.2024 02:03;4,55;76,39;1
0_TWK_31_S3_______.xls;31;S3;2,77;1,9;2,6;2,6;14.09.2024 02:03;4,55;76,39;1
0_TWK_31_S3_______.xls;31;S3;2,89;1,9;2,8;2,8;14.09.2024 02:03;4,55;76,39;1
0_TWK_31_S3_______.xls;31;S3;2,77;2;2,9;2,9;14.09.2024 02:03;4,55;76,39;1
0_TWK_31_S3_______.xls;31;S3;2,77;2,2;3;3;14.09.2024 02:04;4,55;76,39;1
0_TWK_31_S3_______.xls;31;S3;2,89;2,2;3,2;3,2;14.09.2024 02:04;4,55;76,39;1
0_TWK_31_S3_______.xls;31;S3;2,89;2,3;3,4;3,4;14.09.2024 02:04;4,55;76,39;1
0_TWK_31_S3_______.xls;31;S3;2,89;2,2;3,5;3,5;14.09.2024 02:04;4,55;76,39;1
0_TWK_31_S3_______.xls;31;S3;2,89;2,3;3,7;3,7;14.09.2024 02:04;4,55;76,39;1
0_TWK_31_S3_______.xls;31;S3;2,89;2,3;3,8;3,8;14.09.2024 02:04;4,55;76,39;1
0_TWK_31_S3_______.xls;31;S3;2,89;2,3;4;4;14.09.2024 02:04;4,55;76,39;1
0_TWK_31_S3_______.xls;31;S3;2,89;2,3;4,2;4,2;14.09.2024 02:04;4,55;76,39;1
0_TWK_31_S3_______.xls;31;S3;2,89;2,3;4,3;4,3;14.09.2024 02:04;4,55;76,39;1
0_TWK_31_S3_______.xls;31;S3;2,89;2,3;4,5;4,5;14.09.2024 02:04;4,55;76,39;1
0_TWK_31_S3_______.xls;31;S3;2,89;2,3;4,6;4,6;14.09.2024 02:04;4,55;76,39;1
0_TWK_31_S3_______.xls;31;S3;2,89;2,4;4,8;4,8;14.09.2024 02:04;4,55;76,39;1
0_TWK_31_S3_______.xls;31;S3;2,89;2,3;5;5;14.09.2024 02:04;4,55;76,39;1
0_TWK_31_S3_______.xls;31;S3;2,89;2,3;5,1;5,1;14.09.2024 02:04;4,55;76,39;1
0_TWK_31_S3_______.xls;31;S3;2,89;2,3;5,3;5,3;14.09.2024 02:04;4,55;76,39;1
0_TWK_31_S3_______.xls;31;S3;2,89;2,3;5,4;5,4;14.09.2024 02:05;4,55;76,39;1
0_TWK_31_S3_______.xls;31;S3;2,89;2,3;5,6;5,6;14.09.2024 02:05;4,55;76,39;1
0_TWK_31_S3_______.xls;31;S3;2,89;2,3;5,8;5,8;14.09.2024 02:05;4,55;76,39;1
0_TWK_31_S3_______.xls;31;S3;2,89;2,4;5,9;5,9;14.09.2024 02:05;4,55;76,39;1
0_TWK_31_S3_______.xls;31;S3;2,89;2,3;6,1;6,1;14.09.2024 02:05;4,55;76,39;1
0_TWK_31_S3_______.xls;31;S3;2,89;2,3;6,2;6,2;14.09.2024 02:05;4,55;76,39;1
0_TWK_31_S3_______.xls;31;S3;2,89;2,3;6,4;6,4;14.09.2024 02:05;4,55;76,39;1
0_TWK_31_S3_______.xls;31;S3;2,89;2,3;6,6;6,6;14.09.2024 02:05;4,55;76,39;1
0_TWK_31_S3_______.xls;31;S3;2,89;2,3;6,7;6,7;14.09.2024 02:05;4,55;76,39;1
0_TWK_31_S3_______.xls;31;S3;2,89;2,3;6,9;6,9;14.09.2024 02:05;4,55;76,39;1
0_TWK_31_S3_______.xls;31;S3;2,89;2,3;7;7;14.09.2024 02:05;4,55;76,39;1
0_TWK_31_S3_______.xls;31;S3;2,89;2,4;7,2;7,2;14.09.2024 02:05;4,55;76,39;1
0_TWK_31_S3_______.xls;31;S3;2,89;2,4;7,3;7,3;14.09.2024 02:05;4,55;76,39;1
0_TWK_31_S3_______.xls;31;S3;2,89;2,3;7,5;7,5;14.09.2024 02:05;4,55;76,39;1
0_TWK_31_S3_______.xls;31;S3;2,89;2,3;7,7;7,7;14.09.2024 02:05;4,55;76,39;1
0_TWK_31_S3_______.xls;31;S3;2,89;2,4;7,8;7,8;14.09.2024 02:06;4,55;76,39;1
0_TWK_31_S3_______.xls;31;S3;2,89;2,4;8;8;14.09.2024 02:06;4,55;76,39;1
0_TWK_31_S3_______.xls;31;S3;2,89;2,3;8,2;8,2;14.09.2024 02:06;4,55;76,39;1
0_TWK_31_S3_______.xls;31;S3;2,89;2,4;8,3;8,3;14.09.2024 02:06;4,55;76,39;1
0_TWK_31_S3_______.xls;31;S3;2,89;2,3;8,5;8,5;14.09.2024 02:06;4,55;76,39;1
0_TWK_31_S3_______.xls;31;S3;2,89;2,3;8,7;8,7;14.09.2024 02:06;4,55;76,39;1
0_TWK_31_S3_______.xls;31;S3;2,89;2,3;8,8;8,8;14.09.2024 02:06;4,55;76,39;1
0_TWK_31_S3_______.xls;31;S3;2,89;2,4;9;9;14.09.2024 02:06;4,55;76,39;1
0_TWK_31_S3_______.xls;31;S3;2,89;2,3;9,2;9,2;14.09.2024 02:06;4,55;76,39;1
0_TWK_31_S3_______.xls;31;S3;2,89;2,3;9,3;9,3;14.09.2024 02:06;4,55;76,39;1
0_TWK_31_S3_______.xls;31;S3;2,89;2,3;9,4;9,4;14.09.2024 02:06;4,55;76,39;1
0_TWK_31_S3_______.xls;31;S3;2,89;2,3;9,6;9,6;14.09.2024 02:06;4,55;76,39;1
0_TWK_31_S3_______.xls;31;S3;2,89;2,3;9,8;9,8;14.09.2024 02:06;4,55;76,39;1
0_TWK_31_S3_______.xls;31;S3;2,89;2,3;9,9;9,9;14.09.2024 02:06;4,55;76,39;1
0_TWK_31_S3_______.xls;31;S3;2,89;2,3;10,1;10,1;14.09.2024 02:06;4,55;76,39;1
0_TWK_31_S3_______.xls;31;S3;2,89;2,4;10,3;10,3;14.09.2024 02:07;4,55;76,39;1
0_TWK_31_S3_______.xls;31;S3;2,89;2,4;10,4;10,4;14.09.2024 02:07;4,55;76,39;1
0_TWK_31_S3_______.xls;31;S3;2,89;2,4;10,6;10,6;14.09.2024 02:07;4,55;76,39;1
0_TWK_31_S3_______.xls;31;S3;2,89;2,3;10,8;10,8;14.09.2024 02:07;4,55;76,39;1
0_TWK_31_S3_______.xls;31;S3;2,89;2,4;10,9;10,9;14.09.2024 02:07;4,55;76,39;1
0_TWK_31_S3_______.xls;31;S3;2,89;2,5;11,1;11,1;14.09.2024 02:07;4,55;76,39;1
0_TWK_31_S3_______.xls;31;S3;2,89;2,7;11,3;11,3;14.09.2024 02:07;4,55;76,39;1
0_TWK_31_S3_______.xls;31;S3;2,89;2,8;11,4;11,4;14.09.2024 02:07;4,55;76,39;1
0_TWK_31_S3_______.xls;31;S3;2,89;2,8;11,7;11,7;14.09.2024 02:07;4,55;76,39;1
0_TWK_31_S3_______.xls;31;S3;2,89;2,9;11,9;11,9;14.09.2024 02:07;4,55;76,39;1
0_TWK_31_S3_______.xls;31;S3;2,89;3;12,1;12,1;14.09.2024 02:07;4,55;76,39;1
0_TWK_31_S3_______.xls;31;S3;2,89;2,8;12,3;12,3;14.09.2024 02:07;4,55;76,39;1
0_TWK_31_S3_______.xls;31;S3;3;2,9;12,4;12,4;14.09.2024 02:07;4,55;76,39;1
0_TWK_31_S3_______.xls;31;S3;2,89;2,9;12,7;12,7;14.09.2024 02:07;4,55;76,39;1
0_TWK_31_S3_______.xls;31;S3;2,89;2,9;12,9;12,9;14.09.2024 02:07;4,55;76,39;1
0_TWK_31_S3_______.xls;31;S3;2,89;2,9;13,1;13,1;14.09.2024 02:08;4,55;76,39;1
0_TWK_31_S3_______.xls;31;S3;2,89;2,9;13,3;13,3;14.09.2024 02:08;4,55;76,39;1
0_TWK_31_S3_______.xls;31;S3;3;2,9;13,4;13,4;14.09.2024 02:08;4,55;76,39;1
0_TWK_31_S3_______.xls;31;S3;2,89;2,9;13,7;13,7;14.09.2024 02:08;4,55;76,39;1
0_TWK_31_S3_______.xls;31;S3;2,89;2,9;13,9;13,9;14.09.2024 02:08;4,55;76,39;1
0_TWK_31_S3_______.xls;31;S3;2,89;2,9;14,1;14,1;14.09.2024 02:08;4,55;76,39;1
0_TWK_31_S3_______.xls;31;S3;3;2,9;14,3;14,3;14.09.2024 02:08;4,55;76,39;1
0_TWK_31_S3_______.xls;31;S3;3;3;14,4;14,4;14.09.2024 02:08;4,55;76,39;1
0_TWK_31_S3_______.xls;31;S3;2,89;2,9;14,7;14,7;14.09.2024 02:08;4,55;76,39;1
0_TWK_31_S3_______.xls;31;S3;2,89;2,9;14,9;14,9;14.09.2024 02:08;4,55;76,39;1
0_TWK_31_S3_______.xls;31;S3;3;3;15,1;15,1;14.09.2024 02:08;4,55;76,39;1
0_TWK_31_S3_______.xls;31;S3;3;2,9;15,3;15,3;14.09.2024 02:08;4,55;76,39;1
0_TWK_31_S3_______.xls;31;S3;3;2,9;15,4;15,4;14.09.2024 02:08;4,55;76,39;1
0_TWK_31_S3_______.xls;31;S3;2,89;2,9;15,7;15,7;14.09.2024 02:08;4,55;76,39;1
0_TWK_31_S3_______.xls;31;S3;3;3;15,9;15,9;14.09.2024 02:08;4,55;76,39;1
0_TWK_31_S3_______.xls;31;S3;3;2,9;16,1;16,1;14.09.2024 02:09;4,55;76,39;1
0_TWK_31_S3_______.xls;31;S3;3;2,9;16,3;16,3;14.09.2024 02:09;4,55;76,39;1
0_TWK_31_S3_______.xls;31;S3;3;2,9;16,5;16,5;14.09.2024 02:09;4,55;76,39;1
0_TWK_31_S3_______.xls;31;S3;3;3;16,7;16,7;14.09.2024 02:09;4,55;76,39;1
0_TWK_31_S3_______.xls;31;S3;3;3;16,9;16,9;14.09.2024 02:09;4,55;76,39;1
0_TWK_31_S3_______.xls;31;S3;3;3;17,1;17,1;14.09.2024 02:09;4,55;76,39;1
0_TWK_31_S3_______.xls;31;S3;3;2,9;17,3;17,3;14.09.2024 02:09;4,55;76,39;1
0_TWK_31_S3_______.xls;31;S3;3;2,9;17,5;17,5;14.09.2024 02:09;4,55;76,39;1
0_TWK_31_S3_______.xls;31;S3;3;2,9;17,7;17,7;14.09.2024 02:09;4,55;76,39;1
0_TWK_31_S3_______.xls;31;S3;2,89;2,9;17,9;17,9;14.09.2024 02:09;4,55;76,39;1
0_TWK_31_S3_______.xls;31;S3;3;3;18,1;18,1;14.09.2024 02:09;4,55;76,39;1
0_TWK_31_S3_______.xls;31;S3;3;2,9;18,3;18,3;14.09.2024 02:09;4,55;76,39;1
0_TWK_31_S3_______.xls;31;S3;2,89;2,9;18,5;18,5;14.09.2024 02:09;4,55;76,39;1
0_TWK_31_S3_______.xls;31;S3;3;3;18,7;18,7;14.09.2024 02:09;4,55;76,39;1
0_TWK_31_S3_______.xls;31;S3;3;3;18,9;18,9;14.09.2024 02:09;4,55;76,39;1
0_TWK_31_S3_______.xls;31;S3;3;3;19,1;19,1;14.09.2024 02:10;4,55;76,39;1
0_TWK_31_S3_______.xls;31;S3;3;3;19,3;19,3;14.09.2024 02:10;4,55;76,39;1
0_TWK_31_S3_______.xls;31;S3;3;2,9;19,5;19,5;14.09.2024 02:10;4,55;76,39;1
0_TWK_31_S3_______.xls;31;S3;3;2,9;19,7;19,7;14.09.2024 02:10;4,55;76,39;1
0_TWK_31_S3_______.xls;31;S3;3;2,9;19,9;19,9;14.09.2024 02:10;4,55;76,39;1
0_TWK_31_S3_______.xls;31;S3;3;2,9;20,1;20,1;14.09.2024 02:10;4,55;76,39;1
0_TWK_31_S3_______.xls;31;S3;2,89;3;20,3;20,3;14.09.2024 02:10;4,55;76,39;1
0_TWK_31_S3_______.xls;31;S3;3;2,9;20,5;20,5;14.09.2024 02:10;4,55;76,39;1
0_TWK_31_S3_______.xls;31;S3;2,89;2,9;20,7;20,7;14.09.2024 02:10;4,55;76,39;1
0_TWK_31_S3_______.xls;31;S3;3;2,8;20,9;20,9;14.09.2024 02:10;4,55;76,39;1
0_TWK_31_S3_______.xls;31;S3;3;2,8;21,1;21,1;14.09.2024 02:10;4,55;76,39;1
0_TWK_31_S3_______.xls;31;S3;3;2,8;21,3;21,3;14.09.2024 02:10;4,55;76,39;1
0_TWK_31_S3_______.xls;31;S3;3;2,7;21,5;21,5;14.09.2024 02:10;4,55;76,39;1
0_TWK_31_S3_______.xls;31;S3;3;2,7;21,7;21,7;14.09.2024 02:10;4,55;76,39;1
0_TWK_31_S3_______.xls;31;S3;3;2,7;21,9;21,9;14.09.2024 02:10;4,55;76,39;1
0_TWK_31_S3_______.xls;31;S3;2,89;2,7;22;22;14.09.2024 02:11;4,55;76,39;1
0_TWK_31_S3_______.xls;31;S3;2,89;2,7;22,2;22,2;14.09.2024 02:11;4,55;76,39;1
0_TWK_31_S3_______.xls;31;S3;3;2,8;22,4;22,4;14.09.2024 02:11;4,55;76,39;1
0_TWK_31_S3_______.xls;31;S3;3;2,8;22,6;22,6;14.09.2024 02:11;4,55;76,39;1
0_TWK_31_S3_______.xls;31;S3;2,89;2,9;22,8;22,8;14.09.2024 02:11;4,55;76,39;1
0_TWK_31_S3_______.xls;31;S3;2,89;2,9;23;23;14.09.2024 02:11;4,55;76,39;1
0_TWK_31_S3_______.xls;31;S3;2,89;2,9;23,2;23,2;14.09.2024 02:11;4,55;76,39;1
0_TWK_31_S3_______.xls;31;S3;2,89;2,8;23,4;23,4;14.09.2024 02:11;4,55;76,39;1
0_TWK_31_S3_______.xls;31;S3;2,89;2,7;23,6;23,6;14.09.2024 02:11;4,55;76,39;1
0_TWK_31_S3_______.xls;31;S3;3;2,8;23,8;23,8;14.09.2024 02:11;4,55;76,39;1
0_TWK_31_S3_______.xls;31;S3;2,89;2,8;24;24;14.09.2024 02:11;4,55;76,39;1
0_TWK_31_S3_______.xls;31;S3;2,89;2,7;24,2;24,2;14.09.2024 02:11;4,55;76,39;1
0_TWK_31_S3_______.xls;31;S3;2,89;2,8;24,4;24,4;14.09.2024 02:11;4,55;76,39;1
0_TWK_31_S3_______.xls;31;S3;3;2,8;24,5;24,5;14.09.2024 02:11;4,55;76,39;1
0_TWK_31_S3_______.xls;31;S3;3;2,8;24,8;24,8;14.09.2024 02:11;4,55;76,39;1
0_TWK_31_S3_______.xls;31;S3;3;2,8;25;25;14.09.2024 02:12;4,55;76,39;1
0_TWK_31_S3_______.xls;31;S3;3;2,8;25,2;25,2;14.09.2024 02:12;4,55;76,39;1
0_TWK_31_S3_______.xls;31;S3;3;2,9;25,4;25,4;14.09.2024 02:12;4,55;76,39;1
0_TWK_31_S3_______.xls;31;S3;3;3;25,5;25,5;14.09.2024 02:12;4,55;76,39;1
0_TWK_31_S3_______.xls;31;S3;3;3,2;25,8;25,8;14.09.2024 02:12;4,55;76,39;1
0_TWK_31_S3_______.xls;31;S3;3;3,2;26;26;14.09.2024 02:12;4,55;76,39;1
0_TWK_31_S3_______.xls;31;S3;3;3,2;26,2;26,2;14.09.2024 02:12;4,55;76,39;1
0_TWK_31_S3_______.xls;31;S3;3;3,2;26,4;26,4;14.09.2024 02:12;4,55;76,39;1
0_TWK_31_S3_______.xls;31;S3;2,89;3,2;26,6;26,6;14.09.2024 02:12;4,55;76,39;1
0_TWK_31_S3_______.xls;31;S3;2,7;,7;26,6;26,6;14.09.2024 02:12;4,55;76,39;1
0_TWK_31_S3_______.xls;31;S3;2,59;0;26,6;26,6;14.09.2024 02:12;4,55;76,39;1
0_TWK_31_S3_______.xls;31;S3;2,48;0;26,6;26,6;14.09.2024 02:12;4,55;76,39;1
0_TWK_31_S3_______.xls;31;S3;2,48;0;26,6;26,6;14.09.2024 02:12;4,55;76,39;1
0_TWK_31_S3_______.xls;31;S3;2,48;0;26,6;26,6;14.09.2024 02:12;4,55;76,39;1
0_TWK_31_S3_______.xls;31;S3;2,48;0;26,6;26,6;14.09.2024 02:12;4,55;76,39;1
0_TWK_31_S3_______.xls;31;S3;2,48;0;26,6;26,6;14.09.2024 02:13;4,55;76,39;1
0_TWK_31_S3_______.xls;31;S3;2,48;0;26,6;26,6;14.09.2024 02:13;4,55;76,39;1
0_TWK_31_S3_______.xls;31;S3;2,48;0;26,6;26,6;14.09.2024 02:13;4,55;76,39;1
0_TWK_31_S3_______.xls;31;S3;2,48;0;26,6;26,6;14.09.2024 02:13;4,55;76,39;1
0_TWK_31_S3_______.xls;31;S3;2,48;0;26,6;26,6;14.09.2024 02:13;4,55;76,39;1
0_TWK_31_S3_______.xls;31;S3;2,48;0;26,6;26,6;14.09.2024 02:13;4,55;76,39;1
0_TWK_31_S3_______.xls;31;S3;2,48;0;26,6;26,6;14.09.2024 02:13;4,55;76,39;1
0_TWK_31_S3_______.xls;31;S3;2,48;0;26,6;26,6;14.09.2024 02:13;4,55;76,39;1
0_TWK_31_S3_______.xls;31;S3;2,48;0;26,6;26,6;14.09.2024 02:13;4,55;76,39;1
0_TWK_31_S3_______.xls;31;S3;2,48;0;26,6;26,6;14.09.2024 02:13;4,55;76,39;1
0_TWK_31_S3_______.xls;31;S3;2,48;0;26,6;26,6;14.09.2024 02:13;4,55;76,39;1
0_TWK_31_S3_______.xls;31;S3;2,48;0;26,6;26,6;14.09.2024 02:13;4,55;76,39;1
0_TWK_31_S3_______.xls;31;S3;2,48;0;26,6;26,6;14.09.2024 02:13;4,55;76,39;1
0_TWK_31_S3_______.xls;31;S3;2,4;0;26,6;26,6;14.09.2024 02:13;4,55;76,39;1
0_TWK_31_S3_______.xls;31;S3;2,48;0;26,6;26,6;14.09.2024 02:13;4,55;76,39;1
0_TWK_31_S3_______.xls;31;S3;2,4;0;26,6;26,6;14.09.2024 02:14;4,55;76,39;1
0_TWK_31_S3_______.xls;31;S3;2,4;0;26,6;26,6;14.09.2024 02:14;4,55;76,39;1
0_TWK_31_S3_______.xls;31;S3;2,48;0;26,6;26,6;14.09.2024 02:14;4,55;76,39;1
0_TWK_31_S3_______.xls;31;S3;2,4;0;26,6;26,6;14.09.2024 02:14;4,55;76,39;1
0_TWK_31_S3_______.xls;31;S3;2,4;0;26,6;26,6;14.09.2024 02:14;4,55;76,39;1
0_TWK_31_S3_______.xls;31;S3;2,48;0;26,6;26,6;14.09.2024 02:14;4,55;76,39;1
0_TWK_31_S3_______.xls;31;S3;2,4;0;26,6;26,6;14.09.2024 02:14;4,55;76,39;1
0_TWK_31_S3_______.xls;31;S3;2,4;0;26,6;26,6;14.09.2024 02:14;4,55;76,39;1
0_TWK_31_S3_______.xls;31;S3;2,4;0;26,6;26,6;14.09.2024 02:14;4,55;76,39;1
0_TWK_31_S3_______.xls;31;S3;2,4;0;26,6;26,6;14.09.2024 02:14;4,55;76,39;1
0_TWK_31_S3_______.xls;31;S3;2,4;0;26,6;26,6;14.09.2024 02:14;4,55;76,39;1
0_TWK_31_S3_______.xls;31;S3;2,4;0;26,6;26,6;14.09.2024 02:14;4,55;76,39;1
0_TWK_31_S3_______.xls;31;S3;2,4;0;26,6;26,6;14.09.2024 02:14;4,55;76,39;1
0_TWK_31_S3_______.xls;31;S3;2,4;0;26,6;26,6;14.09.2024 02:14;4,55;76,39;1
0_TWK_31_S3_______.xls;31;S3;2,4;0;26,6;26,6;14.09.2024 02:14;4,55;76,39;1
0_TWK_31_S3_______.xls;31;S3;2,4;0;26,6;26,6;14.09.2024 02:15;4,55;76,39;1
0_TWK_31_S3_______.xls;31;S3;2,4;0;26,6;26,6;14.09.2024 02:15;4,55;76,39;1
0_TWK_31_S3_______.xls;31;S3;2,4;0;26,6;26,6;14.09.2024 02:15;4,55;76,39;1
0_TWK_31_S3_______.xls;31;S3;2,4;0;26,6;26,6;14.09.2024 02:15;4,55;76,39;1
0_TWK_31_S3_______.xls;31;S3;2,4;0;26,6;26,6;14.09.2024 02:15;4,55;76,39;1
0_TWK_31_S3_______.xls;31;S3;2,4;0;26,6;26,6;14.09.2024 02:15;4,55;76,39;1
0_TWK_31_S3_______.xls;31;S3;2,4;0;26,6;26,6;14.09.2024 02:15;4,55;76,39;1
0_TWK_31_S3_______.xls;31;S3;2,4;0;26,6;26,6;14.09.2024 02:15;4,55;76,39;1
0_TWK_31_S3_______.xls;31;S3;2,4;0;26,6;26,6;14.09.2024 02:15;4,55;76,39;1
0_TWK_31_S3_______.xls;31;S3;2,4;0;26,6;26,6;14.09.2024 02:15;4,55;76,39;1
0_TWK_31_S3_______.xls;31;S3;2,4;0;26,6;26,6;14.09.2024 02:15;4,55;76,39;1
0_TWK_31_S3_______.xls;31;S3;2,29;0;26,6;26,6;14.09.2024 02:15;4,55;76,39;1
0_TWK_31_S3_______.xls;31;S3;2,4;0;26,6;26,6;14.09.2024 02:15;4,55;76,39;1
0_TWK_31_S3_______.xls;31;S3;2,4;0;26,6;26,6;14.09.2024 02:15;4,55;76,39;1
0_TWK_31_S3_______.xls;31;S3;2,4;0;26,6;26,6;14.09.2024 02:15;4,55;76,39;1
0_TWK_31_S3_______.xls;31;S3;2,4;0;26,6;26,6;14.09.2024 02:16;4,55;76,39;1
0_TWK_31_S3_______.xls;31;S3;2,4;0;26,6;26,6;14.09.2024 02:16;4,55;76,39;1
0_TWK_31_S3_______.xls;31;S3;2,4;0;26,6;26,6;14.09.2024 02:16;4,55;76,39;1
0_TWK_31_S3_______.xls;31;S3;2,4;0;26,6;26,6;14.09.2024 02:16;4,55;76,39;1
0_TWK_31_S3_______.xls;31;S3;2,4;0;26,6;26,6;14.09.2024 02:16;4,55;76,39;1
0_TWK_31_S3_______.xls;31;S3;2,4;0;26,6;26,6;14.09.2024 02:16;4,55;76,39;1
0_TWK_31_S3_______.xls;31;S3;2,4;0;26,6;26,6;14.09.2024 02:16;4,55;76,39;1
0_TWK_31_S3_______.xls;31;S3;2,4;0;26,6;26,6;14.09.2024 02:16;4,55;76,39;1
0_TWK_31_S3_______.xls;31;S3;2,4;0;26,6;26,6;14.09.2024 02:16;4,55;76,39;1
0_TWK_31_S3_______.xls;31;S3;2,4;0;26,6;26,6;14.09.2024 02:16;4,55;76,39;1
0_TWK_31_S3_______.xls;31;S3;2,29;0;26,6;26,6;14.09.2024 02:16;4,55;76,39;1
0_TWK_31_S3_______.xls;31;S3;2,29;0;26,6;26,6;14.09.2024 02:16;4,55;76,39;1
0_TWK_31_S3_______.xls;31;S3;2,29;0;26,6;26,6;14.09.2024 02:16;4,55;76,39;1
0_TWK_31_S3_______.xls;31;S3;2,29;0;26,6;26,6;14.09.2024 02:16;4,55;76,39;1
0_TWK_31_S3_______.xls;31;S3;2,29;0;26,6;26,6;14.09.2024 02:16;4,55;76,39;1
0_TWK_31_S3_______.xls;31;S3;2,17;0;26,6;26,6;14.09.2024 02:17;4,55;76,39;1
0_TWK_31_S3_______.xls;31;S3;2,48;,1;26,6;26,6;14.09.2024 02:17;4,55;76,39;1
0_TWK_31_S3_______.xls;31;S3;2,77;2,3;26,8;26,8;14.09.2024 02:17;4,55;76,39;1
0_TWK_31_S3_______.xls;31;S3;2,89;3,2;27;27;14.09.2024 02:17;4,55;76,39;1
0_TWK_31_S3_______.xls;31;S3;2,77;3,2;27,2;27,2;14.09.2024 02:17;4,55;76,39;1
0_TWK_31_S3_______.xls;31;S3;2,89;3,2;27,4;27,4;14.09.2024 02:17;4,55;76,39;1
0_TWK_31_S3_______.xls;31;S3;2,89;3,2;27,7;27,7;14.09.2024 02:17;4,55;76,39;1
0_TWK_31_S3_______.xls;31;S3;2,89;3,2;27,9;27,9;14.09.2024 02:17;4,55;76,39;1
0_TWK_31_S3_______.xls;31;S3;2,89;3,2;28,1;28,1;14.09.2024 02:17;4,55;76,39;1
0_TWK_31_S3_______.xls;31;S3;2,89;3,2;28,3;28,3;14.09.2024 02:17;4,55;76,39;1
0_TWK_31_S3_______.xls;31;S3;2,89;3,2;28,5;28,5;14.09.2024 02:17;4,55;76,39;1
0_TWK_31_S3_______.xls;31;S3;2,89;3,1;28,7;28,7;14.09.2024 02:17;4,55;76,39;1
0_TWK_31_S3_______.xls;31;S3;2,89;3,2;28,9;28,9;14.09.2024 02:17;4,55;76,39;1
0_TWK_31_S3_______.xls;31;S3;2,89;3,1;29,2;29,2;14.09.2024 02:17;4,55;76,39;1
0_TWK_31_S3_______.xls;31;S3;2,89;3,2;29,4;29,4;14.09.2024 02:17;4,55;76,39;1
0_TWK_31_S3_______.xls;31;S3;2,89;3,2;29,6;29,6;14.09.2024 02:18;4,55;76,39;1
0_TWK_31_S3_______.xls;31;S3;2,89;3,2;29,8;29,8;14.09.2024 02:18;4,55;76,39;1
0_TWK_31_S3_______.xls;31;S3;2,89;3,1;30;30;14.09.2024 02:18;4,55;76,39;1
0_TWK_31_S3_______.xls;31;S3;2,89;3,2;30,2;30,2;14.09.2024 02:18;4,55;76,39;1
0_TWK_31_S3_______.xls;31;S3;2,89;3,2;30,5;30,5;14.09.2024 02:18;4,55;76,39;1
0_TWK_31_S3_______.xls;31;S3;2,89;3,1;30,7;30,7;14.09.2024 02:18;4,55;76,39;1
0_TWK_31_S3_______.xls;31;S3;2,89;3,2;30,9;30,9;14.09.2024 02:18;4,55;76,39;1
0_TWK_31_S3_______.xls;31;S3;2,89;3,1;31,1;31,1;14.09.2024 02:18;4,55;76,39;1
0_TWK_31_S3_______.xls;31;S3;2,89;3,1;31,3;31,3;14.09.2024 02:18;4,55;76,39;1
0_TWK_31_S3_______.xls;31;S3;2,89;3,1;31,5;31,5;14.09.2024 02:18;4,55;76,39;1
0_TWK_31_S3_______.xls;31;S3;2,89;3,2;31,7;31,7;14.09.2024 02:18;4,55;76,39;1
0_TWK_31_S3_______.xls;31;S3;2,89;3,2;32;32;14.09.2024 02:18;4,55;76,39;1
0_TWK_31_S3_______.xls;31;S3;2,89;3,1;32,2;32,2;14.09.2024 02:18;4,55;76,39;1
0_TWK_31_S3_______.xls;31;S3;2,89;3,1;32,4;32,4;14.09.2024 02:18;4,55;76,39;1
0_TWK_31_S3_______.xls;31;S3;2,89;3,1;32,6;32,6;14.09.2024 02:18;4,55;76,39;1
0_TWK_31_S3_______.xls;31;S3;2,89;3,2;32,8;32,8;14.09.2024 02:19;4,55;76,39;1
0_TWK_31_S3_______.xls;31;S3;2,89;3,1;33;33;14.09.2024 02:19;4,55;76,39;1
0_TWK_31_S3_______.xls;31;S3;2,89;3,1;33,3;33,3;14.09.2024 02:19;4,55;76,39;1
0_TWK_31_S3_______.xls;31;S3;2,89;3,1;33,5;33,5;14.09.2024 02:19;4,55;76,39;1
0_TWK_31_S3_______.xls;31;S3;3;3,1;33,7;33,7;14.09.2024 02:19;4,55;76,39;1
0_TWK_31_S3_______.xls;31;S3;2,89;3,1;33,9;33,9;14.09.2024 02:19;4,55;76,39;1
0_TWK_31_S3_______.xls;31;S3;2,89;3,1;34,1;34,1;14.09.2024 02:19;4,55;76,39;1
0_TWK_31_S3_______.xls;31;S3;2,89;3,1;34,4;34,4;14.09.2024 02:19;4,55;76,39;1
0_TWK_31_S3_______.xls;31;S3;3;3,1;34,5;34,5;14.09.2024 02:19;4,55;76,39;1
0_TWK_31_S3_______.xls;31;S3;2,89;3,2;34,8;34,8;14.09.2024 02:19;4,55;76,39;1
0_TWK_31_S3_______.xls;31;S3;3;3,2;35;35;14.09.2024 02:19;4,55;76,39;1
0_TWK_31_S3_______.xls;31;S3;3;3,1;35,2;35,2;14.09.2024 02:19;4,55;76,39;1
0_TWK_31_S3_______.xls;31;S3;3;3,1;35,4;35,4;14.09.2024 02:19;4,55;76,39;1
0_TWK_31_S3_______.xls;31;S3;3;3,1;35,6;35,6;14.09.2024 02:19;4,55;76,39;1
0_TWK_31_S3_______.xls;31;S3;3;3,2;35,8;35,8;14.09.2024 02:19;4,55;76,39;1
0_TWK_31_S3_______.xls;31;S3;3;3,2;36;36;14.09.2024 02:20;4,55;76,39;1
0_TWK_31_S3_______.xls;31;S3;3;3,1;36,3;36,3;14.09.2024 02:20;4,55;76,39;1
0_TWK_31_S3_______.xls;31;S3;3;3,1;36,5;36,5;14.09.2024 02:20;4,55;76,39;1
0_TWK_31_S3_______.xls;31;S3;3;3,1;36,7;36,7;14.09.2024 02:20;4,55;76,39;1
0_TWK_31_S3_______.xls;31;S3;3;3,1;36,9;36,9;14.09.2024 02:20;4,55;76,39;1
0_TWK_31_S3_______.xls;31;S3;3;3,1;37,1;37,1;14.09.2024 02:20;4,55;76,39;1
0_TWK_31_S3_______.xls;31;S3;3;3,1;37,3;37,3;14.09.2024 02:20;4,55;76,39;1
0_TWK_31_S3_______.xls;31;S3;3;3,2;37,5;37,5;14.09.2024 02:20;4,55;76,39;1
0_TWK_31_S3_______.xls;31;S3;3;3,2;37,8;37,8;14.09.2024 02:20;4,55;76,39;1
0_TWK_31_S3_______.xls;31;S3;3;3,2;38;38;14.09.2024 02:20;4,55;76,39;1
0_TWK_31_S3_______.xls;31;S3;3;3,1;38,2;38,2;14.09.2024 02:20;4,55;76,39;1
0_TWK_31_S3_______.xls;31;S3;3;3,1;38,4;38,4;14.09.2024 02:20;4,55;76,39;1
0_TWK_31_S3_______.xls;31;S3;3;3,2;38,6;38,6;14.09.2024 02:20;4,55;76,39;1
0_TWK_31_S3_______.xls;31;S3;3;3,2;38,9;38,9;14.09.2024 02:20;4,55;76,39;1
0_TWK_31_S3_______.xls;31;S3;3;3,1;39;39;14.09.2024 02:20;4,55;76,39;1
0_TWK_31_S3_______.xls;31;S3;3;3,1;39,3;39,3;14.09.2024 02:21;4,55;76,39;1
0_TWK_31_S3_______.xls;31;S3;3;3,2;39,5;39,5;14.09.2024 02:21;4,55;76,39;1
0_TWK_31_S3_______.xls;31;S3;3;3,2;39,7;39,7;14.09.2024 02:21;4,55;76,39;1
0_TWK_31_S3_______.xls;31;S3;3;3,1;39,9;39,9;14.09.2024 02:21;4,55;76,39;1
0_TWK_31_S3_______.xls;31;S3;3;3,2;40,1;40,1;14.09.2024 02:21;4,55;76,39;1
0_TWK_31_S3_______.xls;31;S3;3;3,1;40,4;40,4;14.09.2024 02:21;4,55;76,39;1
0_TWK_31_S3_______.xls;31;S3;3;3,1;40,6;40,6;14.09.2024 02:21;4,55;76,39;1
0_TWK_31_S3_______.xls;31;S3;3;3,2;40,8;40,8;14.09.2024 02:21;4,55;76,39;1
0_TWK_31_S3_______.xls;31;S3;3;3,2;41;41;14.09.2024 02:21;4,55;76,39;1
0_TWK_31_S3_______.xls;31;S3;3;3,2;41,3;41,3;14.09.2024 02:21;4,55;76,39;1
0_TWK_31_S3_______.xls;31;S3;3;3,2;41,5;41,5;14.09.2024 02:21;4,55;76,39;1
0_TWK_31_S3_______.xls;31;S3;3;3,2;41,7;41,7;14.09.2024 02:21;4,55;76,39;1
0_TWK_31_S3_______.xls;31;S3;3;3,1;41,9;41,9;14.09.2024 02:21;4,55;76,39;1
0_TWK_31_S3_______.xls;31;S3;3;3,2;42,1;42,1;14.09.2024 02:21;4,55;76,39;1
0_TWK_31_S3_______.xls;31;S3;3;3,1;42,3;42,3;14.09.2024 02:21;4,55;76,39;1
0_TWK_31_S3_______.xls;31;S3;3;3,3;42,5;42,5;14.09.2024 02:22;4,55;76,39;1
0_TWK_31_S3_______.xls;31;S3;3;3,2;42,8;42,8;14.09.2024 02:22;4,55;76,39;1
0_TWK_31_S3_______.xls;31;S3;3;3,2;43;43;14.09.2024 02:22;4,55;76,39;1
0_TWK_31_S3_______.xls;31;S3;3;3,1;43,2;43,2;14.09.2024 02:22;4,55;76,39;1
0_TWK_31_S3_______.xls;31;S3;3;3,2;43,4;43,4;14.09.2024 02:22;4,55;76,39;1
0_TWK_31_S3_______.xls;31;S3;3;3,2;43,6;43,6;14.09.2024 02:22;4,55;76,39;1
0_TWK_31_S3_______.xls;31;S3;3;3,2;43,9;43,9;14.09.2024 02:22;4,55;76,39;1
0_TWK_31_S3_______.xls;31;S3;3;3,2;44;44;14.09.2024 02:22;4,55;76,39;1
0_TWK_31_S3_______.xls;31;S3;3;3,2;44,3;44,3;14.09.2024 02:22;4,55;76,39;1
0_TWK_31_S3_______.xls;31;S3;3;3,3;44,5;44,5;14.09.2024 02:22;4,55;76,39;1
0_TWK_31_S3_______.xls;31;S3;3,07;3,2;44,7;44,7;14.09.2024 02:22;4,55;76,39;1
0_TWK_31_S3_______.xls;31;S3;3;2,8;44,9;44,9;14.09.2024 02:22;4,55;76,39;1
0_TWK_31_S3_______.xls;31;S3;2,77;,2;44,9;44,9;14.09.2024 02:22;4,55;76,39;1
0_TWK_31_S3_______.xls;31;S3;3,07;2,2;45,1;45,1;14.09.2024 02:22;4,55;76,39;1
0_TWK_31_S3_______.xls;31;S3;2,77;1,7;45,2;45,2;14.09.2024 02:22;4,55;76,39;1
0_TWK_31_S3_______.xls;31;S3;2,7;0;45,2;45,2;14.09.2024 02:23;4,55;76,39;1
0_TWK_31_S3_______.xls;31;S3;3;,8;45,3;45,3;14.09.2024 02:23;4,55;76,39;1
0_TWK_31_S3_______.xls;31;S3;3;1,8;45,4;45,4;14.09.2024 02:23;4,55;76,39;1
0_TWK_31_S3_______.xls;31;S3;3;1,8;45,5;45,5;14.09.2024 02:23;4,55;76,39;1
0_TWK_31_S3_______.xls;31;S3;3;1,8;45,7;45,7;14.09.2024 02:23;4,55;76,39;1
0_TWK_31_S3_______.xls;31;S3;3;1,8;45,8;45,8;14.09.2024 02:23;4,55;76,39;1
0_TWK_31_S3_______.xls;31;S3;3;1,8;45,9;45,9;14.09.2024 02:23;4,55;76,39;1
0_TWK_31_S3_______.xls;31;S3;3;1,8;46;46;14.09.2024 02:23;4,55;76,39;1
0_TWK_31_S3_______.xls;31;S3;3;1,7;46,1;46,1;14.09.2024 02:23;4,55;76,39;1
0_TWK_31_S3_______.xls;31;S3;3;1,8;46,3;46,3;14.09.2024 02:23;4,55;76,39;1
0_TWK_31_S3_______.xls;31;S3;3;1,7;46,4;46,4;14.09.2024 02:23;4,55;76,39;1
0_TWK_31_S3_______.xls;31;S3;3;1,6;46,5;46,5;14.09.2024 02:23;4,55;76,39;1
0_TWK_31_S3_______.xls;31;S3;3;1,6;46,6;46,6;14.09.2024 02:23;4,55;76,39;1
0_TWK_31_S3_______.xls;31;S3;3;1,6;46,7;46,7;14.09.2024 02:23;4,55;76,39;1
0_TWK_31_S3_______.xls;31;S3;3;1,6;46,9;46,9;14.09.2024 02:23;4,55;76,39;1
0_TWK_31_S3_______.xls;31;S3;3;1,7;47;47;14.09.2024 02:24;4,55;76,39;1
0_TWK_31_S3_______.xls;31;S3;3;1,7;47,1;47,1;14.09.2024 02:24;4,55;76,39;1
0_TWK_31_S3_______.xls;31;S3;3;1,6;47,2;47,2;14.09.2024 02:24;4,55;76,39;1
0_TWK_31_S3_______.xls;31;S3;3;1,6;47,3;47,3;14.09.2024 02:24;4,55;76,39;1
0_TWK_31_S3_______.xls;31;S3;3;1,7;47,4;47,4;14.09.2024 02:24;4,55;76,39;1
0_TWK_31_S3_______.xls;31;S3;3;1,6;47,5;47,5;14.09.2024 02:24;4,55;76,39;1
0_TWK_31_S3_______.xls;31;S3;3;1,7;47,7;47,7;14.09.2024 02:24;4,55;76,39;1
0_TWK_31_S3_______.xls;31;S3;3,07;1,6;47,8;47,8;14.09.2024 02:24;4,55;76,39;1
0_TWK_31_S3_______.xls;31;S3;2,89;,7;47,8;47,8;14.09.2024 02:24;4,55;76,39;1
0_TWK_31_S3_______.xls;31;S3;3;,1;47,8;47,8;14.09.2024 02:24;4,55;76,39;1
0_TWK_31_S3_______.xls;31;S3;3;1,6;48;48;14.09.2024 02:24;4,55;76,39;1
0_TWK_31_S3_______.xls;31;S3;3;1,7;48;48;14.09.2024 02:24;4,55;76,39;1
0_TWK_31_S3_______.xls;31;S3;3;1,7;48,2;48,2;14.09.2024 02:24;4,55;76,39;1
0_TWK_31_S3_______.xls;31;S3;3;1,7;48,3;48,3;14.09.2024 02:24;4,55;76,39;1
0_TWK_31_S3_______.xls;31;S3;3;1,8;48,4;48,4;14.09.2024 02:24;4,55;76,39;1
0_TWK_31_S3_______.xls;31;S3;3;1,7;48,5;48,5;14.09.2024 02:25;4,55;76,39;1
0_TWK_31_S3_______.xls;31;S3;3;1,7;48,7;48,7;14.09.2024 02:25;4,55;76,39;1
0_TWK_31_S3_______.xls;31;S3;3;1,6;48,8;48,8;14.09.2024 02:25;4,55;76,39;1
0_TWK_31_S3_______.xls;31;S3;3;1,6;48,9;48,9;14.09.2024 02:25;4,55;76,39;1
0_TWK_31_S3_______.xls;31;S3;3;1,6;49;49;14.09.2024 02:25;4,55;76,39;1
0_TWK_31_S3_______.xls;31;S3;3;1,6;49,1;49,1;14.09.2024 02:25;4,55;76,39;1
0_TWK_31_S3_______.xls;31;S3;3;1,6;49,2;49,2;14.09.2024 02:25;4,55;76,39;1
0_TWK_31_S3_______.xls;31;S3;3;1,7;49,3;49,3;14.09.2024 02:25;4,55;76,39;1
0_TWK_31_S3_______.xls;31;S3;3;1,7;49,4;49,4;14.09.2024 02:25;4,55;76,39;1
0_TWK_31_S3_______.xls;31;S3;3;1,7;49,5;49,5;14.09.2024 02:25;4,55;76,39;1
0_TWK_31_S3_______.xls;31;S3;3;1,6;49,7;49,7;14.09.2024 02:25;4,55;76,39;1
0_TWK_31_S3_______.xls;31;S3;3;1,7;49,8;49,8;14.09.2024 02:25;4,55;76,39;1
0_TWK_31_S3_______.xls;31;S3;3;1,6;49,9;49,9;14.09.2024 02:25;4,55;76,39;1
0_TWK_31_S3_______.xls;31;S3;3;1,6;50;50;14.09.2024 02:25;4,55;76,39;1
0_TWK_31_S3_______.xls;31;S3;3;1,6;50,1;50,1;14.09.2024 02:25;4,55;76,39;1
0_TWK_31_S3_______.xls;31;S3;3;1,6;50,2;50,2;14.09.2024 02:26;4,55;76,39;1
0_TWK_31_S3_______.xls;31;S3;3;1,6;50,3;50,3;14.09.2024 02:26;4,55;76,39;1
0_TWK_31_S3_______.xls;31;S3;3;1,6;50,5;50,5;14.09.2024 02:26;4,55;76,39;1
0_TWK_31_S3_______.xls;31;S3;3;1,6;50,5;50,5;14.09.2024 02:26;4,55;76,39;1
0_TWK_31_S3_______.xls;31;S3;3;1,6;50,7;50,7;14.09.2024 02:26;4,55;76,39;1
0_TWK_31_S3_______.xls;31;S3;3;1,6;50,8;50,8;14.09.2024 02:26;4,55;76,39;1
0_TWK_31_S3_______.xls;31;S3;3;1,6;50,9;50,9;14.09.2024 02:26;4,55;76,39;1
0_TWK_31_S3_______.xls;31;S3;3;1,6;51;51;14.09.2024 02:26;4,55;76,39;1
0_TWK_31_S3_______.xls;31;S3;3;1,6;51,1;51,1;14.09.2024 02:26;4,55;76,39;1
0_TWK_31_S3_______.xls;31;S3;3;1,5;51,2;51,2;14.09.2024 02:26;4,55;76,39;1
0_TWK_31_S3_______.xls;31;S3;3;1,5;51,4;51,4;14.09.2024 02:26;4,55;76,39;1
0_TWK_31_S3_______.xls;31;S3;3;1,5;51,5;51,5;14.09.2024 02:26;4,55;76,39;1
0_TWK_31_S3_______.xls;31;S3;3;2;51,6;51,6;14.09.2024 02:26;4,55;76,39;1
0_TWK_31_S3_______.xls;31;S3;3,07;2,2;51,8;51,8;14.09.2024 02:26;4,55;76,39;1
0_TWK_31_S3_______.xls;31;S3;2,77;,8;51,8;51,8;14.09.2024 02:26;4,55;76,39;1
0_TWK_31_S3_______.xls;31;S3;3;,5;51,9;51,9;14.09.2024 02:27;4,55;76,39;1
0_TWK_31_S3_______.xls;31;S3;3;2,4;52;52;14.09.2024 02:27;4,55;76,39;1
0_TWK_31_S3_______.xls;31;S3;3;2,5;52,2;52,2;14.09.2024 02:27;4,55;76,39;1
0_TWK_31_S3_______.xls;31;S3;3;2,5;52,4;52,4;14.09.2024 02:27;4,55;76,39;1
0_TWK_31_S3_______.xls;31;S3;3,07;1,8;52,4;52,4;14.09.2024 02:27;4,55;76,39;1
0_TWK_31_S3_______.xls;31;S3;2,7;0;52,4;52,4;14.09.2024 02:27;4,55;76,39;1
0_TWK_31_S3_______.xls;31;S3;3;,7;52,4;52,4;14.09.2024 02:27;4,55;76,39;1
0_TWK_31_S3_______.xls;31;S3;3,07;2,5;52,6;52,6;14.09.2024 02:27;4,55;76,39;1
0_TWK_31_S3_______.xls;31;S3;3;1,6;52,7;52,7;14.09.2024 02:27;4,55;76,39;1
0_TWK_31_S4_______.xls;31;S4;0;0;52,7;0;14.09.2024 02:28;4,55;28,24;0
0_TWK_31_S4_______.xls;31;S4;0;0;0;0;14.09.2024 02:28;4,55;28,24;0
0_TWK_31_S4_______.xls;31;S4;,38;0;0;0;14.09.2024 02:28;4,55;28,24;0
0_TWK_31_S4_______.xls;31;S4;5,77;,2;,1;,1;14.09.2024 02:29;4,55;28,24;0
0_TWK_31_S4_______.xls;31;S4;12,38;2;,1;,1;14.09.2024 02:29;4,55;28,24;0
0_TWK_31_S4_______.xls;31;S4;21,3;2,1;,1;,1;14.09.2024 02:29;4,55;28,24;0
0_TWK_31_S4_______.xls;31;S4;20,48;,7;,1;,1;14.09.2024 02:29;4,55;28,24;0
0_TWK_31_S4_______.xls;31;S4;20,29;,3;,1;,1;14.09.2024 02:29;4,55;28,24;0
0_TWK_31_S4_______.xls;31;S4;19,8;0;,1;,1;14.09.2024 02:29;4,55;28,24;0
0_TWK_31_S4_______.xls;31;S4;19,5;0;,1;,1;14.09.2024 02:29;4,55;28,24;0
0_TWK_31_S4_______.xls;31;S4;19,09;0;,1;,1;14.09.2024 02:29;4,55;28,24;0
0_TWK_31_S4_______.xls;31;S4;18,67;0;,1;,1;14.09.2024 02:29;4,55;28,24;0
0_TWK_31_S4_______.xls;31;S4;18,49;0;,1;,1;14.09.2024 02:29;4,55;28,24;0
0_TWK_31_S4_______.xls;31;S4;18,3;0;,1;,1;14.09.2024 02:29;4,55;28,24;0
0_TWK_31_S4_______.xls;31;S4;18;0;,1;,1;14.09.2024 02:29;4,55;28,24;0
0_TWK_31_S4_______.xls;31;S4;17,59;0;,1;,1;14.09.2024 02:29;4,55;28,24;0
0_TWK_31_S4_______.xls;31;S4;17,4;0;,1;,1;14.09.2024 02:29;4,55;28,24;0
0_TWK_31_S4_______.xls;31;S4;17,17;0;,1;,1;14.09.2024 02:29;4,55;28,24;0
0_TWK_31_S4_______.xls;31;S4;16,99;0;,1;,1;14.09.2024 02:29;4,55;28,24;0
0_TWK_31_S4_______.xls;31;S4;16,8;0;,1;,1;14.09.2024 02:29;4,55;28,24;0
0_TWK_31_S4_______.xls;31;S4;16,69;0;,1;,1;14.09.2024 02:29;4,55;28,24;0
0_TWK_31_S4_______.xls;31;S4;16,39;0;,1;,1;14.09.2024 02:29;4,55;28,24;0
0_TWK_31_S4_______.xls;31;S4;16,27;0;,1;,1;14.09.2024 02:29;4,55;28,24;0
0_TWK_31_S4_______.xls;31;S4;16,09;0;,1;,1;14.09.2024 02:29;4,55;28,24;0
0_TWK_31_S4_______.xls;31;S4;15,98;0;,1;,1;14.09.2024 02:29;4,55;28,24;0
0_TWK_31_S4_______.xls;31;S4;15,79;0;,1;,1;14.09.2024 02:29;4,55;28,24;0
0_TWK_31_S4_______.xls;31;S4;15,6;0;,1;,1;14.09.2024 02:29;4,55;28,24;0
0_TWK_31_S4_______.xls;31;S4;15,49;0;,1;,1;14.09.2024 02:29;4,55;28,24;0
0_TWK_31_S4_______.xls;31;S4;15,38;0;,1;,1;14.09.2024 02:29;4,55;28,24;0
0_TWK_31_S4_______.xls;31;S4;15,19;0;,1;,1;14.09.2024 02:29;4,55;28,24;0
0_TWK_31_S4_______.xls;31;S4;15,07;0;,1;,1;14.09.2024 02:29;4,55;28,24;0
0_TWK_31_S4_______.xls;31;S4;15;0;,1;,1;14.09.2024 02:29;4,55;28,24;0
0_TWK_31_S4_______.xls;31;S4;14,77;0;,1;,1;14.09.2024 02:29;4,55;28,24;0
0_TWK_31_S4_______.xls;31;S4;14,7;0;,1;,1;14.09.2024 02:29;4,55;28,24;0
0_TWK_31_S4_______.xls;31;S4;14,59;0;,1;,1;14.09.2024 02:29;4,55;28,24;0
0_TWK_31_S4_______.xls;31;S4;14,48;0;,1;,1;14.09.2024 02:29;4,55;28,24;0
0_TWK_31_S4_______.xls;31;S4;14,29;0;,1;,1;14.09.2024 02:29;4,55;28,24;0
0_TWK_31_S4_______.xls;31;S4;14,29;0;,1;,1;14.09.2024 02:29;4,55;28,24;0
0_TWK_31_S4_______.xls;31;S4;14,1;0;,1;,1;14.09.2024 02:29;4,55;28,24;0
0_TWK_31_S4_______.xls;31;S4;13,99;0;,1;,1;14.09.2024 02:29;4,55;28,24;0
0_TWK_31_S4_______.xls;31;S4;13,69;0;,1;,1;14.09.2024 02:29;4,55;28,24;0
0_TWK_31_S4_______.xls;31;S4;4,39;0;,1;,1;14.09.2024 02:29;4,55;28,24;0
0_TWK_31_S4_______.xls;31;S4;0;0;,1;,1;14.09.2024 02:29;4,55;28,24;0
0_TWK_31_S4_______.xls;31;S4;0;0;,1;,1;14.09.2024 02:29;4,55;28,24;0
0_TWK_31_S4_______.xls;31;S4;0;0;,1;,1;14.09.2024 02:29;4,55;28,24;0
0_TWK_31_S4_______.xls;31;S4;0;0;,1;,1;14.09.2024 02:29;4,55;28,24;0
0_TWK_31_S4_______.xls;31;S4;0;0;,1;,1;14.09.2024 02:29;4,55;28,24;0
0_TWK_31_S4_______.xls;31;S4;0;0;,1;,1;14.09.2024 02:29;4,55;28,24;0
0_TWK_31_S4_______.xls;31;S4;0;0;,1;,1;14.09.2024 02:29;4,55;28,24;0
0_TWK_31_S4_______.xls;31;S4;0;0;,1;,1;14.09.2024 02:29;4,55;28,24;0
0_TWK_31_S4_______.xls;31;S4;,07;,1;,1;,1;14.09.2024 02:29;4,55;28,24;0
0_TWK_31_S4_______.xls;31;S4;3,6;,4;,2;,2;14.09.2024 02:29;4,55;28,24;0
0_TWK_31_S4_______.xls;31;S4;6,67;1,3;,2;,2;14.09.2024 02:29;4,55;28,24;0
0_TWK_31_S4_______.xls;31;S4;9,79;1,2;,2;,2;14.09.2024 02:29;4,55;28,24;0
0_TWK_31_S4_______.xls;31;S4;9,38;,5;,2;,2;14.09.2024 02:29;4,55;28,24;0
0_TWK_31_S4_______.xls;31;S4;9,19;,2;,2;,2;14.09.2024 02:29;4,55;28,24;0
0_TWK_31_S4_______.xls;31;S4;8,89;0;,2;,2;14.09.2024 02:29;4,55;28,24;0
0_TWK_31_S4_______.xls;31;S4;8,7;0;,2;,2;14.09.2024 02:29;4,55;28,24;0
0_TWK_31_S4_______.xls;31;S4;8,48;0;,2;,2;14.09.2024 02:29;4,55;28,24;0
0_TWK_31_S4_______.xls;31;S4;8,4;0;,2;,2;14.09.2024 02:29;4,55;28,24;0
0_TWK_31_S4_______.xls;31;S4;8,17;0;,2;,2;14.09.2024 02:29;4,55;28,24;0
0_TWK_31_S4_______.xls;31;S4;8,1;0;,2;,2;14.09.2024 02:29;4,55;28,24;0
0_TWK_31_S4_______.xls;31;S4;7,99;0;,2;,2;14.09.2024 02:29;4,55;28,24;0
0_TWK_31_S4_______.xls;31;S4;7,88;0;,2;,2;14.09.2024 02:30;4,55;28,24;0
0_TWK_31_S4_______.xls;31;S4;7,8;0;,2;,2;14.09.2024 02:30;4,55;28,24;0
0_TWK_32_S1_______.xls;32;S1;0;0;14,7;0;14.09.2024 07:02;5,97;53,36;1
0_TWK_32_S1_______.xls;32;S1;0;0;0;0;14.09.2024 07:02;5,97;53,36;1
0_TWK_32_S1_______.xls;32;S1;0;0;0;0;14.09.2024 07:02;5,97;53,36;1
0_TWK_32_S1_______.xls;32;S1;0;,1;0;0;14.09.2024 07:02;5,97;53,36;1
0_TWK_32_S1_______.xls;32;S1;0;,7;,1;,1;14.09.2024 07:02;5,97;53,36;1
0_TWK_32_S1_______.xls;32;S1;0;,9;,1;,1;14.09.2024 07:02;5,97;53,36;1
0_TWK_32_S1_______.xls;32;S1;0;1,1;,1;,1;14.09.2024 07:02;5,97;53,36;1
0_TWK_32_S1_______.xls;32;S1;0;1,2;,1;,1;14.09.2024 07:02;5,97;53,36;1
0_TWK_32_S1_______.xls;32;S1;0;1,3;,1;,1;14.09.2024 07:02;5,97;53,36;1
0_TWK_32_S1_______.xls;32;S1;0;1,3;,2;,2;14.09.2024 07:02;5,97;53,36;1
0_TWK_32_S1_______.xls;32;S1;0;1,2;,2;,2;14.09.2024 07:02;5,97;53,36;1
0_TWK_32_S1_______.xls;32;S1;0;1,2;,2;,2;14.09.2024 07:02;5,97;53,36;1
0_TWK_32_S1_______.xls;32;S1;0;1,2;,2;,2;14.09.2024 07:02;5,97;53,36;1
0_TWK_32_S1_______.xls;32;S1;0;1,3;,3;,3;14.09.2024 07:02;5,97;53,36;1
0_TWK_32_S1_______.xls;32;S1;0;1,5;,3;,3;14.09.2024 07:02;5,97;53,36;1
0_TWK_32_S1_______.xls;32;S1;0;1,6;,3;,3;14.09.2024 07:02;5,97;53,36;1
0_TWK_32_S1_______.xls;32;S1;0;1,6;,3;,3;14.09.2024 07:02;5,97;53,36;1
0_TWK_32_S1_______.xls;32;S1;0;1,6;,4;,4;14.09.2024 07:02;5,97;53,36;1
0_TWK_32_S1_______.xls;32;S1;0;1,6;,4;,4;14.09.2024 07:02;5,97;53,36;1
0_TWK_32_S1_______.xls;32;S1;0;1,5;,4;,4;14.09.2024 07:02;5,97;53,36;1
0_TWK_32_S1_______.xls;32;S1;0;1,5;,4;,4;14.09.2024 07:02;5,97;53,36;1
0_TWK_32_S1_______.xls;32;S1;0;1,5;,5;,5;14.09.2024 07:02;5,97;53,36;1
0_TWK_32_S1_______.xls;32;S1;0;1,7;,5;,5;14.09.2024 07:02;5,97;53,36;1
0_TWK_32_S1_______.xls;32;S1;0;1,9;,6;,6;14.09.2024 07:02;5,97;53,36;1
0_TWK_32_S1_______.xls;32;S1;0;2,3;,6;,6;14.09.2024 07:02;5,97;53,36;1
0_TWK_32_S1_______.xls;32;S1;0;2,4;,6;,6;14.09.2024 07:02;5,97;53,36;1
0_TWK_32_S1_______.xls;32;S1;,07;2,4;,7;,7;14.09.2024 07:02;5,97;53,36;1
0_TWK_32_S1_______.xls;32;S1;,19;2,4;,7;,7;14.09.2024 07:02;5,97;53,36;1
0_TWK_32_S1_______.xls;32;S1;,19;2,5;,8;,8;14.09.2024 07:02;5,97;53,36;1
0_TWK_32_S1_______.xls;32;S1;,3;2,6;,8;,8;14.09.2024 07:02;5,97;53,36;1
0_TWK_32_S1_______.xls;32;S1;,3;2,6;,9;,9;14.09.2024 07:02;5,97;53,36;1
0_TWK_32_S1_______.xls;32;S1;,3;2,5;,9;,9;14.09.2024 07:02;5,97;53,36;1
0_TWK_32_S1_______.xls;32;S1;,38;2,4;1;1;14.09.2024 07:02;5,97;53,36;1
0_TWK_32_S1_______.xls;32;S1;,38;2,5;1;1;14.09.2024 07:02;5,97;53,36;1
0_TWK_32_S1_______.xls;32;S1;,49;2,5;1;1;14.09.2024 07:02;5,97;53,36;1
0_TWK_32_S1_______.xls;32;S1;,49;2,5;1,1;1,1;14.09.2024 07:02;5,97;53,36;1
0_TWK_32_S1_______.xls;32;S1;,49;2,6;1,1;1,1;14.09.2024 07:02;5,97;53,36;1
0_TWK_32_S1_______.xls;32;S1;,49;2,4;1,2;1,2;14.09.2024 07:02;5,97;53,36;1
0_TWK_32_S1_______.xls;32;S1;,49;2,4;1,2;1,2;14.09.2024 07:02;5,97;53,36;1
0_TWK_32_S1_______.xls;32;S1;,49;2,5;1,2;1,2;14.09.2024 07:02;5,97;53,36;1
0_TWK_32_S1_______.xls;32;S1;,6;2,5;1,3;1,3;14.09.2024 07:02;5,97;53,36;1
0_TWK_32_S1_______.xls;32;S1;,6;2,5;1,3;1,3;14.09.2024 07:02;5,97;53,36;1
0_TWK_32_S1_______.xls;32;S1;,6;2,5;1,4;1,4;14.09.2024 07:02;5,97;53,36;1
0_TWK_32_S1_______.xls;32;S1;,49;2,5;1,4;1,4;14.09.2024 07:02;5,97;53,36;1
0_TWK_32_S1_______.xls;32;S1;,6;2,5;1,5;1,5;14.09.2024 07:02;5,97;53,36;1
0_TWK_32_S1_______.xls;32;S1;,6;2,6;1,5;1,5;14.09.2024 07:02;5,97;53,36;1
0_TWK_32_S1_______.xls;32;S1;,6;2,6;1,6;1,6;14.09.2024 07:02;5,97;53,36;1
0_TWK_32_S1_______.xls;32;S1;,6;2,6;1,6;1,6;14.09.2024 07:03;5,97;53,36;1
0_TWK_32_S1_______.xls;32;S1;,6;2,5;1,6;1,6;14.09.2024 07:03;5,97;53,36;1
0_TWK_32_S1_______.xls;32;S1;,6;2,4;1,7;1,7;14.09.2024 07:03;5,97;53,36;1
0_TWK_32_S1_______.xls;32;S1;,6;2,5;1,7;1,7;14.09.2024 07:03;5,97;53,36;1
0_TWK_32_S1_______.xls;32;S1;,6;2,5;1,8;1,8;14.09.2024 07:03;5,97;53,36;1
0_TWK_32_S1_______.xls;32;S1;,6;2,5;1,8;1,8;14.09.2024 07:03;5,97;53,36;1
0_TWK_32_S1_______.xls;32;S1;,6;2,5;1,9;1,9;14.09.2024 07:03;5,97;53,36;1
0_TWK_32_S1_______.xls;32;S1;,6;2,4;1,9;1,9;14.09.2024 07:03;5,97;53,36;1
0_TWK_32_S1_______.xls;32;S1;,67;2,5;1,9;1,9;14.09.2024 07:03;5,97;53,36;1
0_TWK_32_S1_______.xls;32;S1;,67;2,5;2;2;14.09.2024 07:03;5,97;53,36;1
0_TWK_32_S1_______.xls;32;S1;,67;2,5;2;2;14.09.2024 07:03;5,97;53,36;1
0_TWK_32_S1_______.xls;32;S1;,9;2,6;2,1;2,1;14.09.2024 07:03;5,97;53,36;1
0_TWK_32_S1_______.xls;32;S1;,98;2,5;2,1;2,1;14.09.2024 07:03;5,97;53,36;1
0_TWK_32_S1_______.xls;32;S1;1,5;2,5;2,2;2,2;14.09.2024 07:03;5,97;53,36;1
0_TWK_32_S1_______.xls;32;S1;2,29;2,5;2,2;2,2;14.09.2024 07:03;5,97;53,36;1
0_TWK_32_S1_______.xls;32;S1;2,77;2,5;2,3;2,3;14.09.2024 07:03;5,97;53,36;1
0_TWK_32_S1_______.xls;32;S1;3,79;2,4;2,3;2,3;14.09.2024 07:03;5,97;53,36;1
0_TWK_32_S1_______.xls;32;S1;3,67;1,9;2,3;2,3;14.09.2024 07:03;5,97;53,36;1
0_TWK_32_S1_______.xls;32;S1;3,3;1,3;2,3;2,3;14.09.2024 07:03;5,97;53,36;1
0_TWK_32_S1_______.xls;32;S1;2,7;,3;2,3;2,3;14.09.2024 07:03;5,97;53,36;1
0_TWK_32_S1_______.xls;32;S1;1,57;0;2,3;2,3;14.09.2024 07:03;5,97;53,36;1
0_TWK_32_S1_______.xls;32;S1;,9;0;2,3;2,3;14.09.2024 07:03;5,97;53,36;1
0_TWK_32_S1_______.xls;32;S1;,07;0;2,3;2,3;14.09.2024 07:03;5,97;53,36;1
0_TWK_32_S1_______.xls;32;S1;0;0;2,3;2,3;14.09.2024 07:03;5,97;53,36;1
0_TWK_32_S1_______.xls;32;S1;0;0;2,3;2,3;14.09.2024 07:03;5,97;53,36;1
0_TWK_32_S1_______.xls;32;S1;0;0;2,3;2,3;14.09.2024 07:03;5,97;53,36;1
0_TWK_32_S1_______.xls;32;S1;0;0;2,3;2,3;14.09.2024 07:03;5,97;53,36;1
0_TWK_32_S1_______.xls;32;S1;0;0;2,3;2,3;14.09.2024 07:03;5,97;53,36;1
0_TWK_32_S1_______.xls;32;S1;0;0;2,3;2,3;14.09.2024 07:03;5,97;53,36;1
0_TWK_32_S1_______.xls;32;S1;0;0;2,3;2,3;14.09.2024 07:03;5,97;53,36;1
0_TWK_32_S1_______.xls;32;S1;0;0;2,3;2,3;14.09.2024 07:03;5,97;53,36;1
0_TWK_32_S1_______.xls;32;S1;0;,1;2,3;2,3;14.09.2024 07:03;5,97;53,36;1
0_TWK_32_S1_______.xls;32;S1;0;,5;2,3;2,3;14.09.2024 07:03;5,97;53,36;1
0_TWK_32_S1_______.xls;32;S1;,07;1,2;2,4;2,4;14.09.2024 07:03;5,97;53,36;1
0_TWK_32_S1_______.xls;32;S1;,49;1,5;2,4;2,4;14.09.2024 07:03;5,97;53,36;1
0_TWK_32_S1_______.xls;32;S1;,9;1,7;2,4;2,4;14.09.2024 07:03;5,97;53,36;1
0_TWK_32_S1_______.xls;32;S1;1,88;1,7;2,5;2,5;14.09.2024 07:03;5,97;53,36;1
0_TWK_32_S1_______.xls;32;S1;3,38;1,7;2,5;2,5;14.09.2024 07:03;5,97;53,36;1
0_TWK_32_S1_______.xls;32;S1;3,9;1,7;2,5;2,5;14.09.2024 07:03;5,97;53,36;1
0_TWK_32_S1_______.xls;32;S1;3,19;1,2;2,5;2,5;14.09.2024 07:03;5,97;53,36;1
0_TWK_32_S1_______.xls;32;S1;2,4;,8;2,5;2,5;14.09.2024 07:03;5,97;53,36;1
0_TWK_32_S1_______.xls;32;S1;1,5;,1;2,5;2,5;14.09.2024 07:03;5,97;53,36;1
0_TWK_32_S1_______.xls;32;S1;,9;0;2,5;2,5;14.09.2024 07:03;5,97;53,36;1
0_TWK_32_S1_______.xls;32;S1;,49;0;2,5;2,5;14.09.2024 07:03;5,97;53,36;1
0_TWK_32_S1_______.xls;32;S1;0;0;2,5;2,5;14.09.2024 07:03;5,97;53,36;1
0_TWK_32_S1_______.xls;32;S1;0;0;2,5;2,5;14.09.2024 07:03;5,97;53,36;1
0_TWK_32_S1_______.xls;32;S1;0;0;2,5;2,5;14.09.2024 07:03;5,97;53,36;1
0_TWK_32_S1_______.xls;32;S1;0;0;2,5;2,5;14.09.2024 07:03;5,97;53,36;1
0_TWK_32_S1_______.xls;32;S1;0;0;2,5;2,5;14.09.2024 07:03;5,97;53,36;1
0_TWK_32_S1_______.xls;32;S1;,07;,1;2,5;2,5;14.09.2024 07:03;5,97;53,36;1
0_TWK_32_S1_______.xls;32;S1;,3;,8;2,6;2,6;14.09.2024 07:03;5,97;53,36;1
0_TWK_32_S1_______.xls;32;S1;1,39;1,1;2,6;2,6;14.09.2024 07:03;5,97;53,36;1
0_TWK_32_S1_______.xls;32;S1;3,49;1,4;2,6;2,6;14.09.2024 07:03;5,97;53,36;1
0_TWK_32_S1_______.xls;32;S1;4,2;1,5;2,6;2,6;14.09.2024 07:03;5,97;53,36;1
0_TWK_32_S1_______.xls;32;S1;3;1,1;2,6;2,6;14.09.2024 07:03;5,97;53,36;1
0_TWK_32_S1_______.xls;32;S1;1,8;,7;2,6;2,6;14.09.2024 07:03;5,97;53,36;1
0_TWK_32_S1_______.xls;32;S1;,9;,1;2,6;2,6;14.09.2024 07:03;5,97;53,36;1
0_TWK_32_S1_______.xls;32;S1;,38;0;2,6;2,6;14.09.2024 07:03;5,97;53,36;1
0_TWK_32_S1_______.xls;32;S1;,19;0;2,6;2,6;14.09.2024 07:03;5,97;53,36;1
0_TWK_32_S1_______.xls;32;S1;,07;0;2,6;2,6;14.09.2024 07:03;5,97;53,36;1
0_TWK_32_S1_______.xls;32;S1;0;0;2,6;2,6;14.09.2024 07:04;5,97;53,36;1
0_TWK_32_S1_______.xls;32;S1;0;0;2,6;2,6;14.09.2024 07:04;5,97;53,36;1
0_TWK_32_S1_______.xls;32;S1;0;0;2,6;2,6;14.09.2024 07:04;5,97;53,36;1
0_TWK_32_S1_______.xls;32;S1;0;0;2,6;2,6;14.09.2024 07:04;5,97;53,36;1
0_TWK_32_S1_______.xls;32;S1;0;0;2,6;2,6;14.09.2024 07:04;5,97;53,36;1
0_TWK_32_S1_______.xls;32;S1;,07;,1;2,6;2,6;14.09.2024 07:04;5,97;53,36;1
0_TWK_32_S1_______.xls;32;S1;,9;,6;2,6;2,6;14.09.2024 07:04;5,97;53,36;1
0_TWK_32_S1_______.xls;32;S1;1,5;1;2,6;2,6;14.09.2024 07:04;5,97;53,36;1
0_TWK_32_S1_______.xls;32;S1;3,19;1,1;2,6;2,6;14.09.2024 07:04;5,97;53,36;1
0_TWK_32_S1_______.xls;32;S1;3,6;1,1;2,6;2,6;14.09.2024 07:04;5,97;53,36;1
0_TWK_32_S1_______.xls;32;S1;2,77;1;2,6;2,6;14.09.2024 07:04;5,97;53,36;1
0_TWK_32_S1_______.xls;32;S1;1,88;,3;2,6;2,6;14.09.2024 07:04;5,97;53,36;1
0_TWK_32_S1_______.xls;32;S1;,9;0;2,6;2,6;14.09.2024 07:04;5,97;53,36;1
0_TWK_32_S1_______.xls;32;S1;,38;0;2,6;2,6;14.09.2024 07:04;5,97;53,36;1
0_TWK_32_S1_______.xls;32;S1;,19;0;2,6;2,6;14.09.2024 07:04;5,97;53,36;1
0_TWK_32_S1_______.xls;32;S1;0;0;2,6;2,6;14.09.2024 07:04;5,97;53,36;1
0_TWK_32_S1_______.xls;32;S1;0;0;2,6;2,6;14.09.2024 07:04;5,97;53,36;1
0_TWK_32_S1_______.xls;32;S1;0;0;2,6;2,6;14.09.2024 07:04;5,97;53,36;1
0_TWK_32_S1_______.xls;32;S1;0;0;2,6;2,6;14.09.2024 07:04;5,97;53,36;1
0_TWK_32_S1_______.xls;32;S1;0;0;2,6;2,6;14.09.2024 07:04;5,97;53,36;1
0_TWK_32_S1_______.xls;32;S1;0;0;2,6;2,6;14.09.2024 07:04;5,97;53,36;1
0_TWK_32_S1_______.xls;32;S1;0;,1;2,6;2,6;14.09.2024 07:04;5,97;53,36;1
0_TWK_32_S1_______.xls;32;S1;,07;,3;2,6;2,6;14.09.2024 07:04;5,97;53,36;1
0_TWK_32_S1_______.xls;32;S1;,6;,6;2,6;2,6;14.09.2024 07:04;5,97;53,36;1
0_TWK_32_S1_______.xls;32;S1;1,39;,6;2,6;2,6;14.09.2024 07:04;5,97;53,36;1
0_TWK_32_S1_______.xls;32;S1;2,4;,6;2,6;2,6;14.09.2024 07:04;5,97;53,36;1
0_TWK_32_S1_______.xls;32;S1;5,29;,6;2,6;2,6;14.09.2024 07:04;5,97;53,36;1
0_TWK_32_S1_______.xls;32;S1;6,3;,5;2,6;2,6;14.09.2024 07:04;5,97;53,36;1
0_TWK_32_S1_______.xls;32;S1;6,38;,3;2,6;2,6;14.09.2024 07:04;5,97;53,36;1
0_TWK_32_S1_______.xls;32;S1;6,07;0;2,6;2,6;14.09.2024 07:04;5,97;53,36;1
0_TWK_32_S1_______.xls;32;S1;6;0;2,6;2,6;14.09.2024 07:04;5,97;53,36;1
0_TWK_32_S1_______.xls;32;S1;5,89;0;2,6;2,6;14.09.2024 07:04;5,97;53,36;1
0_TWK_32_S2_______.xls;32;S2;0;0;2,6;0;14.09.2024 07:05;5,97;19,75;1
0_TWK_32_S2_______.xls;32;S2;0;,2;1;1;14.09.2024 07:05;5,97;19,75;1
0_TWK_32_S2_______.xls;32;S2;0;1,4;,3;,3;14.09.2024 07:05;5,97;19,75;1
0_TWK_32_S2_______.xls;32;S2;0;1,8;,7;,7;14.09.2024 07:06;5,97;19,75;1
0_TWK_32_S2_______.xls;32;S2;0;2,2;1,3;1,3;14.09.2024 07:06;5,97;19,75;1
0_TWK_32_S2_______.xls;32;S2;0;2,5;1,8;1,8;14.09.2024 07:06;5,97;19,75;1
0_TWK_32_S2_______.xls;32;S2;0;3,1;2,6;2,6;14.09.2024 07:06;5,97;19,75;1
0_TWK_32_S2_______.xls;32;S2;0;3,1;3,3;3,3;14.09.2024 07:07;5,97;19,75;1
0_TWK_32_S2_______.xls;32;S2;0;3,4;4,1;4,1;14.09.2024 07:07;5,97;19,75;1
0_TWK_32_S2_______.xls;32;S2;0;3,2;4,9;4,9;14.09.2024 07:07;5,97;19,75;1
0_TWK_32_S2_______.xls;32;S2;0;0;5,1;5,1;14.09.2024 07:07;5,97;19,75;1
0_TWK_32_S2_______.xls;32;S2;0;0;5,1;5,1;14.09.2024 07:08;5,97;19,75;1
0_TWK_32_S2_______.xls;32;S2;0;0;5,1;5,1;14.09.2024 07:08;5,97;19,75;1
0_TWK_32_S2_______.xls;32;S2;0;0;5,1;5,1;14.09.2024 07:08;5,97;19,75;1
0_TWK_32_S2_______.xls;32;S2;0;0;5,1;5,1;14.09.2024 07:08;5,97;19,75;1
0_TWK_32_S2_______.xls;32;S2;0;0;5,1;5,1;14.09.2024 07:08;5,97;19,75;1
0_TWK_32_S2_______.xls;32;S2;0;0;5,1;5,1;14.09.2024 07:09;5,97;19,75;1
0_TWK_32_S2_______.xls;32;S2;0;0;5,1;5,1;14.09.2024 07:09;5,97;19,75;1
0_TWK_32_S2_______.xls;32;S2;0;0;5,1;5,1;14.09.2024 07:09;5,97;19,75;1
0_TWK_32_S2_______.xls;32;S2;0;0;5,1;5,1;14.09.2024 07:09;5,97;19,75;1
0_TWK_32_S2_______.xls;32;S2;0;0;5,1;5,1;14.09.2024 07:10;5,97;19,75;1
0_TWK_32_S2_______.xls;32;S2;0;0;5,1;5,1;14.09.2024 07:10;5,97;19,75;1
0_TWK_32_S2_______.xls;32;S2;0;0;5,1;5,1;14.09.2024 07:10;5,97;19,75;1
0_TWK_32_S2_______.xls;32;S2;0;3,3;5,6;5,6;14.09.2024 07:10;5,97;19,75;1
0_TWK_32_S2_______.xls;32;S2;0;4,5;6,6;6,6;14.09.2024 07:11;5,97;19,75;1
0_TWK_32_S2_______.xls;32;S2;,19;4,9;7,8;7,8;14.09.2024 07:11;5,97;19,75;1
0_TWK_32_S2_______.xls;32;S2;,49;6,5;9,1;9,1;14.09.2024 07:11;5,97;19,75;1
0_TWK_32_S2_______.xls;32;S2;,49;8,1;10,9;10,9;14.09.2024 07:11;5,97;19,75;1
0_TWK_32_S2_______.xls;32;S2;,6;8,2;12,8;12,8;14.09.2024 07:12;5,97;19,75;1
0_TWK_32_S2_______.xls;32;S2;,67;9;14,8;14,8;14.09.2024 07:12;5,97;19,75;1
0_TWK_32_S2_______.xls;32;S2;,79;9,4;17;17;14.09.2024 07:12;5,97;19,75;1
0_TWK_32_S2_______.xls;32;S2;,98;9,5;19,2;19,2;14.09.2024 07:12;5,97;19,75;1
0_TWK_32_S2_______.xls;32;S2;1,09;9,5;21,5;21,5;14.09.2024 07:12;5,97;19,75;1
0_TWK_32_S2_______.xls;32;S2;1,09;9,7;23,7;23,7;14.09.2024 07:13;5,97;19,75;1
0_TWK_32_S2_______.xls;32;S2;1,27;10;26,1;26,1;14.09.2024 07:13;5,97;19,75;1
0_TWK_32_S2_______.xls;32;S2;1,39;10;28,5;28,5;14.09.2024 07:13;5,97;19,75;1
0_TWK_32_S2_______.xls;32;S2;1,39;10,1;30,9;30,9;14.09.2024 07:13;5,97;19,75;1
0_TWK_32_S2_______.xls;32;S2;1,5;10,2;33,3;33,3;14.09.2024 07:14;5,97;19,75;1
0_TWK_32_S2_______.xls;32;S2;1,5;10,2;35,7;35,7;14.09.2024 07:14;5,97;19,75;1
0_TWK_32_S2_______.xls;32;S2;1,57;10,2;38;38;14.09.2024 07:14;5,97;19,75;1
0_TWK_32_S2_______.xls;32;S2;1,57;10,2;40,4;40,4;14.09.2024 07:14;5,97;19,75;1
0_TWK_32_S2_______.xls;32;S2;1,57;10,1;42,8;42,8;14.09.2024 07:15;5,97;19,75;1
0_TWK_32_S2_______.xls;32;S2;1,57;10,2;45,1;45,1;14.09.2024 07:15;5,97;19,75;1
0_TWK_32_S2_______.xls;32;S2;1,69;10,2;47,6;47,6;14.09.2024 07:15;5,97;19,75;1
0_TWK_32_S2_______.xls;32;S2;1,69;10,2;50;50;14.09.2024 07:15;5,97;19,75;1
0_TWK_32_S2_______.xls;32;S2;1,69;10,2;52,3;52,3;14.09.2024 07:15;5,97;19,75;1
0_TWK_32_S2_______.xls;32;S2;1,69;10,2;54,8;54,8;14.09.2024 07:16;5,97;19,75;1
0_TWK_32_S2_______.xls;32;S2;1,57;10,2;57,3;57,3;14.09.2024 07:16;5,97;19,75;1
0_TWK_32_S2_______.xls;32;S2;1,57;10,2;59,7;59,7;14.09.2024 07:16;5,97;19,75;1
0_TWK_32_S2_______.xls;32;S2;1,57;10,2;62,1;62,1;14.09.2024 07:16;5,97;19,75;1
0_TWK_32_S2_______.xls;32;S2;1,57;10,2;64,4;64,4;14.09.2024 07:17;5,97;19,75;1
0_TWK_32_S2_______.xls;32;S2;1,57;10,2;66,8;66,8;14.09.2024 07:17;5,97;19,75;1
0_TWK_32_S2_______.xls;32;S2;1,57;10,3;69,2;69,2;14.09.2024 07:17;5,97;19,75;1
0_TWK_32_S2_______.xls;32;S2;1,57;10,3;71,7;71,7;14.09.2024 07:17;5,97;19,75;1
0_TWK_32_S2_______.xls;32;S2;1,57;10,2;74,1;74,1;14.09.2024 07:18;5,97;19,75;1
0_TWK_32_S2_______.xls;32;S2;1,57;10,2;76,5;76,5;14.09.2024 07:18;5,97;19,75;1
0_TWK_32_S2_______.xls;32;S2;1,69;10,3;79;79;14.09.2024 07:18;5,97;19,75;1
0_TWK_32_S2_______.xls;32;S2;1,57;10,2;81,4;81,4;14.09.2024 07:18;5,97;19,75;1
0_TWK_32_S2_______.xls;32;S2;1,57;10,2;83,8;83,8;14.09.2024 07:19;5,97;19,75;1
0_TWK_32_S2_______.xls;32;S2;1,69;10,2;86,1;86,1;14.09.2024 07:19;5,97;19,75;1
0_TWK_32_S2_______.xls;32;S2;1,57;10,3;88,5;88,5;14.09.2024 07:19;5,97;19,75;1
0_TWK_32_S2_______.xls;32;S2;1,57;10,2;90,9;90,9;14.09.2024 07:19;5,97;19,75;1
0_TWK_32_S2_______.xls;32;S2;1,57;10,3;93,3;93,3;14.09.2024 07:19;5,97;19,75;1
0_TWK_32_S2_______.xls;32;S2;1,57;10,2;95,8;95,8;14.09.2024 07:20;5,97;19,75;1
0_TWK_32_S2_______.xls;32;S2;1,57;10,3;98,3;98,3;14.09.2024 07:20;5,97;19,75;1
0_TWK_32_S2_______.xls;32;S2;1,57;10,2;100,7;100,7;14.09.2024 07:20;5,97;19,75;1
0_TWK_32_S2_______.xls;32;S2;1,57;10,3;103,1;103,1;14.09.2024 07:20;5,97;19,75;1
0_TWK_32_S2_______.xls;32;S2;1,57;10,3;105,5;105,5;14.09.2024 07:21;5,97;19,75;1
0_TWK_32_S2_______.xls;32;S2;1,57;10,3;107,8;107,8;14.09.2024 07:21;5,97;19,75;1
0_TWK_32_S2_______.xls;32;S2;1,57;10,3;110,2;110,2;14.09.2024 07:21;5,97;19,75;1
0_TWK_32_S2_______.xls;32;S2;1,57;10,2;112,7;112,7;14.09.2024 07:21;5,97;19,75;1
0_TWK_32_S2_______.xls;32;S2;1,57;10,2;115,1;115,1;14.09.2024 07:22;5,97;19,75;1
0_TWK_32_S2_______.xls;32;S2;1,5;10,3;117,5;117,5;14.09.2024 07:22;5,97;19,75;1
0_TWK_32_S2_______.xls;32;S2;1,5;10,3;119,9;119,9;14.09.2024 07:22;5,97;19,75;1
0_TWK_32_S2_______.xls;32;S2;1,5;10,3;122,4;122,4;14.09.2024 07:22;5,97;19,75;1
0_TWK_32_S2_______.xls;32;S2;1,5;10,2;124,8;124,8;14.09.2024 07:22;5,97;19,75;1
0_TWK_32_S2_______.xls;32;S2;1,5;10,2;127,2;127,2;14.09.2024 07:23;5,97;19,75;1
0_TWK_32_S2_______.xls;32;S2;1,5;10,2;129,6;129,6;14.09.2024 07:23;5,97;19,75;1
0_TWK_32_S2_______.xls;32;S2;1,5;10,2;132;132;14.09.2024 07:23;5,97;19,75;1
0_TWK_32_S2_______.xls;32;S2;1,5;10,2;134,4;134,4;14.09.2024 07:23;5,97;19,75;1
0_TWK_32_S2_______.xls;32;S2;1,5;10,1;136,8;136,8;14.09.2024 07:24;5,97;19,75;1
0_TWK_32_S2_______.xls;32;S2;1,57;10,2;139,3;139,3;14.09.2024 07:24;5,97;19,75;1
0_TWK_32_S2_______.xls;32;S2;1,57;10,3;141,7;141,7;14.09.2024 07:24;5,97;19,75;1
0_TWK_32_S2_______.xls;32;S2;1,57;10,2;144,1;144,1;14.09.2024 07:24;5,97;19,75;1
0_TWK_32_S2_______.xls;32;S2;1,5;10,2;146,5;146,5;14.09.2024 07:25;5,97;19,75;1
0_TWK_32_S2_______.xls;32;S2;1,57;10,2;148,8;148,8;14.09.2024 07:25;5,97;19,75;1
0_TWK_32_S2_______.xls;32;S2;1,57;10,3;151,2;151,2;14.09.2024 07:25;5,97;19,75;1
0_TWK_32_S2_______.xls;32;S2;1,5;10,3;153,6;153,6;14.09.2024 07:25;5,97;19,75;1
0_TWK_32_S2_______.xls;32;S2;1,57;10,3;156,1;156,1;14.09.2024 07:26;5,97;19,75;1
0_TWK_32_S2_______.xls;32;S2;1,5;10,2;158,5;158,5;14.09.2024 07:26;5,97;19,75;1
0_TWK_32_S2_______.xls;32;S2;1,5;10,3;161;161;14.09.2024 07:26;5,97;19,75;1
0_TWK_32_S2_______.xls;32;S2;1,5;10,3;163,5;163,5;14.09.2024 07:26;5,97;19,75;1
0_TWK_32_S2_______.xls;32;S2;1,5;10,2;165,9;165,9;14.09.2024 07:26;5,97;19,75;1
0_TWK_32_S2_______.xls;32;S2;1,5;10,3;168,3;168,3;14.09.2024 07:27;5,97;19,75;1
0_TWK_32_S2_______.xls;32;S2;1,57;10,3;170,7;170,7;14.09.2024 07:27;5,97;19,75;1
0_TWK_32_S2_______.xls;32;S2;1,5;10,2;173;173;14.09.2024 07:27;5,97;19,75;1
0_TWK_32_S2_______.xls;32;S2;1,5;10,3;175,4;175,4;14.09.2024 07:27;5,97;19,75;1
0_TWK_32_S2_______.xls;32;S2;1,5;10,3;177,8;177,8;14.09.2024 07:28;5,97;19,75;1
0_TWK_32_S2_______.xls;32;S2;1,57;10,3;180,3;180,3;14.09.2024 07:28;5,97;19,75;1
0_TWK_32_S2_______.xls;32;S2;1,5;10,2;182,7;182,7;14.09.2024 07:28;5,97;19,75;1
0_TWK_32_S2_______.xls;32;S2;1,57;10,2;185,1;185,1;14.09.2024 07:28;5,97;19,75;1
0_TWK_32_S2_______.xls;32;S2;1,57;10,2;187,6;187,6;14.09.2024 07:29;5,97;19,75;1
0_TWK_32_S2_______.xls;32;S2;1,5;10,3;190;190;14.09.2024 07:29;5,97;19,75;1
0_TWK_32_S2_______.xls;32;S2;1,57;10,2;192,4;192,4;14.09.2024 07:29;5,97;19,75;1
0_TWK_32_S2_______.xls;32;S2;1,5;10,3;194,8;194,8;14.09.2024 07:29;5,97;19,75;1
0_TWK_32_S2_______.xls;32;S2;1,5;10,2;197,2;197,2;14.09.2024 07:29;5,97;19,75;1
0_TWK_32_S2_______.xls;32;S2;1,57;10,2;199,6;199,6;14.09.2024 07:30;5,97;19,75;1
0_TWK_32_S2_______.xls;32;S2;1,57;10,2;202;202;14.09.2024 07:30;5,97;19,75;1
0_TWK_32_S2_______.xls;32;S2;1,57;10,3;204,4;204,4;14.09.2024 07:30;5,97;19,75;1
0_TWK_32_S2_______.xls;32;S2;1,57;10,3;206,8;206,8;14.09.2024 07:30;5,97;19,75;1
0_TWK_32_S2_______.xls;32;S2;1,57;10,2;209,2;209,2;14.09.2024 07:31;5,97;19,75;1
0_TWK_32_S2_______.xls;32;S2;1,57;10,3;211,7;211,7;14.09.2024 07:31;5,97;19,75;1
0_TWK_32_S2_______.xls;32;S2;1,57;10,3;214,1;214,1;14.09.2024 07:31;5,97;19,75;1
0_TWK_32_S2_______.xls;32;S2;1,39;10,2;216,5;216,5;14.09.2024 07:31;5,97;19,75;1
0_TWK_32_S2_______.xls;32;S2;1,39;10,3;218,9;218,9;14.09.2024 07:32;5,97;19,75;1
0_TWK_32_S2_______.xls;32;S2;1,39;10,3;221,3;221,3;14.09.2024 07:32;5,97;19,75;1
0_TWK_32_S2_______.xls;32;S2;1,39;10,2;223,8;223,8;14.09.2024 07:32;5,97;19,75;1
0_TWK_32_S2_______.xls;32;S2;1,39;10,4;226,2;226,2;14.09.2024 07:32;5,97;19,75;1
0_TWK_32_S2_______.xls;32;S2;1,39;10,3;228,7;228,7;14.09.2024 07:33;5,97;19,75;1
0_TWK_32_S2_______.xls;32;S2;1,39;10,3;231,1;231,1;14.09.2024 07:33;5,97;19,75;1
0_TWK_32_S2_______.xls;32;S2;1,39;10,3;233,6;233,6;14.09.2024 07:33;5,97;19,75;1
0_TWK_32_S2_______.xls;32;S2;1,39;10,4;236;236;14.09.2024 07:33;5,97;19,75;1
0_TWK_32_S2_______.xls;32;S2;1,39;10,4;238,5;238,5;14.09.2024 07:33;5,97;19,75;1
0_TWK_32_S2_______.xls;32;S2;1,39;10,3;240,9;240,9;14.09.2024 07:34;5,97;19,75;1
0_TWK_32_S2_______.xls;32;S2;1,39;10,4;243,2;243,2;14.09.2024 07:34;5,97;19,75;1
0_TWK_32_S2_______.xls;32;S2;1,39;10,3;245,7;245,7;14.09.2024 07:34;5,97;19,75;1
0_TWK_32_S2_______.xls;32;S2;1,5;10,3;248,1;248,1;14.09.2024 07:34;5,97;19,75;1
0_TWK_32_S2_______.xls;32;S2;1,5;10,4;250,5;250,5;14.09.2024 07:35;5,97;19,75;1
0_TWK_32_S2_______.xls;32;S2;1,5;10,4;253;253;14.09.2024 07:35;5,97;19,75;1
0_TWK_32_S2_______.xls;32;S2;1,5;10,3;255,4;255,4;14.09.2024 07:35;5,97;19,75;1
0_TWK_32_S2_______.xls;32;S2;1,5;10,3;257,9;257,9;14.09.2024 07:35;5,97;19,75;1
0_TWK_32_S2_______.xls;32;S2;1,5;10,3;260,3;260,3;14.09.2024 07:36;5,97;19,75;1
0_TWK_32_S2_______.xls;32;S2;1,5;10,3;262,7;262,7;14.09.2024 07:36;5,97;19,75;1
0_TWK_32_S2_______.xls;32;S2;1,5;10,3;265,3;265,3;14.09.2024 07:36;5,97;19,75;1
0_TWK_32_S2_______.xls;32;S2;1,5;10,3;267,7;267,7;14.09.2024 07:36;5,97;19,75;1
0_TWK_32_S2_______.xls;32;S2;1,5;10,3;270,1;270,1;14.09.2024 07:36;5,97;19,75;1
0_TWK_32_S2_______.xls;32;S2;1,5;10,3;272,5;272,5;14.09.2024 07:37;5,97;19,75;1
0_TWK_32_S2_______.xls;32;S2;1,5;10,3;274,9;274,9;14.09.2024 07:37;5,97;19,75;1
0_TWK_32_S2_______.xls;32;S2;1,39;10,3;277,4;277,4;14.09.2024 07:37;5,97;19,75;1
0_TWK_32_S2_______.xls;32;S2;1,5;10,3;279,7;279,7;14.09.2024 07:37;5,97;19,75;1
0_TWK_32_S2_______.xls;32;S2;1,5;10,3;282,1;282,1;14.09.2024 07:38;5,97;19,75;1
0_TWK_32_S2_______.xls;32;S2;1,5;10,3;284,5;284,5;14.09.2024 07:38;5,97;19,75;1
0_TWK_32_S2_______.xls;32;S2;1,5;10,3;286,9;286,9;14.09.2024 07:38;5,97;19,75;1
0_TWK_32_S2_______.xls;32;S2;1,5;10,3;289,4;289,4;14.09.2024 07:38;5,97;19,75;1
0_TWK_32_S2_______.xls;32;S2;1,5;10,3;291,9;291,9;14.09.2024 07:39;5,97;19,75;1
0_TWK_32_S2_______.xls;32;S2;1,5;10,2;294,3;294,3;14.09.2024 07:39;5,97;19,75;1
0_TWK_32_S2_______.xls;32;S2;1,5;10,3;296,7;296,7;14.09.2024 07:39;5,97;19,75;1
0_TWK_32_S2_______.xls;32;S2;1,5;10,2;299,1;299,1;14.09.2024 07:39;5,97;19,75;1
0_TWK_32_S2_______.xls;32;S2;1,5;10,4;301,6;301,6;14.09.2024 07:40;5,97;19,75;1
0_TWK_32_S2_______.xls;32;S2;1,5;10,3;304;304;14.09.2024 07:40;5,97;19,75;1
0_TWK_32_S2_______.xls;32;S2;1,5;10,3;306,3;306,3;14.09.2024 07:40;5,97;19,75;1
0_TWK_32_S2_______.xls;32;S2;1,5;10,3;308,8;308,8;14.09.2024 07:40;5,97;19,75;1
0_TWK_32_S2_______.xls;32;S2;1,5;10,3;311,2;311,2;14.09.2024 07:40;5,97;19,75;1
0_TWK_32_S2_______.xls;32;S2;1,5;10,3;313,7;313,7;14.09.2024 07:41;5,97;19,75;1
0_TWK_32_S2_______.xls;32;S2;1,5;10,4;316,1;316,1;14.09.2024 07:41;5,97;19,75;1
0_TWK_32_S2_______.xls;32;S2;1,5;10,3;318,5;318,5;14.09.2024 07:41;5,97;19,75;1
0_TWK_32_S2_______.xls;32;S2;1,5;10,4;321;321;14.09.2024 07:41;5,97;19,75;1
0_TWK_32_S2_______.xls;32;S2;1,57;10,3;323,4;323,4;14.09.2024 07:42;5,97;19,75;1
0_TWK_32_S2_______.xls;32;S2;1,5;10,3;325,9;325,9;14.09.2024 07:42;5,97;19,75;1
0_TWK_32_S2_______.xls;32;S2;1,5;10,3;328,3;328,3;14.09.2024 07:42;5,97;19,75;1
0_TWK_32_S2_______.xls;32;S2;1,5;10,2;330,7;330,7;14.09.2024 07:42;5,97;19,75;1
0_TWK_32_S2_______.xls;32;S2;1,57;10,4;333,2;333,2;14.09.2024 07:43;5,97;19,75;1
0_TWK_32_S2_______.xls;32;S2;1,5;10,4;335,6;335,6;14.09.2024 07:43;5,97;19,75;1
0_TWK_32_S2_______.xls;32;S2;1,57;10,5;338,1;338,1;14.09.2024 07:43;5,97;19,75;1
0_TWK_32_S2_______.xls;32;S2;1,57;10,4;340,6;340,6;14.09.2024 07:43;5,97;19,75;1
0_TWK_32_S2_______.xls;32;S2;1,57;10,5;343;343;14.09.2024 07:43;5,97;19,75;1
0_TWK_32_S2_______.xls;32;S2;1,5;10,5;345,4;345,4;14.09.2024 07:44;5,97;19,75;1
0_TWK_32_S2_______.xls;32;S2;1,5;10,4;347,9;347,9;14.09.2024 07:44;5,97;19,75;1
0_TWK_32_S2_______.xls;32;S2;1,39;10,5;350,4;350,4;14.09.2024 07:44;5,97;19,75;1
0_TWK_32_S2_______.xls;32;S2;1,39;10,5;352,8;352,8;14.09.2024 07:44;5,97;19,75;1
0_TWK_32_S2_______.xls;32;S2;1,39;10,5;355,3;355,3;14.09.2024 07:45;5,97;19,75;1
0_TWK_32_S2_______.xls;32;S2;1,39;10,5;357,8;357,8;14.09.2024 07:45;5,97;19,75;1
0_TWK_32_S2_______.xls;32;S2;1,39;10,4;360,2;360,2;14.09.2024 07:45;5,97;19,75;1
0_TWK_32_S2_______.xls;32;S2;1,39;10,5;362,8;362,8;14.09.2024 07:45;5,97;19,75;1
0_TWK_32_S2_______.xls;32;S2;1,39;10,4;365,2;365,2;14.09.2024 07:46;5,97;19,75;1
0_TWK_32_S2_______.xls;32;S2;1,39;10,4;367,7;367,7;14.09.2024 07:46;5,97;19,75;1
0_TWK_32_S2_______.xls;32;S2;1,39;10,4;370,1;370,1;14.09.2024 07:46;5,97;19,75;1
0_TWK_32_S2_______.xls;32;S2;1,39;10,4;372,6;372,6;14.09.2024 07:46;5,97;19,75;1
0_TWK_32_S2_______.xls;32;S2;1,39;10,4;375,1;375,1;14.09.2024 07:47;5,97;19,75;1
0_TWK_32_S2_______.xls;32;S2;1,39;10,4;377,5;377,5;14.09.2024 07:47;5,97;19,75;1
0_TWK_32_S2_______.xls;32;S2;1,39;10,5;379,9;379,9;14.09.2024 07:47;5,97;19,75;1
0_TWK_32_S2_______.xls;32;S2;1,39;10,5;382,5;382,5;14.09.2024 07:47;5,97;19,75;1
0_TWK_32_S2_______.xls;32;S2;1,39;10,5;384,9;384,9;14.09.2024 07:47;5,97;19,75;1
0_TWK_32_S2_______.xls;32;S2;1,39;10,5;387,4;387,4;14.09.2024 07:48;5,97;19,75;1
0_TWK_32_S2_______.xls;32;S2;1,39;10,5;389,9;389,9;14.09.2024 07:48;5,97;19,75;1
0_TWK_32_S2_______.xls;32;S2;1,39;10,5;392,3;392,3;14.09.2024 07:48;5,97;19,75;1
0_TWK_32_S2_______.xls;32;S2;1,39;10,4;394,8;394,8;14.09.2024 07:48;5,97;19,75;1
0_TWK_32_S2_______.xls;32;S2;1,39;10,5;397,2;397,2;14.09.2024 07:49;5,97;19,75;1
0_TWK_32_S2_______.xls;32;S2;1,39;10,5;399,6;399,6;14.09.2024 07:49;5,97;19,75;1
0_TWK_32_S2_______.xls;32;S2;1,39;10,5;402,1;402,1;14.09.2024 07:49;5,97;19,75;1
0_TWK_32_S2_______.xls;32;S2;1,39;10,5;404,6;404,6;14.09.2024 07:49;5,97;19,75;1
0_TWK_32_S2_______.xls;32;S2;1,39;10,4;407;407;14.09.2024 07:50;5,97;19,75;1
0_TWK_32_S2_______.xls;32;S2;1,39;10,5;409,5;409,5;14.09.2024 07:50;5,97;19,75;1
0_TWK_32_S2_______.xls;32;S2;1,39;10,5;411,9;411,9;14.09.2024 07:50;5,97;19,75;1
0_TWK_32_S2_______.xls;32;S2;1,39;10,4;414,4;414,4;14.09.2024 07:50;5,97;19,75;1
0_TWK_32_S2_______.xls;32;S2;1,39;10,5;416,9;416,9;14.09.2024 07:50;5,97;19,75;1
0_TWK_32_S2_______.xls;32;S2;1,39;10,4;419,4;419,4;14.09.2024 07:51;5,97;19,75;1
0_TWK_32_S2_______.xls;32;S2;1,39;10,5;421,9;421,9;14.09.2024 07:51;5,97;19,75;1
0_TWK_32_S2_______.xls;32;S2;1,39;10,4;424,4;424,4;14.09.2024 07:51;5,97;19,75;1
0_TWK_32_S2_______.xls;32;S2;1,39;10,5;426,8;426,8;14.09.2024 07:51;5,97;19,75;1
0_TWK_32_S2_______.xls;32;S2;1,39;10,5;429,3;429,3;14.09.2024 07:52;5,97;19,75;1
0_TWK_32_S2_______.xls;32;S2;1,39;10,5;431,8;431,8;14.09.2024 07:52;5,97;19,75;1
0_TWK_32_S2_______.xls;32;S2;1,39;10,4;434,2;434,2;14.09.2024 07:52;5,97;19,75;1
0_TWK_32_S2_______.xls;32;S2;1,39;10,5;436,6;436,6;14.09.2024 07:52;5,97;19,75;1
0_TWK_32_S2_______.xls;32;S2;1,39;10,5;439,1;439,1;14.09.2024 07:53;5,97;19,75;1
0_TWK_32_S2_______.xls;32;S2;1,39;10,5;441,5;441,5;14.09.2024 07:53;5,97;19,75;1
0_TWK_32_S2_______.xls;32;S2;1,39;10,5;444;444;14.09.2024 07:53;5,97;19,75;1
0_TWK_32_S2_______.xls;32;S2;1,39;10,5;446,5;446,5;14.09.2024 07:53;5,97;19,75;1
0_TWK_32_S2_______.xls;32;S2;1,39;10,5;448,9;448,9;14.09.2024 07:54;5,97;19,75;1
0_TWK_32_S2_______.xls;32;S2;1,39;10,4;451,4;451,4;14.09.2024 07:54;5,97;19,75;1
0_TWK_32_S2_______.xls;32;S2;1,39;10,5;453,9;453,9;14.09.2024 07:54;5,97;19,75;1
0_TWK_32_S2_______.xls;32;S2;1,39;10,4;456,4;456,4;14.09.2024 07:54;5,97;19,75;1
0_TWK_32_S2_______.xls;32;S2;1,39;10,4;458,8;458,8;14.09.2024 07:54;5,97;19,75;1
0_TWK_32_S2_______.xls;32;S2;1,39;10,4;461,3;461,3;14.09.2024 07:55;5,97;19,75;1
0_TWK_32_S2_______.xls;32;S2;1,39;10,5;463,8;463,8;14.09.2024 07:55;5,97;19,75;1
0_TWK_32_S2_______.xls;32;S2;1,39;10,4;466,2;466,2;14.09.2024 07:55;5,97;19,75;1
0_TWK_32_S2_______.xls;32;S2;1,39;10,4;468,6;468,6;14.09.2024 07:55;5,97;19,75;1
0_TWK_32_S2_______.xls;32;S2;1,5;10,5;471;471;14.09.2024 07:56;5,97;19,75;1
0_TWK_32_S2_______.xls;32;S2;1,39;10,4;473,5;473,5;14.09.2024 07:56;5,97;19,75;1
0_TWK_32_S2_______.xls;32;S2;1,5;10,4;475,9;475,9;14.09.2024 07:56;5,97;19,75;1
0_TWK_32_S2_______.xls;32;S2;1,39;10,4;478,4;478,4;14.09.2024 07:56;5,97;19,75;1
0_TWK_32_S2_______.xls;32;S2;1,5;10,4;480,9;480,9;14.09.2024 07:57;5,97;19,75;1
0_TWK_32_S2_______.xls;32;S2;1,5;10,4;483,4;483,4;14.09.2024 07:57;5,97;19,75;1
0_TWK_32_S2_______.xls;32;S2;1,39;10,5;485,8;485,8;14.09.2024 07:57;5,97;19,75;1
0_TWK_32_S2_______.xls;32;S2;1,5;10,5;488,3;488,3;14.09.2024 07:57;5,97;19,75;1
0_TWK_32_S2_______.xls;32;S2;1,39;10,5;490,8;490,8;14.09.2024 07:57;5,97;19,75;1
0_TWK_32_S2_______.xls;32;S2;1,39;10,4;493,2;493,2;14.09.2024 07:58;5,97;19,75;1
0_TWK_32_S2_______.xls;32;S2;1,5;10,5;495,7;495,7;14.09.2024 07:58;5,97;19,75;1
0_TWK_32_S2_______.xls;32;S2;1,5;10,5;498,2;498,2;14.09.2024 07:58;5,97;19,75;1
0_TWK_32_S2_______.xls;32;S2;1,5;10,5;500,6;500,6;14.09.2024 07:58;5,97;19,75;1
0_TWK_32_S2_______.xls;32;S2;1,5;10,5;503;503;14.09.2024 07:59;5,97;19,75;1
0_TWK_32_S2_______.xls;32;S2;1,5;10,5;505,5;505,5;14.09.2024 07:59;5,97;19,75;1
0_TWK_32_S2_______.xls;32;S2;1,5;10,5;508;508;14.09.2024 07:59;5,97;19,75;1
0_TWK_32_S2_______.xls;32;S2;1,5;10,5;510,4;510,4;14.09.2024 07:59;5,97;19,75;1
0_TWK_32_S2_______.xls;32;S2;1,5;10,6;512,9;512,9;14.09.2024 08:00;5,97;19,75;1
0_TWK_32_S2_______.xls;32;S2;1,5;10,5;515,4;515,4;14.09.2024 08:00;5,97;19,75;1
0_TWK_32_S2_______.xls;32;S2;1,5;10,4;517,9;517,9;14.09.2024 08:00;5,97;19,75;1
0_TWK_32_S2_______.xls;32;S2;1,5;10,5;520,4;520,4;14.09.2024 08:00;5,97;19,75;1
0_TWK_32_S2_______.xls;32;S2;1,5;10,5;522,9;522,9;14.09.2024 08:01;5,97;19,75;1
0_TWK_32_S2_______.xls;32;S2;1,5;10,5;525,4;525,4;14.09.2024 08:01;5,97;19,75;1
0_TWK_32_S2_______.xls;32;S2;1,5;10,5;527,8;527,8;14.09.2024 08:01;5,97;19,75;1
0_TWK_32_S2_______.xls;32;S2;1,5;10,5;530,3;530,3;14.09.2024 08:01;5,97;19,75;1
0_TWK_32_S2_______.xls;32;S2;1,57;10,5;532,7;532,7;14.09.2024 08:01;5,97;19,75;1
0_TWK_32_S2_______.xls;32;S2;1,57;10,5;535,1;535,1;14.09.2024 08:02;5,97;19,75;1
0_TWK_32_S2_______.xls;32;S2;1,57;10,4;537,6;537,6;14.09.2024 08:02;5,97;19,75;1
0_TWK_32_S2_______.xls;32;S2;1,57;10,5;540,1;540,1;14.09.2024 08:02;5,97;19,75;1
0_TWK_32_S2_______.xls;32;S2;1,57;10,4;542,6;542,6;14.09.2024 08:02;5,97;19,75;1
0_TWK_32_S2_______.xls;32;S2;1,57;10,5;545,1;545,1;14.09.2024 08:03;5,97;19,75;1
0_TWK_32_S2_______.xls;32;S2;1,57;10,4;547,5;547,5;14.09.2024 08:03;5,97;19,75;1
0_TWK_32_S2_______.xls;32;S2;1,57;10,4;550;550;14.09.2024 08:03;5,97;19,75;1
0_TWK_32_S2_______.xls;32;S2;1,57;10,5;552,4;552,4;14.09.2024 08:03;5,97;19,75;1
0_TWK_32_S2_______.xls;32;S2;1,57;10,5;554,9;554,9;14.09.2024 08:04;5,97;19,75;1
0_TWK_32_S2_______.xls;32;S2;1,57;10,4;557,4;557,4;14.09.2024 08:04;5,97;19,75;1
0_TWK_32_S2_______.xls;32;S2;1,69;10,5;559,8;559,8;14.09.2024 08:04;5,97;19,75;1
0_TWK_32_S2_______.xls;32;S2;1,69;10,4;562,3;562,3;14.09.2024 08:04;5,97;19,75;1
0_TWK_32_S2_______.xls;32;S2;1,57;10,5;564,8;564,8;14.09.2024 08:04;5,97;19,75;1
0_TWK_32_S2_______.xls;32;S2;1,69;10,5;567,2;567,2;14.09.2024 08:05;5,97;19,75;1
0_TWK_32_S2_______.xls;32;S2;1,69;10,4;569,6;569,6;14.09.2024 08:05;5,97;19,75;1
0_TWK_32_S2_______.xls;32;S2;1,69;10,5;572;572;14.09.2024 08:05;5,97;19,75;1
0_TWK_32_S2_______.xls;32;S2;1,69;10,5;574,6;574,6;14.09.2024 08:05;5,97;19,75;1
0_TWK_32_S2_______.xls;32;S2;1,69;10,4;577,1;577,1;14.09.2024 08:06;5,97;19,75;1
0_TWK_32_S2_______.xls;32;S2;1,69;10,4;579,5;579,5;14.09.2024 08:06;5,97;19,75;1
0_TWK_32_S2_______.xls;32;S2;1,69;10,4;581,9;581,9;14.09.2024 08:06;5,97;19,75;1
0_TWK_32_S2_______.xls;32;S2;1,69;10,5;584,4;584,4;14.09.2024 08:06;5,97;19,75;1
0_TWK_32_S2_______.xls;32;S2;1,69;10,4;586,9;586,9;14.09.2024 08:07;5,97;19,75;1
0_TWK_32_S2_______.xls;32;S2;1,69;10,4;589,3;589,3;14.09.2024 08:07;5,97;19,75;1
0_TWK_32_S2_______.xls;32;S2;1,69;10,5;591,8;591,8;14.09.2024 08:07;5,97;19,75;1
0_TWK_32_S2_______.xls;32;S2;1,8;10,5;594,3;594,3;14.09.2024 08:07;5,97;19,75;1
0_TWK_32_S2_______.xls;32;S2;1,8;10,5;596,8;596,8;14.09.2024 08:08;5,97;19,75;1
0_TWK_32_S2_______.xls;32;S2;1,69;10,5;599,2;599,2;14.09.2024 08:08;5,97;19,75;1
0_TWK_32_S2_______.xls;32;S2;1,69;10,5;601,7;601,7;14.09.2024 08:08;5,97;19,75;1
0_TWK_32_S2_______.xls;32;S2;1,69;10,5;604,1;604,1;14.09.2024 08:08;5,97;19,75;1
0_TWK_32_S2_______.xls;32;S2;1,69;10,5;606,6;606,6;14.09.2024 08:08;5,97;19,75;1
0_TWK_32_S2_______.xls;32;S2;1,69;10,5;609;609;14.09.2024 08:09;5,97;19,75;1
0_TWK_32_S2_______.xls;32;S2;1,69;10,6;611,5;611,5;14.09.2024 08:09;5,97;19,75;1
0_TWK_32_S2_______.xls;32;S2;1,69;10,6;614;614;14.09.2024 08:09;5,97;19,75;1
0_TWK_32_S2_______.xls;32;S2;1,69;10,5;616,5;616,5;14.09.2024 08:09;5,97;19,75;1
0_TWK_32_S2_______.xls;32;S2;1,8;10,6;619;619;14.09.2024 08:10;5,97;19,75;1
0_TWK_32_S2_______.xls;32;S2;1,8;10,5;621,4;621,4;14.09.2024 08:10;5,97;19,75;1
0_TWK_32_S2_______.xls;32;S2;1,8;10,5;623,9;623,9;14.09.2024 08:10;5,97;19,75;1
0_TWK_32_S2_______.xls;32;S2;1,8;10,5;626,4;626,4;14.09.2024 08:10;5,97;19,75;1
0_TWK_32_S2_______.xls;32;S2;1,8;10,4;629;629;14.09.2024 08:11;5,97;19,75;1
0_TWK_32_S2_______.xls;32;S2;1,8;10,4;631,4;631,4;14.09.2024 08:11;5,97;19,75;1
0_TWK_32_S2_______.xls;32;S2;1,8;10,4;633,9;633,9;14.09.2024 08:11;5,97;19,75;1
0_TWK_32_S2_______.xls;32;S2;1,8;10,5;636,3;636,3;14.09.2024 08:11;5,97;19,75;1
0_TWK_32_S2_______.xls;32;S2;1,8;10,5;638,8;638,8;14.09.2024 08:11;5,97;19,75;1
0_TWK_32_S2_______.xls;32;S2;1,8;10,5;641,3;641,3;14.09.2024 08:12;5,97;19,75;1
0_TWK_32_S2_______.xls;32;S2;1,8;10,5;643,7;643,7;14.09.2024 08:12;5,97;19,75;1
0_TWK_32_S2_______.xls;32;S2;1,8;10,5;646,2;646,2;14.09.2024 08:12;5,97;19,75;1
0_TWK_32_S2_______.xls;32;S2;1,88;10,4;648,6;648,6;14.09.2024 08:12;5,97;19,75;1
0_TWK_32_S2_______.xls;32;S2;1,88;10,3;651;651;14.09.2024 08:13;5,97;19,75;1
0_TWK_32_S2_______.xls;32;S2;1,88;10,5;653,4;653,4;14.09.2024 08:13;5,97;19,75;1
0_TWK_32_S2_______.xls;32;S2;1,88;10,4;655,9;655,9;14.09.2024 08:13;5,97;19,75;1
0_TWK_32_S2_______.xls;32;S2;1,88;10,4;658,4;658,4;14.09.2024 08:13;5,97;19,75;1
0_TWK_32_S2_______.xls;32;S2;1,88;10,4;660,8;660,8;14.09.2024 08:14;5,97;19,75;1
0_TWK_32_S2_______.xls;32;S2;1,88;10,5;663,3;663,3;14.09.2024 08:14;5,97;19,75;1
0_TWK_32_S2_______.xls;32;S2;1,88;10,4;665,7;665,7;14.09.2024 08:14;5,97;19,75;1
0_TWK_32_S2_______.xls;32;S2;1,99;10,5;668,3;668,3;14.09.2024 08:14;5,97;19,75;1
0_TWK_32_S2_______.xls;32;S2;1,88;10,5;670,8;670,8;14.09.2024 08:15;5,97;19,75;1
0_TWK_32_S2_______.xls;32;S2;1,99;10,4;673,3;673,3;14.09.2024 08:15;5,97;19,75;1
0_TWK_32_S2_______.xls;32;S2;1,99;10,5;675,7;675,7;14.09.2024 08:15;5,97;19,75;1
0_TWK_32_S2_______.xls;32;S2;1,99;10,5;678,1;678,1;14.09.2024 08:15;5,97;19,75;1
0_TWK_32_S2_______.xls;32;S2;1,99;10,4;680,6;680,6;14.09.2024 08:15;5,97;19,75;1
0_TWK_32_S2_______.xls;32;S2;1,99;10,4;683;683;14.09.2024 08:16;5,97;19,75;1
0_TWK_32_S2_______.xls;32;S2;1,99;10,5;685,5;685,5;14.09.2024 08:16;5,97;19,75;1
0_TWK_32_S2_______.xls;32;S2;1,99;10,4;687,9;687,9;14.09.2024 08:16;5,97;19,75;1
0_TWK_32_S2_______.xls;32;S2;1,99;10,4;690,4;690,4;14.09.2024 08:16;5,97;19,75;1
0_TWK_32_S2_______.xls;32;S2;2,1;10,5;692,9;692,9;14.09.2024 08:17;5,97;19,75;1
0_TWK_32_S2_______.xls;32;S2;1,99;10,5;695,4;695,4;14.09.2024 08:17;5,97;19,75;1
0_TWK_32_S2_______.xls;32;S2;2,1;10,5;697,8;697,8;14.09.2024 08:17;5,97;19,75;1
0_TWK_32_S2_______.xls;32;S2;2,1;10,5;700,3;700,3;14.09.2024 08:17;5,97;19,75;1
0_TWK_32_S2_______.xls;32;S2;2,1;10,4;702,8;702,8;14.09.2024 08:18;5,97;19,75;1
0_TWK_32_S2_______.xls;32;S2;2,1;10,5;705,3;705,3;14.09.2024 08:18;5,97;19,75;1
0_TWK_32_S2_______.xls;32;S2;2,1;10,5;707,7;707,7;14.09.2024 08:18;5,97;19,75;1
0_TWK_32_S2_______.xls;32;S2;2,1;10,5;710,1;710,1;14.09.2024 08:18;5,97;19,75;1
0_TWK_32_S2_______.xls;32;S2;2,1;10,7;712,6;712,6;14.09.2024 08:18;5,97;19,75;1
0_TWK_32_S2_______.xls;32;S2;2,1;10,7;715,1;715,1;14.09.2024 08:19;5,97;19,75;1
0_TWK_32_S2_______.xls;32;S2;2,1;10,6;717,6;717,6;14.09.2024 08:19;5,97;19,75;1
0_TWK_32_S2_______.xls;32;S2;2,1;10,6;720,1;720,1;14.09.2024 08:19;5,97;19,75;1
0_TWK_32_S2_______.xls;32;S2;1,99;10,5;722,6;722,6;14.09.2024 08:19;5,97;19,75;1
0_TWK_32_S2_______.xls;32;S2;2,1;10,5;725,1;725,1;14.09.2024 08:20;5,97;19,75;1
0_TWK_32_S2_______.xls;32;S2;1,99;10,5;727,6;727,6;14.09.2024 08:20;5,97;19,75;1
0_TWK_32_S2_______.xls;32;S2;2,1;10,5;730,1;730,1;14.09.2024 08:20;5,97;19,75;1
0_TWK_32_S2_______.xls;32;S2;2,1;10,5;732,6;732,6;14.09.2024 08:20;5,97;19,75;1
0_TWK_32_S2_______.xls;32;S2;2,1;10,5;735;735;14.09.2024 08:21;5,97;19,75;1
0_TWK_32_S2_______.xls;32;S2;2,1;10,5;737,4;737,4;14.09.2024 08:21;5,97;19,75;1
0_TWK_32_S2_______.xls;32;S2;2,1;10,5;739,9;739,9;14.09.2024 08:21;5,97;19,75;1
0_TWK_32_S2_______.xls;32;S2;2,1;10,5;742,4;742,4;14.09.2024 08:21;5,97;19,75;1
0_TWK_32_S2_______.xls;32;S2;2,1;10,5;744,9;744,9;14.09.2024 08:22;5,97;19,75;1
0_TWK_32_S2_______.xls;32;S2;2,1;10,5;747,4;747,4;14.09.2024 08:22;5,97;19,75;1
0_TWK_32_S2_______.xls;32;S2;2,1;10,5;749,9;749,9;14.09.2024 08:22;5,97;19,75;1
0_TWK_32_S2_______.xls;32;S2;2,1;10,6;752,3;752,3;14.09.2024 08:22;5,97;19,75;1
0_TWK_32_S2_______.xls;32;S2;2,1;10,6;754,8;754,8;14.09.2024 08:22;5,97;19,75;1
0_TWK_32_S2_______.xls;32;S2;2,1;10,5;757,3;757,3;14.09.2024 08:23;5,97;19,75;1
0_TWK_32_S2_______.xls;32;S2;2,17;10,6;759,8;759,8;14.09.2024 08:23;5,97;19,75;1
0_TWK_32_S2_______.xls;32;S2;2,17;10,5;762,4;762,4;14.09.2024 08:23;5,97;19,75;1
0_TWK_32_S2_______.xls;32;S2;2,17;10,5;764,8;764,8;14.09.2024 08:23;5,97;19,75;1
0_TWK_32_S2_______.xls;32;S2;2,17;10,6;767,3;767,3;14.09.2024 08:24;5,97;19,75;1
0_TWK_32_S2_______.xls;32;S2;2,17;10,5;769,8;769,8;14.09.2024 08:24;5,97;19,75;1
0_TWK_32_S2_______.xls;32;S2;2,17;10,5;772,2;772,2;14.09.2024 08:24;5,97;19,75;1
0_TWK_32_S2_______.xls;32;S2;2,17;10,6;774,7;774,7;14.09.2024 08:24;5,97;19,75;1
0_TWK_32_S2_______.xls;32;S2;2,17;10,5;777,2;777,2;14.09.2024 08:25;5,97;19,75;1
0_TWK_32_S2_______.xls;32;S2;2,17;10,5;779,6;779,6;14.09.2024 08:25;5,97;19,75;1
0_TWK_32_S2_______.xls;32;S2;2,29;10,5;782,1;782,1;14.09.2024 08:25;5,97;19,75;1
0_TWK_32_S2_______.xls;32;S2;2,29;10,5;784,6;784,6;14.09.2024 08:25;5,97;19,75;1
0_TWK_32_S2_______.xls;32;S2;2,29;10,5;787,1;787,1;14.09.2024 08:25;5,97;19,75;1
0_TWK_32_S2_______.xls;32;S2;2,29;10,5;789,6;789,6;14.09.2024 08:26;5,97;19,75;1
0_TWK_32_S2_______.xls;32;S2;2,29;10,6;792,1;792,1;14.09.2024 08:26;5,97;19,75;1
0_TWK_32_S2_______.xls;32;S2;2,29;10,5;794,6;794,6;14.09.2024 08:26;5,97;19,75;1
0_TWK_32_S2_______.xls;32;S2;2,29;10,5;797,1;797,1;14.09.2024 08:26;5,97;19,75;1
0_TWK_32_S2_______.xls;32;S2;2,29;10,5;799,6;799,6;14.09.2024 08:27;5,97;19,75;1
0_TWK_32_S2_______.xls;32;S2;2,29;10,5;802;802;14.09.2024 08:27;5,97;19,75;1
0_TWK_32_S2_______.xls;32;S2;2,29;10,5;804,4;804,4;14.09.2024 08:27;5,97;19,75;1
0_TWK_32_S2_______.xls;32;S2;2,4;10,5;806,9;806,9;14.09.2024 08:27;5,97;19,75;1
0_TWK_32_S2_______.xls;32;S2;2,4;10,5;809,4;809,4;14.09.2024 08:28;5,97;19,75;1
0_TWK_32_S2_______.xls;32;S2;2,4;10,4;811,9;811,9;14.09.2024 08:28;5,97;19,75;1
0_TWK_32_S2_______.xls;32;S2;2,4;10,5;814,4;814,4;14.09.2024 08:28;5,97;19,75;1
0_TWK_32_S2_______.xls;32;S2;2,4;10,4;816,8;816,8;14.09.2024 08:28;5,97;19,75;1
0_TWK_32_S2_______.xls;32;S2;2,4;10,5;819,3;819,3;14.09.2024 08:29;5,97;19,75;1
0_TWK_32_S2_______.xls;32;S2;2,4;10,5;821,8;821,8;14.09.2024 08:29;5,97;19,75;1
0_TWK_32_S2_______.xls;32;S2;2,4;10,5;824,2;824,2;14.09.2024 08:29;5,97;19,75;1
0_TWK_32_S2_______.xls;32;S2;2,4;10,5;826,7;826,7;14.09.2024 08:29;5,97;19,75;1
0_TWK_32_S2_______.xls;32;S2;2,4;10,5;829,2;829,2;14.09.2024 08:29;5,97;19,75;1
0_TWK_32_S2_______.xls;32;S2;2,4;10,5;831,6;831,6;14.09.2024 08:30;5,97;19,75;1
0_TWK_32_S2_______.xls;32;S2;2,4;10,5;834,1;834,1;14.09.2024 08:30;5,97;19,75;1
0_TWK_32_S2_______.xls;32;S2;2,48;10,5;836,4;836,4;14.09.2024 08:30;5,97;19,75;1
0_TWK_32_S2_______.xls;32;S2;2,48;10,5;839;839;14.09.2024 08:30;5,97;19,75;1
0_TWK_32_S2_______.xls;32;S2;2,48;10,5;841,5;841,5;14.09.2024 08:31;5,97;19,75;1
0_TWK_32_S2_______.xls;32;S2;2,48;10,4;844;844;14.09.2024 08:31;5,97;19,75;1
0_TWK_32_S2_______.xls;32;S2;2,48;10,2;846,3;846,3;14.09.2024 08:31;5,97;19,75;1
0_TWK_32_S2_______.xls;32;S2;2,48;10,1;848,7;848,7;14.09.2024 08:31;5,97;19,75;1
0_TWK_32_S2_______.xls;32;S2;2,48;9,9;851,1;851,1;14.09.2024 08:32;5,97;19,75;1
0_TWK_32_S2_______.xls;32;S2;2,48;9,9;853,5;853,5;14.09.2024 08:32;5,97;19,75;1
0_TWK_32_S2_______.xls;32;S2;2,48;9,8;855,8;855,8;14.09.2024 08:32;5,97;19,75;1
0_TWK_32_S2_______.xls;32;S2;2,48;9,9;858,2;858,2;14.09.2024 08:32;5,97;19,75;1
0_TWK_32_S2_______.xls;32;S2;2,48;9,9;860,4;860,4;14.09.2024 08:32;5,97;19,75;1
0_TWK_32_S2_______.xls;32;S2;2,48;9,9;862,7;862,7;14.09.2024 08:33;5,97;19,75;1
0_TWK_32_S2_______.xls;32;S2;2,48;10;865,1;865,1;14.09.2024 08:33;5,97;19,75;1
0_TWK_32_S2_______.xls;32;S2;2,48;9,9;867,4;867,4;14.09.2024 08:33;5,97;19,75;1
0_TWK_32_S2_______.xls;32;S2;2,48;9,9;869,8;869,8;14.09.2024 08:33;5,97;19,75;1
0_TWK_32_S2_______.xls;32;S2;2,48;9,9;872,1;872,1;14.09.2024 08:34;5,97;19,75;1
0_TWK_32_S2_______.xls;32;S2;2,48;10;874,5;874,5;14.09.2024 08:34;5,97;19,75;1
0_TWK_32_S2_______.xls;32;S2;2,59;9,9;876,8;876,8;14.09.2024 08:34;5,97;19,75;1
0_TWK_32_S2_______.xls;32;S2;2,59;9,9;879,1;879,1;14.09.2024 08:34;5,97;19,75;1
0_TWK_32_S2_______.xls;32;S2;2,59;9,9;881,5;881,5;14.09.2024 08:35;5,97;19,75;1
0_TWK_32_S2_______.xls;32;S2;2,59;9,9;883,8;883,8;14.09.2024 08:35;5,97;19,75;1
0_TWK_32_S2_______.xls;32;S2;2,59;9,8;886,2;886,2;14.09.2024 08:35;5,97;19,75;1
0_TWK_32_S2_______.xls;32;S2;2,59;9,8;888,5;888,5;14.09.2024 08:35;5,97;19,75;1
0_TWK_32_S2_______.xls;32;S2;2,59;9,9;890,8;890,8;14.09.2024 08:36;5,97;19,75;1
0_TWK_32_S2_______.xls;32;S2;2,59;9,8;893,1;893,1;14.09.2024 08:36;5,97;19,75;1
0_TWK_32_S2_______.xls;32;S2;2,59;9,8;895,4;895,4;14.09.2024 08:36;5,97;19,75;1
0_TWK_32_S2_______.xls;32;S2;2,59;9,8;897,6;897,6;14.09.2024 08:36;5,97;19,75;1
0_TWK_32_S2_______.xls;32;S2;2,59;9,8;900;900;14.09.2024 08:36;5,97;19,75;1
0_TWK_32_S2_______.xls;32;S2;2,59;9,7;902,3;902,3;14.09.2024 08:37;5,97;19,75;1
0_TWK_32_S2_______.xls;32;S2;2,7;9,8;904,6;904,6;14.09.2024 08:37;5,97;19,75;1
0_TWK_32_S2_______.xls;32;S2;2,7;9,8;906,9;906,9;14.09.2024 08:37;5,97;19,75;1
0_TWK_32_S2_______.xls;32;S2;2,7;9,8;909,2;909,2;14.09.2024 08:37;5,97;19,75;1
0_TWK_32_S2_______.xls;32;S2;2,7;9,8;911,5;911,5;14.09.2024 08:38;5,97;19,75;1
0_TWK_32_S2_______.xls;32;S2;2,7;9,8;913,9;913,9;14.09.2024 08:38;5,97;19,75;1
0_TWK_32_S2_______.xls;32;S2;2,7;9,8;916,2;916,2;14.09.2024 08:38;5,97;19,75;1
0_TWK_32_S2_______.xls;32;S2;2,7;9,8;918,5;918,5;14.09.2024 08:38;5,97;19,75;1
0_TWK_32_S2_______.xls;32;S2;2,7;9,7;920,8;920,8;14.09.2024 08:39;5,97;19,75;1
0_TWK_32_S2_______.xls;32;S2;2,7;9,8;923,1;923,1;14.09.2024 08:39;5,97;19,75;1
0_TWK_32_S2_______.xls;32;S2;2,77;9,7;925,4;925,4;14.09.2024 08:39;5,97;19,75;1
0_TWK_32_S2_______.xls;32;S2;2,77;9,8;927,7;927,7;14.09.2024 08:39;5,97;19,75;1
0_TWK_32_S2_______.xls;32;S2;2,77;9,7;929,9;929,9;14.09.2024 08:39;5,97;19,75;1
0_TWK_32_S2_______.xls;32;S2;2,77;9,8;932,2;932,2;14.09.2024 08:40;5,97;19,75;1
0_TWK_32_S2_______.xls;32;S2;2,77;9,8;934,6;934,6;14.09.2024 08:40;5,97;19,75;1
0_TWK_32_S2_______.xls;32;S2;2,77;9,7;936,8;936,8;14.09.2024 08:40;5,97;19,75;1
0_TWK_32_S2_______.xls;32;S2;2,77;9,2;939,1;939,1;14.09.2024 08:40;5,97;19,75;1
0_TWK_32_S2_______.xls;32;S2;2,77;8,7;941,1;941,1;14.09.2024 08:41;5,97;19,75;1
0_TWK_32_S2_______.xls;32;S2;2,77;8,6;943,2;943,2;14.09.2024 08:41;5,97;19,75;1
0_TWK_32_S2_______.xls;32;S2;2,77;8,5;945,3;945,3;14.09.2024 08:41;5,97;19,75;1
0_TWK_32_S2_______.xls;32;S2;2,77;8,5;947,3;947,3;14.09.2024 08:41;5,97;19,75;1
0_TWK_32_S2_______.xls;32;S2;2,77;8,4;949,3;949,3;14.09.2024 08:42;5,97;19,75;1
0_TWK_32_S2_______.xls;32;S2;2,89;8,4;951,3;951,3;14.09.2024 08:42;5,97;19,75;1
0_TWK_32_S2_______.xls;32;S2;2,89;8,3;953,2;953,2;14.09.2024 08:42;5,97;19,75;1
0_TWK_32_S2_______.xls;32;S2;2,89;8;955,1;955,1;14.09.2024 08:42;5,97;19,75;1
0_TWK_32_S2_______.xls;32;S2;2,89;8;957;957;14.09.2024 08:43;5,97;19,75;1
0_TWK_32_S2_______.xls;32;S2;2,89;7,9;958,9;958,9;14.09.2024 08:43;5,97;19,75;1
0_TWK_32_S2_______.xls;32;S2;2,77;7,8;960,7;960,7;14.09.2024 08:43;5,97;19,75;1
0_TWK_32_S2_______.xls;32;S2;2,77;7,8;962,6;962,6;14.09.2024 08:43;5,97;19,75;1
0_TWK_32_S2_______.xls;32;S2;2,77;7,8;964,4;964,4;14.09.2024 08:43;5,97;19,75;1
0_TWK_32_S2_______.xls;32;S2;2,77;7,7;966,2;966,2;14.09.2024 08:44;5,97;19,75;1
0_TWK_32_S2_______.xls;32;S2;2,77;7,8;968,1;968,1;14.09.2024 08:44;5,97;19,75;1
0_TWK_32_S2_______.xls;32;S2;2,77;7,8;969,9;969,9;14.09.2024 08:44;5,97;19,75;1
0_TWK_32_S2_______.xls;32;S2;2,77;7,7;971,7;971,7;14.09.2024 08:44;5,97;19,75;1
0_TWK_32_S2_______.xls;32;S2;2,77;7,7;973,6;973,6;14.09.2024 08:45;5,97;19,75;1
0_TWK_32_S2_______.xls;32;S2;2,77;7,7;975,4;975,4;14.09.2024 08:45;5,97;19,75;1
0_TWK_32_S2_______.xls;32;S2;2,77;7,7;977,2;977,2;14.09.2024 08:45;5,97;19,75;1
0_TWK_32_S2_______.xls;32;S2;2,77;7,7;979;979;14.09.2024 08:45;5,97;19,75;1
0_TWK_32_S2_______.xls;32;S2;2,89;7,7;980,8;980,8;14.09.2024 08:46;5,97;19,75;1
0_TWK_32_S2_______.xls;32;S2;2,89;7,7;982,7;982,7;14.09.2024 08:46;5,97;19,75;1
0_TWK_32_S2_______.xls;32;S2;2,89;7,7;984,4;984,4;14.09.2024 08:46;5,97;19,75;1
0_TWK_32_S2_______.xls;32;S2;2,89;7,7;986,2;986,2;14.09.2024 08:46;5,97;19,75;1
0_TWK_32_S2_______.xls;32;S2;2,89;7,7;988,1;988,1;14.09.2024 08:46;5,97;19,75;1
0_TWK_32_S2_______.xls;32;S2;2,89;7,7;990;990;14.09.2024 08:47;5,97;19,75;1
0_TWK_32_S2_______.xls;32;S2;2,89;7,7;991,8;991,8;14.09.2024 08:47;5,97;19,75;1
0_TWK_32_S2_______.xls;32;S2;2,89;7,8;993,6;993,6;14.09.2024 08:47;5,97;19,75;1
0_TWK_32_S2_______.xls;32;S2;2,89;7,7;995,5;995,5;14.09.2024 08:47;5,97;19,75;1
0_TWK_32_S2_______.xls;32;S2;2,89;7,4;997,2;997,2;14.09.2024 08:48;5,97;19,75;1
0_TWK_32_S2_______.xls;32;S2;3;7,1;998,9;998,9;14.09.2024 08:48;5,97;19,75;1
0_TWK_32_S2_______.xls;32;S2;2,89;6,9;1000,6;1000,6;14.09.2024 08:48;5,97;19,75;1
0_TWK_32_S2_______.xls;32;S2;3;6,8;1002,2;1002,2;14.09.2024 08:48;5,97;19,75;1
0_TWK_32_S2_______.xls;32;S2;3;6,7;1003,8;1003,8;14.09.2024 08:49;5,97;19,75;1
0_TWK_32_S2_______.xls;32;S2;3;6,7;1005,4;1005,4;14.09.2024 08:49;5,97;19,75;1
0_TWK_32_S2_______.xls;32;S2;3;6,6;1007;1007;14.09.2024 08:49;5,97;19,75;1
0_TWK_32_S2_______.xls;32;S2;3;6,7;1008,6;1008,6;14.09.2024 08:49;5,97;19,75;1
0_TWK_32_S2_______.xls;32;S2;3;6,6;1010,1;1010,1;14.09.2024 08:50;5,97;19,75;1
0_TWK_32_S2_______.xls;32;S2;3;6,4;1011,7;1011,7;14.09.2024 08:50;5,97;19,75;1
0_TWK_32_S2_______.xls;32;S2;3;5,8;1013,2;1013,2;14.09.2024 08:50;5,97;19,75;1
0_TWK_32_S2_______.xls;32;S2;3;5,6;1014,5;1014,5;14.09.2024 08:50;5,97;19,75;1
0_TWK_32_S2_______.xls;32;S2;3;5,5;1015,8;1015,8;14.09.2024 08:50;5,97;19,75;1
0_TWK_32_S2_______.xls;32;S2;3;5,4;1017;1017;14.09.2024 08:51;5,97;19,75;1
0_TWK_32_S2_______.xls;32;S2;3;5,3;1018,3;1018,3;14.09.2024 08:51;5,97;19,75;1
0_TWK_32_S2_______.xls;32;S2;3;5,3;1019,6;1019,6;14.09.2024 08:51;5,97;19,75;1
0_TWK_32_S2_______.xls;32;S2;3;5,2;1020,8;1020,8;14.09.2024 08:51;5,97;19,75;1
0_TWK_32_S2_______.xls;32;S2;3;5,1;1022;1022;14.09.2024 08:52;5,97;19,75;1
0_TWK_32_S2_______.xls;32;S2;3;5;1023,2;1023,2;14.09.2024 08:52;5,97;19,75;1
0_TWK_32_S2_______.xls;32;S2;3;4,9;1024,4;1024,4;14.09.2024 08:52;5,97;19,75;1
0_TWK_32_S2_______.xls;32;S2;3;4,7;1025,6;1025,6;14.09.2024 08:52;5,97;19,75;1
0_TWK_32_S2_______.xls;32;S2;3;4,7;1026,7;1026,7;14.09.2024 08:53;5,97;19,75;1
0_TWK_32_S2_______.xls;32;S2;3;4,7;1027,8;1027,8;14.09.2024 08:53;5,97;19,75;1
0_TWK_32_S2_______.xls;32;S2;3;4,7;1029;1029;14.09.2024 08:53;5,97;19,75;1
0_TWK_32_S2_______.xls;32;S2;3,07;4,6;1030,1;1030,1;14.09.2024 08:53;5,97;19,75;1
0_TWK_32_S2_______.xls;32;S2;3;4,5;1031,2;1031,2;14.09.2024 08:53;5,97;19,75;1
0_TWK_32_S2_______.xls;32;S2;3,07;4,3;1032,2;1032,2;14.09.2024 08:54;5,97;19,75;1
0_TWK_32_S2_______.xls;32;S2;3;3,8;1033,2;1033,2;14.09.2024 08:54;5,97;19,75;1
0_TWK_32_S2_______.xls;32;S2;3;3,6;1034,1;1034,1;14.09.2024 08:54;5,97;19,75;1
0_TWK_32_S2_______.xls;32;S2;3;3,2;1034,8;1034,8;14.09.2024 08:54;5,97;19,75;1
0_TWK_32_S2_______.xls;32;S2;3;3;1035,6;1035,6;14.09.2024 08:55;5,97;19,75;1
0_TWK_32_S2_______.xls;32;S2;3;3;1036,3;1036,3;14.09.2024 08:55;5,97;19,75;1
0_TWK_32_S2_______.xls;32;S2;3;3;1037,1;1037,1;14.09.2024 08:55;5,97;19,75;1
0_TWK_32_S2_______.xls;32;S2;3;3;1037,8;1037,8;14.09.2024 08:55;5,97;19,75;1
0_TWK_32_S2_______.xls;32;S2;3;3;1038,5;1038,5;14.09.2024 08:56;5,97;19,75;1
0_TWK_32_S2_______.xls;32;S2;3;3;1039,2;1039,2;14.09.2024 08:56;5,97;19,75;1
0_TWK_32_S2_______.xls;32;S2;3;2,9;1040;1040;14.09.2024 08:56;5,97;19,75;1
0_TWK_32_S2_______.xls;32;S2;3,07;2,3;1040,6;1040,6;14.09.2024 08:56;5,97;19,75;1
0_TWK_32_S2_______.xls;32;S2;3;,3;1040,7;1040,7;14.09.2024 08:57;5,97;19,75;1
0_TWK_32_S2_______.xls;32;S2;3;1,4;1041;1041;14.09.2024 08:57;5,97;19,75;1
0_TWK_32_S2_______.xls;32;S2;3;1,7;1041,3;1041,3;14.09.2024 08:57;5,97;19,75;1
0_TWK_32_S2_______.xls;32;S2;3;1,8;1041,8;1041,8;14.09.2024 08:57;5,97;19,75;1
0_TWK_32_S2_______.xls;32;S2;3;1,9;1042,2;1042,2;14.09.2024 08:57;5,97;19,75;1
0_TWK_32_S2_______.xls;32;S2;3;2;1042,7;1042,7;14.09.2024 08:58;5,97;19,75;1
0_TWK_32_S2_______.xls;32;S2;3;2,1;1043,2;1043,2;14.09.2024 08:58;5,97;19,75;1
0_TWK_32_S2_______.xls;32;S2;3;2,2;1043,8;1043,8;14.09.2024 08:58;5,97;19,75;1
0_TWK_32_S2_______.xls;32;S2;3;2,4;1044,3;1044,3;14.09.2024 08:58;5,97;19,75;1
0_TWK_32_S2_______.xls;32;S2;3;2,6;1045;1045;14.09.2024 08:59;5,97;19,75;1
0_TWK_32_S2_______.xls;32;S2;3;2,6;1045,6;1045,6;14.09.2024 08:59;5,97;19,75;1
0_TWK_32_S2_______.xls;32;S2;3;2,8;1046,2;1046,2;14.09.2024 08:59;5,97;19,75;1
0_TWK_32_S2_______.xls;32;S2;3;2,9;1046,9;1046,9;14.09.2024 08:59;5,97;19,75;1
0_TWK_32_S2_______.xls;32;S2;3;3,1;1047,6;1047,6;14.09.2024 09:00;5,97;19,75;1
0_TWK_32_S2_______.xls;32;S2;3;3,2;1048,4;1048,4;14.09.2024 09:00;5,97;19,75;1
0_TWK_32_S2_______.xls;32;S2;3;3,2;1049,2;1049,2;14.09.2024 09:00;5,97;19,75;1
0_TWK_32_S2_______.xls;32;S2;3,07;1,8;1049,8;1049,8;14.09.2024 09:00;5,97;19,75;1
0_TWK_32_S2_______.xls;32;S2;3,07;3;1050,3;1050,3;14.09.2024 09:00;5,97;19,75;1
0_TWK_32_S3_______.xls;32;S3;0;0;1050,9;0;14.09.2024 09:02;4,55;36,51;1
0_TWK_32_S3_______.xls;32;S3;0;0;0;0;14.09.2024 09:02;4,55;36,51;1
0_TWK_32_S3_______.xls;32;S3;0;0;0;0;14.09.2024 09:02;4,55;36,51;1
0_TWK_32_S3_______.xls;32;S3;0;,1;,1;,1;14.09.2024 09:02;4,55;36,51;1
0_TWK_32_S3_______.xls;32;S3;0;,6;,1;,1;14.09.2024 09:02;4,55;36,51;1
0_TWK_32_S3_______.xls;32;S3;,3;2,2;,1;,1;14.09.2024 09:02;4,55;36,51;1
0_TWK_32_S3_______.xls;32;S3;,67;2,6;,2;,2;14.09.2024 09:02;4,55;36,51;1
0_TWK_32_S3_______.xls;32;S3;,67;3,1;,3;,3;14.09.2024 09:02;4,55;36,51;1
0_TWK_32_S3_______.xls;32;S3;,67;3;,3;,3;14.09.2024 09:02;4,55;36,51;1
0_TWK_32_S3_______.xls;32;S3;1,09;3,1;,4;,4;14.09.2024 09:02;4,55;36,51;1
0_TWK_32_S3_______.xls;32;S3;1,5;3,1;,4;,4;14.09.2024 09:02;4,55;36,51;1
0_TWK_32_S3_______.xls;32;S3;2,4;3,2;,5;,5;14.09.2024 09:02;4,55;36,51;1
0_TWK_32_S3_______.xls;32;S3;2,48;3,1;,5;,5;14.09.2024 09:02;4,55;36,51;1
0_TWK_32_S3_______.xls;32;S3;3,07;3;,6;,6;14.09.2024 09:02;4,55;36,51;1
0_TWK_32_S3_______.xls;32;S3;2,77;2,9;,6;,6;14.09.2024 09:02;4,55;36,51;1
0_TWK_32_S3_______.xls;32;S3;1,57;2,3;,6;,6;14.09.2024 09:02;4,55;36,51;1
0_TWK_32_S3_______.xls;32;S3;0;,8;,6;,6;14.09.2024 09:02;4,55;36,51;1
0_TWK_32_S3_______.xls;32;S3;0;,4;,6;,6;14.09.2024 09:02;4,55;36,51;1
0_TWK_32_S3_______.xls;32;S3;0;,1;,6;,6;14.09.2024 09:02;4,55;36,51;1
0_TWK_32_S3_______.xls;32;S3;0;0;,6;,6;14.09.2024 09:02;4,55;36,51;1
0_TWK_32_S3_______.xls;32;S3;0;0;,6;,6;14.09.2024 09:02;4,55;36,51;1
0_TWK_32_S3_______.xls;32;S3;0;0;,6;,6;14.09.2024 09:02;4,55;36,51;1
0_TWK_32_S3_______.xls;32;S3;0;0;,6;,6;14.09.2024 09:02;4,55;36,51;1
0_TWK_32_S3_______.xls;32;S3;0;0;,6;,6;14.09.2024 09:02;4,55;36,51;1
0_TWK_32_S3_______.xls;32;S3;0;0;,6;,6;14.09.2024 09:02;4,55;36,51;1
0_TWK_32_S3_______.xls;32;S3;,07;0;,6;,6;14.09.2024 09:02;4,55;36,51;1
0_TWK_32_S3_______.xls;32;S3;,79;,1;,7;,7;14.09.2024 09:02;4,55;36,51;1
0_TWK_32_S3_______.xls;32;S3;2,7;1,2;,7;,7;14.09.2024 09:02;4,55;36,51;1
0_TWK_32_S3_______.xls;32;S3;2,89;1,8;,7;,7;14.09.2024 09:02;4,55;36,51;1
0_TWK_32_S3_______.xls;32;S3;2,1;2,2;,8;,8;14.09.2024 09:02;4,55;36,51;1
0_TWK_32_S3_______.xls;32;S3;2,1;2,3;,8;,8;14.09.2024 09:02;4,55;36,51;1
0_TWK_32_S3_______.xls;32;S3;2,4;2,4;,9;,9;14.09.2024 09:02;4,55;36,51;1
0_TWK_32_S3_______.xls;32;S3;2,4;2,5;,9;,9;14.09.2024 09:02;4,55;36,51;1
0_TWK_32_S3_______.xls;32;S3;2,4;2,5;1;1;14.09.2024 09:02;4,55;36,51;1
0_TWK_32_S3_______.xls;32;S3;1,99;2,4;1;1;14.09.2024 09:02;4,55;36,51;1
0_TWK_32_S3_______.xls;32;S3;2,17;2,4;1;1;14.09.2024 09:02;4,55;36,51;1
0_TWK_32_S3_______.xls;32;S3;2,48;2,4;1,1;1,1;14.09.2024 09:02;4,55;36,51;1
0_TWK_32_S3_______.xls;32;S3;2,7;2,5;1,1;1,1;14.09.2024 09:03;4,55;36,51;1
0_TWK_32_S3_______.xls;32;S3;2,89;2,5;1,2;1,2;14.09.2024 09:03;4,55;36,51;1
0_TWK_32_S3_______.xls;32;S3;3,07;2,4;1,2;1,2;14.09.2024 09:03;4,55;36,51;1
0_TWK_32_S3_______.xls;32;S3;2,7;2,1;1,2;1,2;14.09.2024 09:03;4,55;36,51;1
0_TWK_32_S3_______.xls;32;S3;,9;,9;1,2;1,2;14.09.2024 09:03;4,55;36,51;1
0_TWK_32_S3_______.xls;32;S3;,19;,4;1,2;1,2;14.09.2024 09:03;4,55;36,51;1
0_TWK_32_S3_______.xls;32;S3;0;0;1,2;1,2;14.09.2024 09:03;4,55;36,51;1
0_TWK_32_S3_______.xls;32;S3;0;0;1,2;1,2;14.09.2024 09:03;4,55;36,51;1
0_TWK_32_S3_______.xls;32;S3;0;0;1,2;1,2;14.09.2024 09:03;4,55;36,51;1
0_TWK_32_S3_______.xls;32;S3;0;0;1,2;1,2;14.09.2024 09:03;4,55;36,51;1
0_TWK_32_S3_______.xls;32;S3;0;0;1,2;1,2;14.09.2024 09:03;4,55;36,51;1
0_TWK_32_S3_______.xls;32;S3;0;0;1,2;1,2;14.09.2024 09:03;4,55;36,51;1
0_TWK_32_S3_______.xls;32;S3;0;0;1,2;1,2;14.09.2024 09:03;4,55;36,51;1
0_TWK_32_S3_______.xls;32;S3;,07;,1;1,2;1,2;14.09.2024 09:03;4,55;36,51;1
0_TWK_32_S3_______.xls;32;S3;1,88;,5;1,3;1,3;14.09.2024 09:03;4,55;36,51;1
0_TWK_32_S3_______.xls;32;S3;2,7;1,4;1,3;1,3;14.09.2024 09:03;4,55;36,51;1
0_TWK_32_S3_______.xls;32;S3;2,89;1,8;1,3;1,3;14.09.2024 09:03;4,55;36,51;1
0_TWK_32_S3_______.xls;32;S3;2,89;1,9;1,4;1,4;14.09.2024 09:03;4,55;36,51;1
0_TWK_32_S3_______.xls;32;S3;2,89;2;1,4;1,4;14.09.2024 09:03;4,55;36,51;1
0_TWK_32_S3_______.xls;32;S3;2,77;2;1,4;1,4;14.09.2024 09:03;4,55;36,51;1
0_TWK_32_S3_______.xls;32;S3;2,77;1,9;1,5;1,5;14.09.2024 09:03;4,55;36,51;1
0_TWK_32_S3_______.xls;32;S3;2,77;1,9;1,5;1,5;14.09.2024 09:03;4,55;36,51;1
0_TWK_32_S3_______.xls;32;S3;2,77;1,9;1,5;1,5;14.09.2024 09:03;4,55;36,51;1
0_TWK_32_S3_______.xls;32;S3;2,89;1,9;1,6;1,6;14.09.2024 09:03;4,55;36,51;1
0_TWK_32_S3_______.xls;32;S3;2,77;1,9;1,6;1,6;14.09.2024 09:03;4,55;36,51;1
0_TWK_32_S3_______.xls;32;S3;2,77;1,9;1,6;1,6;14.09.2024 09:03;4,55;36,51;1
0_TWK_32_S3_______.xls;32;S3;2,77;1,9;1,7;1,7;14.09.2024 09:03;4,55;36,51;1
0_TWK_32_S3_______.xls;32;S3;2,7;1,8;1,7;1,7;14.09.2024 09:03;4,55;36,51;1
0_TWK_32_S3_______.xls;32;S3;2,77;1,8;1,7;1,7;14.09.2024 09:03;4,55;36,51;1
0_TWK_32_S3_______.xls;32;S3;2,77;1,8;1,8;1,8;14.09.2024 09:03;4,55;36,51;1
0_TWK_32_S3_______.xls;32;S3;2,77;1,8;1,8;1,8;14.09.2024 09:03;4,55;36,51;1
0_TWK_32_S3_______.xls;32;S3;2,77;1,8;1,8;1,8;14.09.2024 09:03;4,55;36,51;1
0_TWK_32_S3_______.xls;32;S3;2,77;1,9;1,9;1,9;14.09.2024 09:03;4,55;36,51;1
0_TWK_32_S3_______.xls;32;S3;2,77;1,9;1,9;1,9;14.09.2024 09:03;4,55;36,51;1
0_TWK_32_S3_______.xls;32;S3;2,7;1,8;1,9;1,9;14.09.2024 09:03;4,55;36,51;1
0_TWK_32_S3_______.xls;32;S3;2,7;1,7;1,9;1,9;14.09.2024 09:03;4,55;36,51;1
0_TWK_32_S3_______.xls;32;S3;2,77;1,7;2;2;14.09.2024 09:03;4,55;36,51;1
0_TWK_32_S3_______.xls;32;S3;2,77;1,7;2;2;14.09.2024 09:03;4,55;36,51;1
0_TWK_32_S3_______.xls;32;S3;2,77;1,8;2;2;14.09.2024 09:03;4,55;36,51;1
0_TWK_32_S3_______.xls;32;S3;2,77;1,8;2,1;2,1;14.09.2024 09:03;4,55;36,51;1
0_TWK_32_S3_______.xls;32;S3;2,77;1,8;2,1;2,1;14.09.2024 09:03;4,55;36,51;1
0_TWK_32_S3_______.xls;32;S3;2,7;1,7;2,1;2,1;14.09.2024 09:03;4,55;36,51;1
0_TWK_32_S3_______.xls;32;S3;2,7;1,7;2,2;2,2;14.09.2024 09:03;4,55;36,51;1
0_TWK_32_S3_______.xls;32;S3;2,7;1,7;2,2;2,2;14.09.2024 09:03;4,55;36,51;1
0_TWK_32_S3_______.xls;32;S3;2,7;1,8;2,2;2,2;14.09.2024 09:03;4,55;36,51;1
0_TWK_32_S3_______.xls;32;S3;2,7;1,9;2,3;2,3;14.09.2024 09:03;4,55;36,51;1
0_TWK_32_S3_______.xls;32;S3;2,7;1,9;2,3;2,3;14.09.2024 09:03;4,55;36,51;1
0_TWK_32_S3_______.xls;32;S3;2,7;1,9;2,3;2,3;14.09.2024 09:03;4,55;36,51;1
0_TWK_32_S3_______.xls;32;S3;2,7;1,9;2,4;2,4;14.09.2024 09:03;4,55;36,51;1
0_TWK_32_S3_______.xls;32;S3;2,7;1,8;2,4;2,4;14.09.2024 09:03;4,55;36,51;1
0_TWK_32_S3_______.xls;32;S3;2,77;1,8;2,4;2,4;14.09.2024 09:03;4,55;36,51;1
0_TWK_32_S3_______.xls;32;S3;2,7;1,8;2,5;2,5;14.09.2024 09:03;4,55;36,51;1
0_TWK_32_S3_______.xls;32;S3;2,7;1,9;2,5;2,5;14.09.2024 09:03;4,55;36,51;1
0_TWK_32_S3_______.xls;32;S3;2,7;1,9;2,5;2,5;14.09.2024 09:03;4,55;36,51;1
0_TWK_32_S3_______.xls;32;S3;2,7;1,9;2,6;2,6;14.09.2024 09:03;4,55;36,51;1
0_TWK_32_S3_______.xls;32;S3;2,7;1,9;2,6;2,6;14.09.2024 09:03;4,55;36,51;1
0_TWK_32_S3_______.xls;32;S3;2,7;1,9;2,6;2,6;14.09.2024 09:03;4,55;36,51;1
0_TWK_32_S3_______.xls;32;S3;2,7;1,9;2,7;2,7;14.09.2024 09:03;4,55;36,51;1
0_TWK_32_S3_______.xls;32;S3;2,7;2;2,7;2,7;14.09.2024 09:03;4,55;36,51;1
0_TWK_32_S3_______.xls;32;S3;2,7;2;2,7;2,7;14.09.2024 09:03;4,55;36,51;1
0_TWK_32_S3_______.xls;32;S3;2,7;2,1;2,8;2,8;14.09.2024 09:04;4,55;36,51;1
0_TWK_32_S3_______.xls;32;S3;2,7;2,1;2,8;2,8;14.09.2024 09:04;4,55;36,51;1
0_TWK_32_S3_______.xls;32;S3;2,7;2;2,8;2,8;14.09.2024 09:04;4,55;36,51;1
0_TWK_32_S3_______.xls;32;S3;2,7;1,9;2,9;2,9;14.09.2024 09:04;4,55;36,51;1
0_TWK_32_S3_______.xls;32;S3;2,7;1,9;2,9;2,9;14.09.2024 09:04;4,55;36,51;1
0_TWK_32_S3_______.xls;32;S3;2,7;2;2,9;2,9;14.09.2024 09:04;4,55;36,51;1
0_TWK_32_S3_______.xls;32;S3;2,77;2;3;3;14.09.2024 09:04;4,55;36,51;1
0_TWK_32_S3_______.xls;32;S3;2,77;2;3;3;14.09.2024 09:04;4,55;36,51;1
0_TWK_32_S3_______.xls;32;S3;2,77;2;3;3;14.09.2024 09:04;4,55;36,51;1
0_TWK_32_S3_______.xls;32;S3;2,7;2;3,1;3,1;14.09.2024 09:04;4,55;36,51;1
0_TWK_32_S3_______.xls;32;S3;2,7;1,9;3,1;3,1;14.09.2024 09:04;4,55;36,51;1
0_TWK_32_S3_______.xls;32;S3;2,77;2;3,1;3,1;14.09.2024 09:04;4,55;36,51;1
0_TWK_32_S3_______.xls;32;S3;2,77;2;3,2;3,2;14.09.2024 09:04;4,55;36,51;1
0_TWK_32_S3_______.xls;32;S3;2,77;2,1;3,2;3,2;14.09.2024 09:04;4,55;36,51;1
0_TWK_32_S3_______.xls;32;S3;2,77;2,2;3,2;3,2;14.09.2024 09:04;4,55;36,51;1
0_TWK_32_S3_______.xls;32;S3;2,77;2,2;3,3;3,3;14.09.2024 09:04;4,55;36,51;1
0_TWK_32_S3_______.xls;32;S3;2,77;2,2;3,3;3,3;14.09.2024 09:04;4,55;36,51;1
0_TWK_32_S3_______.xls;32;S3;2,77;2,2;3,4;3,4;14.09.2024 09:04;4,55;36,51;1
0_TWK_32_S3_______.xls;32;S3;2,89;2,2;3,4;3,4;14.09.2024 09:04;4,55;36,51;1
0_TWK_32_S3_______.xls;32;S3;2,89;2,3;3,4;3,4;14.09.2024 09:04;4,55;36,51;1
0_TWK_32_S3_______.xls;32;S3;2,89;2,3;3,5;3,5;14.09.2024 09:04;4,55;36,51;1
0_TWK_32_S3_______.xls;32;S3;2,89;2,4;3,5;3,5;14.09.2024 09:04;4,55;36,51;1
0_TWK_32_S3_______.xls;32;S3;2,77;2,3;3,6;3,6;14.09.2024 09:04;4,55;36,51;1
0_TWK_32_S3_______.xls;32;S3;2,77;2,3;3,6;3,6;14.09.2024 09:04;4,55;36,51;1
0_TWK_32_S3_______.xls;32;S3;2,77;2,3;3,6;3,6;14.09.2024 09:04;4,55;36,51;1
0_TWK_32_S3_______.xls;32;S3;2,89;2,3;3,7;3,7;14.09.2024 09:04;4,55;36,51;1
0_TWK_32_S3_______.xls;32;S3;2,89;2,3;3,7;3,7;14.09.2024 09:04;4,55;36,51;1
0_TWK_32_S3_______.xls;32;S3;2,77;2,3;3,8;3,8;14.09.2024 09:04;4,55;36,51;1
0_TWK_32_S3_______.xls;32;S3;2,77;2,2;3,8;3,8;14.09.2024 09:04;4,55;36,51;1
0_TWK_32_S3_______.xls;32;S3;2,77;2,2;3,8;3,8;14.09.2024 09:04;4,55;36,51;1
0_TWK_32_S3_______.xls;32;S3;2,89;2,3;3,9;3,9;14.09.2024 09:04;4,55;36,51;1
0_TWK_32_S3_______.xls;32;S3;2,89;2,3;3,9;3,9;14.09.2024 09:04;4,55;36,51;1
0_TWK_32_S3_______.xls;32;S3;2,89;2,3;4;4;14.09.2024 09:04;4,55;36,51;1
0_TWK_32_S3_______.xls;32;S3;2,77;2,3;4;4;14.09.2024 09:04;4,55;36,51;1
0_TWK_32_S3_______.xls;32;S3;2,77;2,3;4;4;14.09.2024 09:04;4,55;36,51;1
0_TWK_32_S3_______.xls;32;S3;2,89;2,3;4,1;4,1;14.09.2024 09:04;4,55;36,51;1
0_TWK_32_S3_______.xls;32;S3;2,89;2,5;4,1;4,1;14.09.2024 09:04;4,55;36,51;1
0_TWK_32_S3_______.xls;32;S3;2,89;2,5;4,2;4,2;14.09.2024 09:04;4,55;36,51;1
0_TWK_32_S3_______.xls;32;S3;2,89;2,6;4,2;4,2;14.09.2024 09:04;4,55;36,51;1
0_TWK_32_S3_______.xls;32;S3;2,89;2,5;4,3;4,3;14.09.2024 09:04;4,55;36,51;1
0_TWK_32_S3_______.xls;32;S3;2,89;2,5;4,3;4,3;14.09.2024 09:04;4,55;36,51;1
0_TWK_32_S3_______.xls;32;S3;2,89;2,5;4,3;4,3;14.09.2024 09:04;4,55;36,51;1
0_TWK_32_S3_______.xls;32;S3;2,89;2,6;4,4;4,4;14.09.2024 09:04;4,55;36,51;1
0_TWK_32_S3_______.xls;32;S3;2,89;2,6;4,4;4,4;14.09.2024 09:04;4,55;36,51;1
0_TWK_32_S3_______.xls;32;S3;2,77;2,6;4,5;4,5;14.09.2024 09:04;4,55;36,51;1
0_TWK_32_S3_______.xls;32;S3;2,89;2,5;4,5;4,5;14.09.2024 09:04;4,55;36,51;1
0_TWK_32_S3_______.xls;32;S3;2,89;2,6;4,6;4,6;14.09.2024 09:04;4,55;36,51;1
0_TWK_32_S3_______.xls;32;S3;2,89;2,6;4,6;4,6;14.09.2024 09:04;4,55;36,51;1
0_TWK_32_S3_______.xls;32;S3;2,89;2,7;4,7;4,7;14.09.2024 09:04;4,55;36,51;1
0_TWK_32_S3_______.xls;32;S3;2,89;2,7;4,7;4,7;14.09.2024 09:04;4,55;36,51;1
0_TWK_32_S3_______.xls;32;S3;2,89;2,6;4,7;4,7;14.09.2024 09:04;4,55;36,51;1
0_TWK_32_S3_______.xls;32;S3;2,89;2,5;4,8;4,8;14.09.2024 09:04;4,55;36,51;1
0_TWK_32_S3_______.xls;32;S3;3;2,6;4,8;4,8;14.09.2024 09:04;4,55;36,51;1
0_TWK_32_S3_______.xls;32;S3;3;2,6;4,9;4,9;14.09.2024 09:04;4,55;36,51;1
0_TWK_32_S3_______.xls;32;S3;2,89;2,6;4,9;4,9;14.09.2024 09:04;4,55;36,51;1
0_TWK_32_S3_______.xls;32;S3;2,89;2,5;5;5;14.09.2024 09:04;4,55;36,51;1
0_TWK_32_S3_______.xls;32;S3;2,89;2,5;5;5;14.09.2024 09:04;4,55;36,51;1
0_TWK_32_S3_______.xls;32;S3;3;2,6;5,1;5,1;14.09.2024 09:04;4,55;36,51;1
0_TWK_32_S3_______.xls;32;S3;3;2,6;5,1;5,1;14.09.2024 09:04;4,55;36,51;1
0_TWK_32_S3_______.xls;32;S3;3;2,7;5,1;5,1;14.09.2024 09:04;4,55;36,51;1
0_TWK_32_S3_______.xls;32;S3;2,89;2,6;5,2;5,2;14.09.2024 09:05;4,55;36,51;1
0_TWK_32_S3_______.xls;32;S3;2,89;2,6;5,2;5,2;14.09.2024 09:05;4,55;36,51;1
0_TWK_32_S3_______.xls;32;S3;3;2,6;5,3;5,3;14.09.2024 09:05;4,55;36,51;1
0_TWK_32_S3_______.xls;32;S3;3;2,6;5,3;5,3;14.09.2024 09:05;4,55;36,51;1
0_TWK_32_S3_______.xls;32;S3;3;2,7;5,4;5,4;14.09.2024 09:05;4,55;36,51;1
0_TWK_32_S3_______.xls;32;S3;2,89;2,6;5,4;5,4;14.09.2024 09:05;4,55;36,51;1
0_TWK_32_S3_______.xls;32;S3;2,89;2,6;5,5;5,5;14.09.2024 09:05;4,55;36,51;1
0_TWK_32_S3_______.xls;32;S3;3;2,6;5,5;5,5;14.09.2024 09:05;4,55;36,51;1
0_TWK_32_S3_______.xls;32;S3;3;2,7;5,6;5,6;14.09.2024 09:05;4,55;36,51;1
0_TWK_32_S3_______.xls;32;S3;3;2,7;5,6;5,6;14.09.2024 09:05;4,55;36,51;1
0_TWK_32_S3_______.xls;32;S3;2,89;2,7;5,7;5,7;14.09.2024 09:05;4,55;36,51;1
0_TWK_32_S3_______.xls;32;S3;2,89;2,7;5,7;5,7;14.09.2024 09:05;4,55;36,51;1
0_TWK_32_S3_______.xls;32;S3;3;2,6;5,7;5,7;14.09.2024 09:05;4,55;36,51;1
0_TWK_32_S3_______.xls;32;S3;3;2,6;5,8;5,8;14.09.2024 09:05;4,55;36,51;1
0_TWK_32_S3_______.xls;32;S3;3;2,7;5,9;5,9;14.09.2024 09:05;4,55;36,51;1
0_TWK_32_S3_______.xls;32;S3;2,89;2,7;5,9;5,9;14.09.2024 09:05;4,55;36,51;1
0_TWK_32_S3_______.xls;32;S3;2,89;2,6;5,9;5,9;14.09.2024 09:05;4,55;36,51;1
0_TWK_32_S3_______.xls;32;S3;3;2,6;6;6;14.09.2024 09:05;4,55;36,51;1
0_TWK_32_S3_______.xls;32;S3;3;2,7;6;6;14.09.2024 09:05;4,55;36,51;1
0_TWK_32_S3_______.xls;32;S3;3;2,7;6,1;6,1;14.09.2024 09:05;4,55;36,51;1
0_TWK_32_S3_______.xls;32;S3;3;2,7;6,1;6,1;14.09.2024 09:05;4,55;36,51;1
0_TWK_32_S3_______.xls;32;S3;2,89;2,6;6,2;6,2;14.09.2024 09:05;4,55;36,51;1
0_TWK_32_S3_______.xls;32;S3;3;2,6;6,2;6,2;14.09.2024 09:05;4,55;36,51;1
0_TWK_32_S3_______.xls;32;S3;3;2,6;6,3;6,3;14.09.2024 09:05;4,55;36,51;1
0_TWK_32_S3_______.xls;32;S3;3;2,7;6,3;6,3;14.09.2024 09:05;4,55;36,51;1
0_TWK_32_S3_______.xls;32;S3;3;2,7;6,4;6,4;14.09.2024 09:05;4,55;36,51;1
0_TWK_32_S3_______.xls;32;S3;2,89;2,6;6,4;6,4;14.09.2024 09:05;4,55;36,51;1
0_TWK_32_S3_______.xls;32;S3;3;2,6;6,5;6,5;14.09.2024 09:05;4,55;36,51;1
0_TWK_32_S3_______.xls;32;S3;3;2,6;6,5;6,5;14.09.2024 09:05;4,55;36,51;1
0_TWK_32_S3_______.xls;32;S3;3;2,7;6,6;6,6;14.09.2024 09:05;4,55;36,51;1
0_TWK_32_S3_______.xls;32;S3;3;2,8;6,6;6,6;14.09.2024 09:05;4,55;36,51;1
0_TWK_32_S3_______.xls;32;S3;3;2,7;6,6;6,6;14.09.2024 09:05;4,55;36,51;1
0_TWK_32_S3_______.xls;32;S3;3;2,6;6,7;6,7;14.09.2024 09:05;4,55;36,51;1
0_TWK_32_S3_______.xls;32;S3;3;2,6;6,7;6,7;14.09.2024 09:05;4,55;36,51;1
0_TWK_32_S3_______.xls;32;S3;3,07;2,7;6,8;6,8;14.09.2024 09:05;4,55;36,51;1
0_TWK_32_S3_______.xls;32;S3;2,89;2,6;6,8;6,8;14.09.2024 09:05;4,55;36,51;1
0_TWK_32_S3_______.xls;32;S3;2,59;2,2;6,8;6,8;14.09.2024 09:05;4,55;36,51;1
0_TWK_32_S3_______.xls;32;S3;2,7;,8;6,8;6,8;14.09.2024 09:05;4,55;36,51;1
0_TWK_32_S3_______.xls;32;S3;2,7;,4;6,8;6,8;14.09.2024 09:05;4,55;36,51;1
0_TWK_32_S3_______.xls;32;S3;2,7;0;6,8;6,8;14.09.2024 09:05;4,55;36,51;1
0_TWK_32_S3_______.xls;32;S3;2,59;0;6,8;6,8;14.09.2024 09:05;4,55;36,51;1
0_TWK_32_S3_______.xls;32;S3;2,59;0;6,8;6,8;14.09.2024 09:05;4,55;36,51;1
0_TWK_32_S3_______.xls;32;S3;2,59;0;6,8;6,8;14.09.2024 09:05;4,55;36,51;1
0_TWK_32_S4_______.xls;32;S4;1,99;0;6,8;0;14.09.2024 09:07;4,55;33,62;1
0_TWK_32_S4_______.xls;32;S4;1,99;0;0;0;14.09.2024 09:07;4,55;33,62;1
0_TWK_32_S4_______.xls;32;S4;2,1;0;0;0;14.09.2024 09:07;4,55;33,62;1
0_TWK_32_S4_______.xls;32;S4;2,4;,1;0;0;14.09.2024 09:07;4,55;33,62;1
0_TWK_32_S4_______.xls;32;S4;2,7;1;,1;,1;14.09.2024 09:07;4,55;33,62;1
0_TWK_32_S4_______.xls;32;S4;2,77;1,4;,1;,1;14.09.2024 09:07;4,55;33,62;1
0_TWK_32_S4_______.xls;32;S4;2,77;1,9;,1;,1;14.09.2024 09:07;4,55;33,62;1
0_TWK_32_S4_______.xls;32;S4;2,77;2,1;,2;,2;14.09.2024 09:07;4,55;33,62;1
0_TWK_32_S4_______.xls;32;S4;2,77;2,1;,2;,2;14.09.2024 09:07;4,55;33,62;1
0_TWK_32_S4_______.xls;32;S4;2,77;2,2;,3;,3;14.09.2024 09:07;4,55;33,62;1
0_TWK_32_S4_______.xls;32;S4;2,7;2,1;,3;,3;14.09.2024 09:07;4,55;33,62;1
0_TWK_32_S4_______.xls;32;S4;2,77;2,1;,3;,3;14.09.2024 09:07;4,55;33,62;1
0_TWK_32_S4_______.xls;32;S4;2,77;2,1;,4;,4;14.09.2024 09:07;4,55;33,62;1
0_TWK_32_S4_______.xls;32;S4;2,77;2,1;,4;,4;14.09.2024 09:07;4,55;33,62;1
0_TWK_32_S4_______.xls;32;S4;2,77;2,1;,4;,4;14.09.2024 09:07;4,55;33,62;1
0_TWK_32_S4_______.xls;32;S4;2,77;2,1;,5;,5;14.09.2024 09:07;4,55;33,62;1
0_TWK_32_S4_______.xls;32;S4;2,7;2,1;,5;,5;14.09.2024 09:07;4,55;33,62;1
0_TWK_32_S4_______.xls;32;S4;2,7;2,1;,6;,6;14.09.2024 09:07;4,55;33,62;1
0_TWK_32_S4_______.xls;32;S4;2,77;2;,6;,6;14.09.2024 09:07;4,55;33,62;1
0_TWK_32_S4_______.xls;32;S4;2,77;2;,6;,6;14.09.2024 09:07;4,55;33,62;1
0_TWK_32_S4_______.xls;32;S4;2,77;2,1;,6;,6;14.09.2024 09:07;4,55;33,62;1
0_TWK_32_S4_______.xls;32;S4;2,77;2,1;,7;,7;14.09.2024 09:07;4,55;33,62;1
0_TWK_32_S4_______.xls;32;S4;2,77;2,1;,7;,7;14.09.2024 09:07;4,55;33,62;1
0_TWK_32_S4_______.xls;32;S4;2,7;2,1;,8;,8;14.09.2024 09:07;4,55;33,62;1
0_TWK_32_S4_______.xls;32;S4;2,7;2;,8;,8;14.09.2024 09:07;4,55;33,62;1
0_TWK_32_S4_______.xls;32;S4;2,77;2;,8;,8;14.09.2024 09:07;4,55;33,62;1
0_TWK_32_S4_______.xls;32;S4;2,77;2;,9;,9;14.09.2024 09:07;4,55;33,62;1
0_TWK_32_S4_______.xls;32;S4;2,77;2,1;,9;,9;14.09.2024 09:07;4,55;33,62;1
0_TWK_32_S4_______.xls;32;S4;2,77;2,1;,9;,9;14.09.2024 09:07;4,55;33,62;1
0_TWK_32_S4_______.xls;32;S4;2,7;2,2;1;1;14.09.2024 09:07;4,55;33,62;1
0_TWK_32_S4_______.xls;32;S4;2,7;2,2;1;1;14.09.2024 09:07;4,55;33,62;1
0_TWK_32_S4_______.xls;32;S4;2,77;2,3;1,1;1,1;14.09.2024 09:07;4,55;33,62;1
0_TWK_32_S4_______.xls;32;S4;2,77;2,4;1,1;1,1;14.09.2024 09:07;4,55;33,62;1
0_TWK_32_S4_______.xls;32;S4;2,77;2,4;1,1;1,1;14.09.2024 09:07;4,55;33,62;1
0_TWK_32_S4_______.xls;32;S4;2,77;2,5;1,2;1,2;14.09.2024 09:07;4,55;33,62;1
0_TWK_32_S4_______.xls;32;S4;2,7;2,4;1,2;1,2;14.09.2024 09:07;4,55;33,62;1
0_TWK_32_S4_______.xls;32;S4;2,7;2,4;1,3;1,3;14.09.2024 09:07;4,55;33,62;1
0_TWK_32_S4_______.xls;32;S4;2,77;2,4;1,3;1,3;14.09.2024 09:07;4,55;33,62;1
0_TWK_32_S4_______.xls;32;S4;2,77;2,4;1,4;1,4;14.09.2024 09:07;4,55;33,62;1
0_TWK_32_S4_______.xls;32;S4;2,77;2,5;1,4;1,4;14.09.2024 09:07;4,55;33,62;1
0_TWK_32_S4_______.xls;32;S4;2,77;2,5;1,4;1,4;14.09.2024 09:07;4,55;33,62;1
0_TWK_32_S4_______.xls;32;S4;2,7;2,4;1,5;1,5;14.09.2024 09:07;4,55;33,62;1
0_TWK_32_S4_______.xls;32;S4;2,77;2,5;1,5;1,5;14.09.2024 09:07;4,55;33,62;1
0_TWK_32_S4_______.xls;32;S4;2,77;2,6;1,6;1,6;14.09.2024 09:07;4,55;33,62;1
0_TWK_32_S4_______.xls;32;S4;2,77;2,6;1,6;1,6;14.09.2024 09:07;4,55;33,62;1
0_TWK_32_S4_______.xls;32;S4;2,77;2,6;1,7;1,7;14.09.2024 09:07;4,55;33,62;1
0_TWK_32_S4_______.xls;32;S4;2,77;2,7;1,7;1,7;14.09.2024 09:07;4,55;33,62;1
0_TWK_32_S4_______.xls;32;S4;2,7;2,6;1,8;1,8;14.09.2024 09:07;4,55;33,62;1
0_TWK_32_S4_______.xls;32;S4;2,77;2,6;1,8;1,8;14.09.2024 09:07;4,55;33,62;1
0_TWK_32_S4_______.xls;32;S4;2,77;2,6;1,8;1,8;14.09.2024 09:07;4,55;33,62;1
0_TWK_32_S4_______.xls;32;S4;2,77;2,7;1,9;1,9;14.09.2024 09:07;4,55;33,62;1
0_TWK_32_S4_______.xls;32;S4;2,7;2,7;1,9;1,9;14.09.2024 09:07;4,55;33,62;1
0_TWK_32_S4_______.xls;32;S4;2,7;2,6;2;2;14.09.2024 09:07;4,55;33,62;1
0_TWK_32_S4_______.xls;32;S4;2,77;2,6;2;2;14.09.2024 09:07;4,55;33,62;1
0_TWK_32_S4_______.xls;32;S4;2,77;2,7;2,1;2,1;14.09.2024 09:07;4,55;33,62;1
0_TWK_32_S4_______.xls;32;S4;2,77;2,7;2,1;2,1;14.09.2024 09:07;4,55;33,62;1
0_TWK_32_S4_______.xls;32;S4;2,7;2,7;2,2;2,2;14.09.2024 09:07;4,55;33,62;1
0_TWK_32_S4_______.xls;32;S4;2,7;2,6;2,2;2,2;14.09.2024 09:07;4,55;33,62;1
0_TWK_32_S4_______.xls;32;S4;2,77;2,6;2,3;2,3;14.09.2024 09:08;4,55;33,62;1
0_TWK_32_S4_______.xls;32;S4;2,77;2,7;2,3;2,3;14.09.2024 09:08;4,55;33,62;1
0_TWK_32_S4_______.xls;32;S4;2,77;2,7;2,4;2,4;14.09.2024 09:08;4,55;33,62;1
0_TWK_32_S4_______.xls;32;S4;2,7;2,7;2,4;2,4;14.09.2024 09:08;4,55;33,62;1
0_TWK_32_S4_______.xls;32;S4;2,7;2,7;2,4;2,4;14.09.2024 09:08;4,55;33,62;1
0_TWK_32_S4_______.xls;32;S4;2,77;2,7;2,5;2,5;14.09.2024 09:08;4,55;33,62;1
0_TWK_32_S4_______.xls;32;S4;2,77;2,8;2,5;2,5;14.09.2024 09:08;4,55;33,62;1
0_TWK_32_S4_______.xls;32;S4;2,77;2,8;2,6;2,6;14.09.2024 09:08;4,55;33,62;1
0_TWK_32_S4_______.xls;32;S4;2,7;2,8;2,6;2,6;14.09.2024 09:08;4,55;33,62;1
0_TWK_32_S4_______.xls;32;S4;2,7;2,7;2,7;2,7;14.09.2024 09:08;4,55;33,62;1
0_TWK_32_S4_______.xls;32;S4;2,77;2,7;2,7;2,7;14.09.2024 09:08;4,55;33,62;1
0_TWK_32_S4_______.xls;32;S4;2,77;2,8;2,8;2,8;14.09.2024 09:08;4,55;33,62;1
0_TWK_32_S4_______.xls;32;S4;2,77;2,8;2,8;2,8;14.09.2024 09:08;4,55;33,62;1
0_TWK_32_S4_______.xls;32;S4;2,7;2,8;2,9;2,9;14.09.2024 09:08;4,55;33,62;1
0_TWK_32_S4_______.xls;32;S4;2,77;2,8;2,9;2,9;14.09.2024 09:08;4,55;33,62;1
0_TWK_32_S4_______.xls;32;S4;2,77;2,8;3;3;14.09.2024 09:08;4,55;33,62;1
0_TWK_32_S4_______.xls;32;S4;2,77;2,9;3;3;14.09.2024 09:08;4,55;33,62;1
0_TWK_32_S4_______.xls;32;S4;2,77;2,9;3,1;3,1;14.09.2024 09:08;4,55;33,62;1
0_TWK_32_S4_______.xls;32;S4;2,7;2,9;3,1;3,1;14.09.2024 09:08;4,55;33,62;1
0_TWK_32_S4_______.xls;32;S4;2,7;2,9;3,2;3,2;14.09.2024 09:08;4,55;33,62;1
0_TWK_32_S4_______.xls;32;S4;2,77;2,9;3,2;3,2;14.09.2024 09:08;4,55;33,62;1
0_TWK_32_S4_______.xls;32;S4;2,77;2,9;3,3;3,3;14.09.2024 09:08;4,55;33,62;1
0_TWK_32_S4_______.xls;32;S4;2,77;3;3,4;3,4;14.09.2024 09:08;4,55;33,62;1
0_TWK_32_S4_______.xls;32;S4;2,77;3;3,4;3,4;14.09.2024 09:08;4,55;33,62;1
0_TWK_32_S4_______.xls;32;S4;2,7;3;3,5;3,5;14.09.2024 09:08;4,55;33,62;1
0_TWK_32_S4_______.xls;32;S4;2,77;3,1;3,5;3,5;14.09.2024 09:08;4,55;33,62;1
0_TWK_32_S4_______.xls;32;S4;2,77;3,2;3,6;3,6;14.09.2024 09:08;4,55;33,62;1
0_TWK_32_S4_______.xls;32;S4;2,77;3,2;3,6;3,6;14.09.2024 09:08;4,55;33,62;1
0_TWK_32_S4_______.xls;32;S4;2,77;3,1;3,7;3,7;14.09.2024 09:08;4,55;33,62;1
0_TWK_32_S4_______.xls;32;S4;2,77;3,1;3,7;3,7;14.09.2024 09:08;4,55;33,62;1
0_TWK_32_S4_______.xls;32;S4;2,77;3,1;3,8;3,8;14.09.2024 09:08;4,55;33,62;1
0_TWK_32_S4_______.xls;32;S4;2,77;3,1;3,8;3,8;14.09.2024 09:08;4,55;33,62;1
0_TWK_32_S4_______.xls;32;S4;2,77;3,1;3,9;3,9;14.09.2024 09:08;4,55;33,62;1
0_TWK_32_S4_______.xls;32;S4;2,77;3,1;3,9;3,9;14.09.2024 09:08;4,55;33,62;1
0_TWK_32_S4_______.xls;32;S4;2,77;3,2;4;4;14.09.2024 09:08;4,55;33,62;1
0_TWK_32_S4_______.xls;32;S4;2,77;3,2;4,1;4,1;14.09.2024 09:08;4,55;33,62;1
0_TWK_32_S4_______.xls;32;S4;2,77;3,2;4,1;4,1;14.09.2024 09:08;4,55;33,62;1
0_TWK_32_S4_______.xls;32;S4;2,77;3,1;4,2;4,2;14.09.2024 09:08;4,55;33,62;1
0_TWK_32_S4_______.xls;32;S4;2,77;3,1;4,2;4,2;14.09.2024 09:08;4,55;33,62;1
0_TWK_32_S4_______.xls;32;S4;2,77;3,2;4,3;4,3;14.09.2024 09:08;4,55;33,62;1
0_TWK_32_S4_______.xls;32;S4;2,77;3,2;4,3;4,3;14.09.2024 09:08;4,55;33,62;1
0_TWK_32_S4_______.xls;32;S4;2,77;3,1;4,4;4,4;14.09.2024 09:08;4,55;33,62;1
0_TWK_32_S4_______.xls;32;S4;2,77;3,2;4,4;4,4;14.09.2024 09:08;4,55;33,62;1
0_TWK_32_S4_______.xls;32;S4;2,77;3,2;4,5;4,5;14.09.2024 09:08;4,55;33,62;1
0_TWK_32_S4_______.xls;32;S4;2,77;3,3;4,6;4,6;14.09.2024 09:08;4,55;33,62;1
0_TWK_32_S4_______.xls;32;S4;2,77;3,2;4,6;4,6;14.09.2024 09:08;4,55;33,62;1
0_TWK_32_S4_______.xls;32;S4;2,77;3,2;4,7;4,7;14.09.2024 09:08;4,55;33,62;1
0_TWK_32_S4_______.xls;32;S4;2,77;3,1;4,7;4,7;14.09.2024 09:08;4,55;33,62;1
0_TWK_32_S4_______.xls;32;S4;2,77;3,2;4,8;4,8;14.09.2024 09:08;4,55;33,62;1
0_TWK_32_S4_______.xls;32;S4;2,77;3,1;4,8;4,8;14.09.2024 09:08;4,55;33,62;1
0_TWK_32_S4_______.xls;32;S4;2,77;3,1;4,9;4,9;14.09.2024 09:08;4,55;33,62;1
0_TWK_32_S4_______.xls;32;S4;2,77;3,2;4,9;4,9;14.09.2024 09:08;4,55;33,62;1
0_TWK_32_S4_______.xls;32;S4;2,77;3,2;5;5;14.09.2024 09:08;4,55;33,62;1
0_TWK_32_S4_______.xls;32;S4;2,77;3,3;5;5;14.09.2024 09:08;4,55;33,62;1
0_TWK_32_S4_______.xls;32;S4;2,77;3,2;5,1;5,1;14.09.2024 09:08;4,55;33,62;1
0_TWK_32_S4_______.xls;32;S4;2,77;3,1;5,1;5,1;14.09.2024 09:08;4,55;33,62;1
0_TWK_32_S4_______.xls;32;S4;2,77;3,2;5,2;5,2;14.09.2024 09:08;4,55;33,62;1
0_TWK_32_S4_______.xls;32;S4;2,77;3,3;5,3;5,3;14.09.2024 09:08;4,55;33,62;1
0_TWK_32_S4_______.xls;32;S4;2,77;3,3;5,3;5,3;14.09.2024 09:08;4,55;33,62;1
0_TWK_32_S4_______.xls;32;S4;2,77;3,4;5,4;5,4;14.09.2024 09:08;4,55;33,62;1
0_TWK_32_S4_______.xls;32;S4;2,77;3,5;5,5;5,5;14.09.2024 09:09;4,55;33,62;1
0_TWK_32_S4_______.xls;32;S4;2,77;3,6;5,5;5,5;14.09.2024 09:09;4,55;33,62;1
0_TWK_32_S4_______.xls;32;S4;2,77;3,6;5,6;5,6;14.09.2024 09:09;4,55;33,62;1
0_TWK_32_S4_______.xls;32;S4;2,77;3,6;5,6;5,6;14.09.2024 09:09;4,55;33,62;1
0_TWK_32_S4_______.xls;32;S4;2,89;3,6;5,7;5,7;14.09.2024 09:09;4,55;33,62;1
0_TWK_32_S4_______.xls;32;S4;2,77;3,7;5,8;5,8;14.09.2024 09:09;4,55;33,62;1
0_TWK_32_S4_______.xls;32;S4;2,77;3,6;5,8;5,8;14.09.2024 09:09;4,55;33,62;1
0_TWK_32_S4_______.xls;32;S4;2,77;3,6;5,9;5,9;14.09.2024 09:09;4,55;33,62;1
0_TWK_32_S4_______.xls;32;S4;2,89;3,6;5,9;5,9;14.09.2024 09:09;4,55;33,62;1
0_TWK_32_S4_______.xls;32;S4;2,77;3,7;6;6;14.09.2024 09:09;4,55;33,62;1
0_TWK_32_S4_______.xls;32;S4;2,77;3,6;6,1;6,1;14.09.2024 09:09;4,55;33,62;1
0_TWK_32_S4_______.xls;32;S4;2,89;3,6;6,1;6,1;14.09.2024 09:09;4,55;33,62;1
0_TWK_32_S4_______.xls;32;S4;2,89;3,7;6,2;6,2;14.09.2024 09:09;4,55;33,62;1
0_TWK_32_S4_______.xls;32;S4;2,77;3,7;6,3;6,3;14.09.2024 09:09;4,55;33,62;1
0_TWK_32_S4_______.xls;32;S4;2,77;3,7;6,3;6,3;14.09.2024 09:09;4,55;33,62;1
0_TWK_32_S4_______.xls;32;S4;2,89;3,7;6,4;6,4;14.09.2024 09:09;4,55;33,62;1
0_TWK_32_S4_______.xls;32;S4;2,89;3,8;6,5;6,5;14.09.2024 09:09;4,55;33,62;1
0_TWK_32_S4_______.xls;32;S4;2,77;3,8;6,5;6,5;14.09.2024 09:09;4,55;33,62;1
0_TWK_32_S4_______.xls;32;S4;2,77;3,7;6,6;6,6;14.09.2024 09:09;4,55;33,62;1
0_TWK_32_S4_______.xls;32;S4;2,89;3,7;6,6;6,6;14.09.2024 09:09;4,55;33,62;1
0_TWK_32_S4_______.xls;32;S4;2,77;3,8;6,7;6,7;14.09.2024 09:09;4,55;33,62;1
0_TWK_32_S4_______.xls;32;S4;2,77;3,7;6,8;6,8;14.09.2024 09:09;4,55;33,62;1
0_TWK_32_S4_______.xls;32;S4;2,77;3,7;6,8;6,8;14.09.2024 09:09;4,55;33,62;1
0_TWK_32_S4_______.xls;32;S4;2,89;3,8;6,9;6,9;14.09.2024 09:09;4,55;33,62;1
0_TWK_32_S4_______.xls;32;S4;2,77;3,9;7;7;14.09.2024 09:09;4,55;33,62;1
0_TWK_32_S4_______.xls;32;S4;2,77;3,8;7;7;14.09.2024 09:09;4,55;33,62;1
0_TWK_32_S4_______.xls;32;S4;2,89;3,7;7,1;7,1;14.09.2024 09:09;4,55;33,62;1
0_TWK_32_S4_______.xls;32;S4;2,89;3,8;7,2;7,2;14.09.2024 09:09;4,55;33,62;1
0_TWK_32_S4_______.xls;32;S4;2,77;3,8;7,2;7,2;14.09.2024 09:09;4,55;33,62;1
0_TWK_32_S4_______.xls;32;S4;2,77;3,7;7,3;7,3;14.09.2024 09:09;4,55;33,62;1
0_TWK_32_S4_______.xls;32;S4;2,89;3,7;7,4;7,4;14.09.2024 09:09;4,55;33,62;1
0_TWK_32_S4_______.xls;32;S4;2,89;3,8;7,4;7,4;14.09.2024 09:09;4,55;33,62;1
0_TWK_32_S4_______.xls;32;S4;2,89;3,8;7,5;7,5;14.09.2024 09:09;4,55;33,62;1
0_TWK_32_S4_______.xls;32;S4;2,89;3,8;7,6;7,6;14.09.2024 09:09;4,55;33,62;1
0_TWK_32_S4_______.xls;32;S4;2,89;3,7;7,6;7,6;14.09.2024 09:09;4,55;33,62;1
0_TWK_32_S4_______.xls;32;S4;2,89;3,8;7,7;7,7;14.09.2024 09:09;4,55;33,62;1
0_TWK_32_S4_______.xls;32;S4;2,77;3,7;7,7;7,7;14.09.2024 09:09;4,55;33,62;1
0_TWK_32_S4_______.xls;32;S4;2,77;3,7;7,8;7,8;14.09.2024 09:09;4,55;33,62;1
0_TWK_32_S4_______.xls;32;S4;2,89;3,8;7,9;7,9;14.09.2024 09:09;4,55;33,62;1
0_TWK_32_S4_______.xls;32;S4;2,89;3,8;7,9;7,9;14.09.2024 09:09;4,55;33,62;1
0_TWK_32_S4_______.xls;32;S4;2,77;3,8;8;8;14.09.2024 09:09;4,55;33,62;1
0_TWK_32_S4_______.xls;32;S4;2,89;3,7;8,1;8,1;14.09.2024 09:09;4,55;33,62;1
0_TWK_32_S4_______.xls;32;S4;2,89;3,8;8,1;8,1;14.09.2024 09:09;4,55;33,62;1
0_TWK_32_S4_______.xls;32;S4;2,77;3,8;8,2;8,2;14.09.2024 09:09;4,55;33,62;1
0_TWK_32_S4_______.xls;32;S4;2,77;3,8;8,3;8,3;14.09.2024 09:09;4,55;33,62;1
0_TWK_32_S4_______.xls;32;S4;2,89;3,8;8,3;8,3;14.09.2024 09:09;4,55;33,62;1
0_TWK_32_S4_______.xls;32;S4;2,89;3,9;8,4;8,4;14.09.2024 09:09;4,55;33,62;1
0_TWK_32_S4_______.xls;32;S4;2,89;4;8,5;8,5;14.09.2024 09:09;4,55;33,62;1
0_TWK_32_S4_______.xls;32;S4;2,89;3,8;8,5;8,5;14.09.2024 09:09;4,55;33,62;1
0_TWK_32_S4_______.xls;32;S4;2,89;3,8;8,6;8,6;14.09.2024 09:09;4,55;33,62;1
0_TWK_32_S4_______.xls;32;S4;2,89;3,8;8,6;8,6;14.09.2024 09:09;4,55;33,62;1
0_TWK_32_S4_______.xls;32;S4;2,77;3,9;8,7;8,7;14.09.2024 09:09;4,55;33,62;1
0_TWK_32_S4_______.xls;32;S4;2,89;3,8;8,8;8,8;14.09.2024 09:09;4,55;33,62;1
0_TWK_32_S4_______.xls;32;S4;2,89;3,8;8,9;8,9;14.09.2024 09:09;4,55;33,62;1
0_TWK_32_S4_______.xls;32;S4;2,89;3,9;8,9;8,9;14.09.2024 09:09;4,55;33,62;1
0_TWK_32_S4_______.xls;32;S4;2,89;3,8;9;9;14.09.2024 09:09;4,55;33,62;1
0_TWK_32_S4_______.xls;32;S4;2,89;3,8;9;9;14.09.2024 09:09;4,55;33,62;1
0_TWK_32_S4_______.xls;32;S4;2,89;3,8;9,1;9,1;14.09.2024 09:09;4,55;33,62;1
0_TWK_32_S4_______.xls;32;S4;2,89;3,8;9,2;9,2;14.09.2024 09:09;4,55;33,62;1
0_TWK_32_S4_______.xls;32;S4;2,89;3,8;9,2;9,2;14.09.2024 09:09;4,55;33,62;1
0_TWK_32_S4_______.xls;32;S4;2,89;3,9;9,3;9,3;14.09.2024 09:10;4,55;33,62;1
0_TWK_32_S4_______.xls;32;S4;2,89;3,9;9,4;9,4;14.09.2024 09:10;4,55;33,62;1
0_TWK_32_S4_______.xls;32;S4;2,89;4;9,4;9,4;14.09.2024 09:10;4,55;33,62;1
0_TWK_32_S4_______.xls;32;S4;2,89;3,8;9,5;9,5;14.09.2024 09:10;4,55;33,62;1
0_TWK_32_S4_______.xls;32;S4;2,89;3,8;9,5;9,5;14.09.2024 09:10;4,55;33,62;1
0_TWK_32_S4_______.xls;32;S4;2,89;3,8;9,6;9,6;14.09.2024 09:10;4,55;33,62;1
0_TWK_32_S4_______.xls;32;S4;2,89;3,8;9,7;9,7;14.09.2024 09:10;4,55;33,62;1
0_TWK_32_S4_______.xls;32;S4;2,89;3,8;9,7;9,7;14.09.2024 09:10;4,55;33,62;1
0_TWK_32_S4_______.xls;32;S4;2,89;3,8;9,8;9,8;14.09.2024 09:10;4,55;33,62;1
0_TWK_32_S4_______.xls;32;S4;2,89;3,9;9,9;9,9;14.09.2024 09:10;4,55;33,62;1
0_TWK_32_S4_______.xls;32;S4;2,89;3,8;9,9;9,9;14.09.2024 09:10;4,55;33,62;1
0_TWK_32_S4_______.xls;32;S4;2,89;3,8;10;10;14.09.2024 09:10;4,55;33,62;1
0_TWK_32_S4_______.xls;32;S4;3;3,8;10,1;10,1;14.09.2024 09:10;4,55;33,62;1
0_TWK_32_S4_______.xls;32;S4;2,89;3,9;10,1;10,1;14.09.2024 09:10;4,55;33,62;1
0_TWK_32_S4_______.xls;32;S4;2,89;3,8;10,2;10,2;14.09.2024 09:10;4,55;33,62;1
0_TWK_32_S4_______.xls;32;S4;2,89;3,8;10,3;10,3;14.09.2024 09:10;4,55;33,62;1
0_TWK_32_S4_______.xls;32;S4;2,89;3,9;10,3;10,3;14.09.2024 09:10;4,55;33,62;1
0_TWK_32_S4_______.xls;32;S4;2,89;3,9;10,4;10,4;14.09.2024 09:10;4,55;33,62;1
0_TWK_32_S4_______.xls;32;S4;2,89;3,8;10,5;10,5;14.09.2024 09:10;4,55;33,62;1
0_TWK_32_S4_______.xls;32;S4;2,89;3,7;10,5;10,5;14.09.2024 09:10;4,55;33,62;1
0_TWK_32_S4_______.xls;32;S4;2,89;3,8;10,6;10,6;14.09.2024 09:10;4,55;33,62;1
0_TWK_32_S4_______.xls;32;S4;2,89;3,8;10,7;10,7;14.09.2024 09:10;4,55;33,62;1
0_TWK_32_S4_______.xls;32;S4;2,89;3,8;10,7;10,7;14.09.2024 09:10;4,55;33,62;1
0_TWK_32_S4_______.xls;32;S4;2,89;3,9;10,8;10,8;14.09.2024 09:10;4,55;33,62;1
0_TWK_32_S4_______.xls;32;S4;2,89;4;10,9;10,9;14.09.2024 09:10;4,55;33,62;1
0_TWK_32_S4_______.xls;32;S4;2,89;3,9;10,9;10,9;14.09.2024 09:10;4,55;33,62;1
0_TWK_32_S4_______.xls;32;S4;2,89;3,8;11;11;14.09.2024 09:10;4,55;33,62;1
0_TWK_32_S4_______.xls;32;S4;2,89;3,9;11,1;11,1;14.09.2024 09:10;4,55;33,62;1
0_TWK_32_S4_______.xls;32;S4;2,89;3,8;11,1;11,1;14.09.2024 09:10;4,55;33,62;1
0_TWK_32_S4_______.xls;32;S4;2,89;3,8;11,2;11,2;14.09.2024 09:10;4,55;33,62;1
0_TWK_32_S4_______.xls;32;S4;3;3,8;11,3;11,3;14.09.2024 09:10;4,55;33,62;1
0_TWK_32_S4_______.xls;32;S4;2,89;3,9;11,3;11,3;14.09.2024 09:10;4,55;33,62;1
0_TWK_32_S4_______.xls;32;S4;2,89;3,9;11,4;11,4;14.09.2024 09:10;4,55;33,62;1
0_TWK_32_S4_______.xls;32;S4;2,89;3,8;11,5;11,5;14.09.2024 09:10;4,55;33,62;1
0_TWK_32_S4_______.xls;32;S4;2,89;3,8;11,5;11,5;14.09.2024 09:10;4,55;33,62;1
0_TWK_32_S4_______.xls;32;S4;2,89;3,8;11,6;11,6;14.09.2024 09:10;4,55;33,62;1
0_TWK_32_S4_______.xls;32;S4;2,89;3,8;11,6;11,6;14.09.2024 09:10;4,55;33,62;1
0_TWK_32_S4_______.xls;32;S4;3;3,8;11,7;11,7;14.09.2024 09:10;4,55;33,62;1
0_TWK_32_S4_______.xls;32;S4;3;3,9;11,8;11,8;14.09.2024 09:10;4,55;33,62;1
0_TWK_32_S4_______.xls;32;S4;2,89;3,9;11,8;11,8;14.09.2024 09:10;4,55;33,62;1
0_TWK_32_S4_______.xls;32;S4;2,89;3,8;11,9;11,9;14.09.2024 09:10;4,55;33,62;1
0_TWK_32_S4_______.xls;32;S4;2,89;3,8;12;12;14.09.2024 09:10;4,55;33,62;1
0_TWK_32_S4_______.xls;32;S4;3;3,8;12;12;14.09.2024 09:10;4,55;33,62;1
0_TWK_32_S4_______.xls;32;S4;2,89;3,8;12,1;12,1;14.09.2024 09:10;4,55;33,62;1
0_TWK_32_S4_______.xls;32;S4;2,89;3,8;12,2;12,2;14.09.2024 09:10;4,55;33,62;1
0_TWK_32_S4_______.xls;32;S4;3;3,9;12,2;12,2;14.09.2024 09:10;4,55;33,62;1
0_TWK_32_S4_______.xls;32;S4;2,89;4;12,3;12,3;14.09.2024 09:10;4,55;33,62;1
0_TWK_32_S4_______.xls;32;S4;2,89;3,9;12,4;12,4;14.09.2024 09:10;4,55;33,62;1
0_TWK_32_S4_______.xls;32;S4;3;3,9;12,4;12,4;14.09.2024 09:10;4,55;33,62;1
0_TWK_32_S4_______.xls;32;S4;3;3,9;12,5;12,5;14.09.2024 09:10;4,55;33,62;1
0_TWK_32_S4_______.xls;32;S4;2,89;4;12,6;12,6;14.09.2024 09:10;4,55;33,62;1
0_TWK_32_S4_______.xls;32;S4;2,89;3,9;12,6;12,6;14.09.2024 09:10;4,55;33,62;1
0_TWK_32_S4_______.xls;32;S4;3;3,8;12,7;12,7;14.09.2024 09:10;4,55;33,62;1
0_TWK_32_S4_______.xls;32;S4;3;3,9;12,8;12,8;14.09.2024 09:10;4,55;33,62;1
0_TWK_32_S4_______.xls;32;S4;2,89;3,9;12,8;12,8;14.09.2024 09:10;4,55;33,62;1
0_TWK_32_S4_______.xls;32;S4;2,89;3,8;12,9;12,9;14.09.2024 09:10;4,55;33,62;1
0_TWK_32_S4_______.xls;32;S4;3;3,8;13;13;14.09.2024 09:10;4,55;33,62;1
0_TWK_32_S4_______.xls;32;S4;2,89;3,9;13;13;14.09.2024 09:10;4,55;33,62;1
0_TWK_32_S4_______.xls;32;S4;2,89;3,8;13,1;13,1;14.09.2024 09:10;4,55;33,62;1
0_TWK_32_S4_______.xls;32;S4;3;3,8;13,2;13,2;14.09.2024 09:10;4,55;33,62;1
0_TWK_32_S4_______.xls;32;S4;3;3,9;13,2;13,2;14.09.2024 09:11;4,55;33,62;1
0_TWK_32_S4_______.xls;32;S4;2,89;4;13,3;13,3;14.09.2024 09:11;4,55;33,62;1
0_TWK_32_S4_______.xls;32;S4;2,89;3,9;13,4;13,4;14.09.2024 09:11;4,55;33,62;1
0_TWK_32_S4_______.xls;32;S4;3;3,8;13,4;13,4;14.09.2024 09:11;4,55;33,62;1
0_TWK_32_S4_______.xls;32;S4;2,89;3,9;13,5;13,5;14.09.2024 09:11;4,55;33,62;1
0_TWK_32_S4_______.xls;32;S4;2,89;3,8;13,6;13,6;14.09.2024 09:11;4,55;33,62;1
0_TWK_32_S4_______.xls;32;S4;2,89;3,8;13,6;13,6;14.09.2024 09:11;4,55;33,62;1
0_TWK_32_S4_______.xls;32;S4;3;3,9;13,7;13,7;14.09.2024 09:11;4,55;33,62;1
0_TWK_32_S4_______.xls;32;S4;2,89;4;13,8;13,8;14.09.2024 09:11;4,55;33,62;1
0_TWK_32_S4_______.xls;32;S4;2,89;3,8;13,8;13,8;14.09.2024 09:11;4,55;33,62;1
0_TWK_32_S4_______.xls;32;S4;3;3,8;13,9;13,9;14.09.2024 09:11;4,55;33,62;1
0_TWK_32_S4_______.xls;32;S4;3;3,8;14;14;14.09.2024 09:11;4,55;33,62;1
0_TWK_32_S4_______.xls;32;S4;2,89;3,8;14;14;14.09.2024 09:11;4,55;33,62;1
0_TWK_32_S4_______.xls;32;S4;2,89;3,8;14,1;14,1;14.09.2024 09:11;4,55;33,62;1
0_TWK_32_S4_______.xls;32;S4;3;3,8;14,2;14,2;14.09.2024 09:11;4,55;33,62;1
0_TWK_32_S4_______.xls;32;S4;3;3,9;14,2;14,2;14.09.2024 09:11;4,55;33,62;1
0_TWK_32_S4_______.xls;32;S4;2,89;3,8;14,3;14,3;14.09.2024 09:11;4,55;33,62;1
0_TWK_32_S4_______.xls;32;S4;3;3,7;14,4;14,4;14.09.2024 09:11;4,55;33,62;1
0_TWK_32_S4_______.xls;32;S4;3;3,8;14,4;14,4;14.09.2024 09:11;4,55;33,62;1
0_TWK_32_S4_______.xls;32;S4;2,89;3,9;14,5;14,5;14.09.2024 09:11;4,55;33,62;1
0_TWK_32_S4_______.xls;32;S4;2,89;3,8;14,6;14,6;14.09.2024 09:11;4,55;33,62;1
0_TWK_32_S4_______.xls;32;S4;3;3,9;14,6;14,6;14.09.2024 09:11;4,55;33,62;1
0_TWK_32_S4_______.xls;32;S4;3;3,9;14,7;14,7;14.09.2024 09:11;4,55;33,62;1
0_TWK_32_S4_______.xls;32;S4;2,89;3,9;14,8;14,8;14.09.2024 09:11;4,55;33,62;1
0_TWK_32_S4_______.xls;32;S4;2,89;3,9;14,8;14,8;14.09.2024 09:11;4,55;33,62;1
0_TWK_32_S4_______.xls;32;S4;3;3,8;14,9;14,9;14.09.2024 09:11;4,55;33,62;1
0_TWK_32_S4_______.xls;32;S4;2,89;3,9;15;15;14.09.2024 09:11;4,55;33,62;1
0_TWK_32_S4_______.xls;32;S4;2,89;3,8;15;15;14.09.2024 09:11;4,55;33,62;1
0_TWK_32_S4_______.xls;32;S4;2,89;3,8;15,1;15,1;14.09.2024 09:11;4,55;33,62;1
0_TWK_32_S4_______.xls;32;S4;3;3,9;15,2;15,2;14.09.2024 09:11;4,55;33,62;1
0_TWK_32_S4_______.xls;32;S4;2,89;4;15,2;15,2;14.09.2024 09:11;4,55;33,62;1
0_TWK_32_S4_______.xls;32;S4;2,89;3,9;15,3;15,3;14.09.2024 09:11;4,55;33,62;1
0_TWK_32_S4_______.xls;32;S4;3;3,8;15,3;15,3;14.09.2024 09:11;4,55;33,62;1
0_TWK_32_S4_______.xls;32;S4;3;3,8;15,4;15,4;14.09.2024 09:11;4,55;33,62;1
0_TWK_32_S4_______.xls;32;S4;2,89;3,8;15,5;15,5;14.09.2024 09:11;4,55;33,62;1
0_TWK_32_S4_______.xls;32;S4;2,89;3,8;15,6;15,6;14.09.2024 09:11;4,55;33,62;1
0_TWK_32_S4_______.xls;32;S4;3;3,9;15,6;15,6;14.09.2024 09:11;4,55;33,62;1
0_TWK_32_S4_______.xls;32;S4;3;3,9;15,7;15,7;14.09.2024 09:11;4,55;33,62;1
0_TWK_32_S4_______.xls;32;S4;2,89;3,9;15,8;15,8;14.09.2024 09:11;4,55;33,62;1
0_TWK_32_S4_______.xls;32;S4;2,89;3,8;15,8;15,8;14.09.2024 09:11;4,55;33,62;1
0_TWK_32_S4_______.xls;32;S4;3;3,8;15,9;15,9;14.09.2024 09:11;4,55;33,62;1
0_TWK_32_S4_______.xls;32;S4;2,89;3,9;16;16;14.09.2024 09:11;4,55;33,62;1
0_TWK_32_S4_______.xls;32;S4;2,89;3,8;16;16;14.09.2024 09:11;4,55;33,62;1
0_TWK_32_S4_______.xls;32;S4;3;3,9;16,1;16,1;14.09.2024 09:11;4,55;33,62;1
0_TWK_32_S4_______.xls;32;S4;3;4;16,2;16,2;14.09.2024 09:11;4,55;33,62;1
0_TWK_32_S4_______.xls;32;S4;3;4;16,2;16,2;14.09.2024 09:11;4,55;33,62;1
0_TWK_32_S4_______.xls;32;S4;3;3,9;16,3;16,3;14.09.2024 09:11;4,55;33,62;1
0_TWK_32_S4_______.xls;32;S4;3;3,9;16,4;16,4;14.09.2024 09:11;4,55;33,62;1
0_TWK_32_S4_______.xls;32;S4;2,89;3,9;16,4;16,4;14.09.2024 09:11;4,55;33,62;1
0_TWK_32_S4_______.xls;32;S4;2,89;4;16,5;16,5;14.09.2024 09:11;4,55;33,62;1
0_TWK_32_S4_______.xls;32;S4;3;3,9;16,6;16,6;14.09.2024 09:11;4,55;33,62;1
0_TWK_32_S4_______.xls;32;S4;3;4;16,7;16,7;14.09.2024 09:11;4,55;33,62;1
0_TWK_32_S4_______.xls;32;S4;3;4;16,7;16,7;14.09.2024 09:11;4,55;33,62;1
0_TWK_32_S4_______.xls;32;S4;3;3,9;16,8;16,8;14.09.2024 09:11;4,55;33,62;1
0_TWK_32_S4_______.xls;32;S4;3;3,9;16,9;16,9;14.09.2024 09:11;4,55;33,62;1
0_TWK_32_S4_______.xls;32;S4;3;3,9;16,9;16,9;14.09.2024 09:11;4,55;33,62;1
0_TWK_32_S4_______.xls;32;S4;3;3,9;17;17;14.09.2024 09:11;4,55;33,62;1
0_TWK_32_S4_______.xls;32;S4;3;3,9;17;17;14.09.2024 09:11;4,55;33,62;1
0_TWK_32_S4_______.xls;32;S4;3;3,9;17,1;17,1;14.09.2024 09:11;4,55;33,62;1
0_TWK_32_S4_______.xls;32;S4;3;4;17,2;17,2;14.09.2024 09:11;4,55;33,62;1
0_TWK_32_S4_______.xls;32;S4;3;3,9;17,2;17,2;14.09.2024 09:12;4,55;33,62;1
0_TWK_32_S4_______.xls;32;S4;3;3,8;17,3;17,3;14.09.2024 09:12;4,55;33,62;1
0_TWK_32_S4_______.xls;32;S4;3;3,8;17,4;17,4;14.09.2024 09:12;4,55;33,62;1
0_TWK_32_S4_______.xls;32;S4;2,89;3,9;17,4;17,4;14.09.2024 09:12;4,55;33,62;1
0_TWK_32_S4_______.xls;32;S4;2,89;3,8;17,5;17,5;14.09.2024 09:12;4,55;33,62;1
0_TWK_32_S4_______.xls;32;S4;3;3,9;17,6;17,6;14.09.2024 09:12;4,55;33,62;1
0_TWK_32_S4_______.xls;32;S4;3;4;17,7;17,7;14.09.2024 09:12;4,55;33,62;1
0_TWK_32_S4_______.xls;32;S4;3;4;17,7;17,7;14.09.2024 09:12;4,55;33,62;1
0_TWK_32_S4_______.xls;32;S4;3;3,9;17,8;17,8;14.09.2024 09:12;4,55;33,62;1
0_TWK_32_S4_______.xls;32;S4;3;3,9;17,9;17,9;14.09.2024 09:12;4,55;33,62;1
0_TWK_32_S4_______.xls;32;S4;3;3,9;17,9;17,9;14.09.2024 09:12;4,55;33,62;1
0_TWK_32_S4_______.xls;32;S4;3;3,9;18;18;14.09.2024 09:12;4,55;33,62;1
0_TWK_32_S4_______.xls;32;S4;3;3,8;18,1;18,1;14.09.2024 09:12;4,55;33,62;1
0_TWK_32_S4_______.xls;32;S4;3;3,9;18,1;18,1;14.09.2024 09:12;4,55;33,62;1
0_TWK_32_S4_______.xls;32;S4;3;4;18,2;18,2;14.09.2024 09:12;4,55;33,62;1
0_TWK_32_S4_______.xls;32;S4;3;3,9;18,2;18,2;14.09.2024 09:12;4,55;33,62;1
0_TWK_32_S4_______.xls;32;S4;3;3,8;18,3;18,3;14.09.2024 09:12;4,55;33,62;1
0_TWK_32_S4_______.xls;32;S4;3;3,9;18,4;18,4;14.09.2024 09:12;4,55;33,62;1
0_TWK_32_S4_______.xls;32;S4;3;3,8;18,4;18,4;14.09.2024 09:12;4,55;33,62;1
0_TWK_32_S4_______.xls;32;S4;3;3,8;18,5;18,5;14.09.2024 09:12;4,55;33,62;1
0_TWK_32_S4_______.xls;32;S4;3;3,9;18,6;18,6;14.09.2024 09:12;4,55;33,62;1
0_TWK_32_S4_______.xls;32;S4;3;4;18,6;18,6;14.09.2024 09:12;4,55;33,62;1
0_TWK_32_S4_______.xls;32;S4;3;4;18,7;18,7;14.09.2024 09:12;4,55;33,62;1
0_TWK_32_S4_______.xls;32;S4;3;3,9;18,8;18,8;14.09.2024 09:12;4,55;33,62;1
0_TWK_32_S4_______.xls;32;S4;3;3,9;18,8;18,8;14.09.2024 09:12;4,55;33,62;1
0_TWK_32_S4_______.xls;32;S4;3;3,9;18,9;18,9;14.09.2024 09:12;4,55;33,62;1
0_TWK_32_S4_______.xls;32;S4;3;3,9;19;19;14.09.2024 09:12;4,55;33,62;1
0_TWK_32_S4_______.xls;32;S4;3;3,9;19;19;14.09.2024 09:12;4,55;33,62;1
0_TWK_32_S4_______.xls;32;S4;3;4;19,1;19,1;14.09.2024 09:12;4,55;33,62;1
0_TWK_32_S4_______.xls;32;S4;3;3,9;19,2;19,2;14.09.2024 09:12;4,55;33,62;1
0_TWK_32_S4_______.xls;32;S4;3;3,8;19,2;19,2;14.09.2024 09:12;4,55;33,62;1
0_TWK_32_S4_______.xls;32;S4;3;3,8;19,3;19,3;14.09.2024 09:12;4,55;33,62;1
0_TWK_32_S4_______.xls;32;S4;3;3,9;19,4;19,4;14.09.2024 09:12;4,55;33,62;1
0_TWK_32_S4_______.xls;32;S4;3;3,8;19,5;19,5;14.09.2024 09:12;4,55;33,62;1
0_TWK_32_S4_______.xls;32;S4;3;3,9;19,5;19,5;14.09.2024 09:12;4,55;33,62;1
0_TWK_32_S4_______.xls;32;S4;3;4;19,6;19,6;14.09.2024 09:12;4,55;33,62;1
0_TWK_32_S4_______.xls;32;S4;3;4;19,7;19,7;14.09.2024 09:12;4,55;33,62;1
0_TWK_32_S4_______.xls;32;S4;3;3,9;19,7;19,7;14.09.2024 09:12;4,55;33,62;1
0_TWK_32_S4_______.xls;32;S4;3,07;3,9;19,8;19,8;14.09.2024 09:12;4,55;33,62;1
0_TWK_32_S4_______.xls;32;S4;2,77;3,7;19,8;19,8;14.09.2024 09:12;4,55;33,62;1
0_TWK_32_S4_______.xls;32;S4;2,77;3,1;19,8;19,8;14.09.2024 09:12;4,55;33,62;1
0_TWK_32_S4_______.xls;32;S4;2,59;2,1;19,8;19,8;14.09.2024 09:12;4,55;33,62;1
0_TWK_32_S4_______.xls;32;S4;2,59;,5;19,8;19,8;14.09.2024 09:12;4,55;33,62;1
0_TWK_32_S4_______.xls;32;S4;2,59;,2;19,8;19,8;14.09.2024 09:12;4,55;33,62;1
0_TWK_32_S4_______.xls;32;S4;2,59;0;19,8;19,8;14.09.2024 09:12;4,55;33,62;1
0_TWK_32_S4_______.xls;32;S4;2,59;0;19,8;19,8;14.09.2024 09:12;4,55;33,62;1
0_TWK_32_S4_______.xls;32;S4;2,59;0;19,8;19,8;14.09.2024 09:12;4,55;33,62;1
0_TWK_32_S4_______.xls;32;S4;2,59;0;19,8;19,8;14.09.2024 09:12;4,55;33,62;1
0_TWK_32_S4_______.xls;32;S4;2,59;0;19,8;19,8;14.09.2024 09:12;4,55;33,62;1
0_TWK_32_S4_______.xls;32;S4;2,59;0;19,8;19,8;14.09.2024 09:12;4,55;33,62;1
0_TWK_32_S4_______.xls;32;S4;2,59;0;19,8;19,8;14.09.2024 09:12;4,55;33,62;1
0_TWK_32_S4_______.xls;32;S4;2,59;0;19,8;19,8;14.09.2024 09:12;4,55;33,62;1
0_TWK_32_S4_______.xls;32;S4;2,59;0;19,8;19,8;14.09.2024 09:12;4,55;33,62;1
0_TWK_32_S4_______.xls;32;S4;2,48;0;19,8;19,8;14.09.2024 09:12;4,55;33,62;1
0_TWK_32_S4_______.xls;32;S4;2,48;0;19,8;19,8;14.09.2024 09:12;4,55;33,62;1
0_TWK_32_S4_______.xls;32;S4;2,59;0;19,8;19,8;14.09.2024 09:12;4,55;33,62;1
0_TWK_32_S4_______.xls;32;S4;2,7;,1;19,8;19,8;14.09.2024 09:12;4,55;33,62;1
0_TWK_32_S4_______.xls;32;S4;2,89;,7;19,9;19,9;14.09.2024 09:12;4,55;33,62;1
0_TWK_32_S4_______.xls;32;S4;2,89;1,5;19,9;19,9;14.09.2024 09:12;4,55;33,62;1
0_TWK_32_S4_______.xls;32;S4;3;2,7;20;20;14.09.2024 09:12;4,55;33,62;1
0_TWK_32_S4_______.xls;32;S4;3;3,1;20,1;20,1;14.09.2024 09:13;4,55;33,62;1
0_TWK_32_S4_______.xls;32;S4;3;3,2;20,1;20,1;14.09.2024 09:13;4,55;33,62;1
0_TWK_32_S4_______.xls;32;S4;3;3,2;20,2;20,2;14.09.2024 09:13;4,55;33,62;1
0_TWK_32_S4_______.xls;32;S4;3;3,1;20,2;20,2;14.09.2024 09:13;4,55;33,62;1
0_TWK_32_S4_______.xls;32;S4;3;3,2;20,3;20,3;14.09.2024 09:13;4,55;33,62;1
0_TWK_32_S4_______.xls;32;S4;3;3,2;20,3;20,3;14.09.2024 09:13;4,55;33,62;1
0_TWK_32_S4_______.xls;32;S4;3;3,1;20,4;20,4;14.09.2024 09:13;4,55;33,62;1
0_TWK_32_S4_______.xls;32;S4;3;3,1;20,4;20,4;14.09.2024 09:13;4,55;33,62;1
0_TWK_32_S4_______.xls;32;S4;3;3,2;20,5;20,5;14.09.2024 09:13;4,55;33,62;1
0_TWK_32_S4_______.xls;32;S4;3;3,2;20,5;20,5;14.09.2024 09:13;4,55;33,62;1
0_TWK_32_S4_______.xls;32;S4;3;3,2;20,6;20,6;14.09.2024 09:13;4,55;33,62;1
0_TWK_32_S4_______.xls;32;S4;3;3,1;20,6;20,6;14.09.2024 09:13;4,55;33,62;1
0_TWK_32_S4_______.xls;32;S4;3;3;20,7;20,7;14.09.2024 09:13;4,55;33,62;1
0_TWK_32_S4_______.xls;32;S4;3;3;20,7;20,7;14.09.2024 09:13;4,55;33,62;1
0_TWK_32_S4_______.xls;32;S4;3;3;20,8;20,8;14.09.2024 09:13;4,55;33,62;1
0_TWK_32_S4_______.xls;32;S4;3;2,9;20,8;20,8;14.09.2024 09:13;4,55;33,62;1
0_TWK_32_S4_______.xls;32;S4;3;2,9;20,9;20,9;14.09.2024 09:13;4,55;33,62;1
0_TWK_32_S4_______.xls;32;S4;3;3;21;21;14.09.2024 09:13;4,55;33,62;1
0_TWK_32_S4_______.xls;32;S4;3;3,1;21;21;14.09.2024 09:13;4,55;33,62;1
0_TWK_32_S4_______.xls;32;S4;3;3,1;21,1;21,1;14.09.2024 09:13;4,55;33,62;1
0_TWK_32_S4_______.xls;32;S4;3;3;21,1;21,1;14.09.2024 09:13;4,55;33,62;1
0_TWK_32_S4_______.xls;32;S4;3;2,9;21,2;21,2;14.09.2024 09:13;4,55;33,62;1
0_TWK_32_S4_______.xls;32;S4;3;3;21,2;21,2;14.09.2024 09:13;4,55;33,62;1
0_TWK_32_S4_______.xls;32;S4;3;3;21,3;21,3;14.09.2024 09:13;4,55;33,62;1
0_TWK_32_S4_______.xls;32;S4;3;3;21,3;21,3;14.09.2024 09:13;4,55;33,62;1
0_TWK_32_S4_______.xls;32;S4;3;2,9;21,4;21,4;14.09.2024 09:13;4,55;33,62;1
0_TWK_32_S4_______.xls;32;S4;3;2,9;21,4;21,4;14.09.2024 09:13;4,55;33,62;1
0_TWK_32_S4_______.xls;32;S4;3;3;21,5;21,5;14.09.2024 09:13;4,55;33,62;1
0_TWK_32_S4_______.xls;32;S4;3;3;21,5;21,5;14.09.2024 09:13;4,55;33,62;1
0_TWK_32_S4_______.xls;32;S4;3;2,9;21,6;21,6;14.09.2024 09:13;4,55;33,62;1
0_TWK_32_S4_______.xls;32;S4;3;2,9;21,6;21,6;14.09.2024 09:13;4,55;33,62;1
0_TWK_32_S4_______.xls;32;S4;3;2,9;21,7;21,7;14.09.2024 09:13;4,55;33,62;1
0_TWK_32_S4_______.xls;32;S4;3;3;21,7;21,7;14.09.2024 09:13;4,55;33,62;1
0_TWK_32_S4_______.xls;32;S4;3;2,9;21,8;21,8;14.09.2024 09:13;4,55;33,62;1
0_TWK_32_S4_______.xls;32;S4;3;2,9;21,8;21,8;14.09.2024 09:13;4,55;33,62;1
0_TWK_32_S4_______.xls;32;S4;3;2,9;21,9;21,9;14.09.2024 09:13;4,55;33,62;1
0_TWK_32_S4_______.xls;32;S4;3;3;21,9;21,9;14.09.2024 09:13;4,55;33,62;1
0_TWK_32_S4_______.xls;32;S4;3;3;22;22;14.09.2024 09:13;4,55;33,62;1
0_TWK_32_S4_______.xls;32;S4;3;3;22;22;14.09.2024 09:13;4,55;33,62;1
0_TWK_32_S4_______.xls;32;S4;3;2,9;22,1;22,1;14.09.2024 09:13;4,55;33,62;1
0_TWK_32_S4_______.xls;32;S4;3;2,9;22,1;22,1;14.09.2024 09:13;4,55;33,62;1
0_TWK_32_S4_______.xls;32;S4;3;2,9;22,2;22,2;14.09.2024 09:13;4,55;33,62;1
0_TWK_32_S4_______.xls;32;S4;3;3;22,2;22,2;14.09.2024 09:13;4,55;33,62;1
0_TWK_32_S4_______.xls;32;S4;3;2,9;22,3;22,3;14.09.2024 09:13;4,55;33,62;1
0_TWK_32_S4_______.xls;32;S4;3;2,9;22,3;22,3;14.09.2024 09:13;4,55;33,62;1
0_TWK_32_S4_______.xls;32;S4;3;3;22,4;22,4;14.09.2024 09:13;4,55;33,62;1
0_TWK_32_S4_______.xls;32;S4;3;3;22,4;22,4;14.09.2024 09:13;4,55;33,62;1
0_TWK_32_S4_______.xls;32;S4;3;3,1;22,5;22,5;14.09.2024 09:13;4,55;33,62;1
0_TWK_32_S4_______.xls;32;S4;3;3;22,5;22,5;14.09.2024 09:13;4,55;33,62;1
0_TWK_32_S4_______.xls;32;S4;3;2,9;22,6;22,6;14.09.2024 09:13;4,55;33,62;1
0_TWK_32_S4_______.xls;32;S4;3;2,9;22,6;22,6;14.09.2024 09:13;4,55;33,62;1
0_TWK_32_S4_______.xls;32;S4;3;3;22,7;22,7;14.09.2024 09:13;4,55;33,62;1
0_TWK_32_S4_______.xls;32;S4;3;2,9;22,7;22,7;14.09.2024 09:13;4,55;33,62;1
0_TWK_32_S4_______.xls;32;S4;3;2,9;22,8;22,8;14.09.2024 09:13;4,55;33,62;1
0_TWK_32_S4_______.xls;32;S4;3;2,9;22,8;22,8;14.09.2024 09:13;4,55;33,62;1
0_TWK_32_S4_______.xls;32;S4;3;3;22,9;22,9;14.09.2024 09:13;4,55;33,62;1
0_TWK_32_S4_______.xls;32;S4;3;3;22,9;22,9;14.09.2024 09:13;4,55;33,62;1
0_TWK_32_S4_______.xls;32;S4;3;3;23;23;14.09.2024 09:13;4,55;33,62;1
0_TWK_32_S4_______.xls;32;S4;3;2,9;23;23;14.09.2024 09:13;4,55;33,62;1
0_TWK_32_S4_______.xls;32;S4;3;2,9;23,1;23,1;14.09.2024 09:13;4,55;33,62;1
0_TWK_32_S4_______.xls;32;S4;3;3;23,1;23,1;14.09.2024 09:14;4,55;33,62;1
0_TWK_32_S4_______.xls;32;S4;3;3;23,2;23,2;14.09.2024 09:14;4,55;33,62;1
0_TWK_32_S4_______.xls;32;S4;3;2,9;23,2;23,2;14.09.2024 09:14;4,55;33,62;1
0_TWK_32_S4_______.xls;32;S4;3;2,9;23,3;23,3;14.09.2024 09:14;4,55;33,62;1
0_TWK_32_S4_______.xls;32;S4;3;3;23,4;23,4;14.09.2024 09:14;4,55;33,62;1
0_TWK_32_S4_______.xls;32;S4;3;3;23,4;23,4;14.09.2024 09:14;4,55;33,62;1
0_TWK_32_S4_______.xls;32;S4;3;3;23,5;23,5;14.09.2024 09:14;4,55;33,62;1
0_TWK_32_S4_______.xls;32;S4;3;3;23,5;23,5;14.09.2024 09:14;4,55;33,62;1
0_TWK_32_S4_______.xls;32;S4;3;2,9;23,6;23,6;14.09.2024 09:14;4,55;33,62;1
0_TWK_32_S4_______.xls;32;S4;3;2,9;23,6;23,6;14.09.2024 09:14;4,55;33,62;1
0_TWK_32_S4_______.xls;32;S4;3;3;23,7;23,7;14.09.2024 09:14;4,55;33,62;1
0_TWK_32_S4_______.xls;32;S4;3;2,9;23,7;23,7;14.09.2024 09:14;4,55;33,62;1
0_TWK_32_S4_______.xls;32;S4;3;2,9;23,8;23,8;14.09.2024 09:14;4,55;33,62;1
0_TWK_32_S4_______.xls;32;S4;3;2,9;23,8;23,8;14.09.2024 09:14;4,55;33,62;1
0_TWK_32_S4_______.xls;32;S4;3;3;23,9;23,9;14.09.2024 09:14;4,55;33,62;1
0_TWK_32_S4_______.xls;32;S4;3;3;23,9;23,9;14.09.2024 09:14;4,55;33,62;1
0_TWK_32_S4_______.xls;32;S4;3;2,9;24;24;14.09.2024 09:14;4,55;33,62;1
0_TWK_32_S4_______.xls;32;S4;3;2,8;24;24;14.09.2024 09:14;4,55;33,62;1
0_TWK_32_S4_______.xls;32;S4;3;2,8;24,1;24,1;14.09.2024 09:14;4,55;33,62;1
0_TWK_32_S4_______.xls;32;S4;3;2,9;24,1;24,1;14.09.2024 09:14;4,55;33,62;1
0_TWK_32_S4_______.xls;32;S4;3;2,9;24,2;24,2;14.09.2024 09:14;4,55;33,62;1
0_TWK_32_S4_______.xls;32;S4;3;2,9;24,2;24,2;14.09.2024 09:14;4,55;33,62;1
0_TWK_32_S4_______.xls;32;S4;3;2,9;24,3;24,3;14.09.2024 09:14;4,55;33,62;1
0_TWK_32_S4_______.xls;32;S4;3;2,9;24,3;24,3;14.09.2024 09:14;4,55;33,62;1
0_TWK_32_S4_______.xls;32;S4;3;3;24,4;24,4;14.09.2024 09:14;4,55;33,62;1
0_TWK_32_S4_______.xls;32;S4;3;3;24,4;24,4;14.09.2024 09:14;4,55;33,62;1
0_TWK_32_S4_______.xls;32;S4;3;2,9;24,5;24,5;14.09.2024 09:14;4,55;33,62;1
0_TWK_32_S4_______.xls;32;S4;3;2,8;24,5;24,5;14.09.2024 09:14;4,55;33,62;1
0_TWK_32_S4_______.xls;32;S4;3;2,9;24,6;24,6;14.09.2024 09:14;4,55;33,62;1
0_TWK_32_S4_______.xls;32;S4;3;2,9;24,6;24,6;14.09.2024 09:14;4,55;33,62;1
0_TWK_32_S4_______.xls;32;S4;3;2,9;24,7;24,7;14.09.2024 09:14;4,55;33,62;1
0_TWK_32_S4_______.xls;32;S4;3;2,9;24,7;24,7;14.09.2024 09:14;4,55;33,62;1
0_TWK_32_S4_______.xls;32;S4;3;2,9;24,8;24,8;14.09.2024 09:14;4,55;33,62;1
0_TWK_32_S4_______.xls;32;S4;3;3;24,8;24,8;14.09.2024 09:14;4,55;33,62;1
0_TWK_32_S4_______.xls;32;S4;3;3;24,9;24,9;14.09.2024 09:14;4,55;33,62;1
0_TWK_32_S4_______.xls;32;S4;3;3;24,9;24,9;14.09.2024 09:14;4,55;33,62;1
0_TWK_32_S4_______.xls;32;S4;3;2,9;25;25;14.09.2024 09:14;4,55;33,62;1
0_TWK_32_S4_______.xls;32;S4;3;2,9;25;25;14.09.2024 09:14;4,55;33,62;1
0_TWK_32_S4_______.xls;32;S4;3;2,9;25,1;25,1;14.09.2024 09:14;4,55;33,62;1
0_TWK_32_S4_______.xls;32;S4;3;2,9;25,1;25,1;14.09.2024 09:14;4,55;33,62;1
0_TWK_32_S4_______.xls;32;S4;3;2,9;25,2;25,2;14.09.2024 09:14;4,55;33,62;1
0_TWK_32_S4_______.xls;32;S4;3;2,9;25,2;25,2;14.09.2024 09:14;4,55;33,62;1
0_TWK_32_S4_______.xls;32;S4;3;2,9;25,3;25,3;14.09.2024 09:14;4,55;33,62;1
0_TWK_32_S4_______.xls;32;S4;3;3;25,3;25,3;14.09.2024 09:14;4,55;33,62;1
0_TWK_32_S4_______.xls;32;S4;3;2,9;25,4;25,4;14.09.2024 09:14;4,55;33,62;1
0_TWK_32_S4_______.xls;32;S4;3;2,8;25,4;25,4;14.09.2024 09:14;4,55;33,62;1
0_TWK_32_S4_______.xls;32;S4;3;2,8;25,5;25,5;14.09.2024 09:14;4,55;33,62;1
0_TWK_32_S4_______.xls;32;S4;3;2,9;25,5;25,5;14.09.2024 09:14;4,55;33,62;1
0_TWK_32_S4_______.xls;32;S4;3;2,9;25,6;25,6;14.09.2024 09:14;4,55;33,62;1
0_TWK_32_S4_______.xls;32;S4;3;2,8;25,6;25,6;14.09.2024 09:14;4,55;33,62;1
0_TWK_32_S4_______.xls;32;S4;3;2,8;25,7;25,7;14.09.2024 09:14;4,55;33,62;1
0_TWK_32_S4_______.xls;32;S4;3;2,8;25,7;25,7;14.09.2024 09:14;4,55;33,62;1
0_TWK_32_S4_______.xls;32;S4;3;2,9;25,8;25,8;14.09.2024 09:14;4,55;33,62;1
0_TWK_32_S4_______.xls;32;S4;3;2,9;25,8;25,8;14.09.2024 09:14;4,55;33,62;1
0_TWK_32_S4_______.xls;32;S4;3;2,9;25,9;25,9;14.09.2024 09:14;4,55;33,62;1
0_TWK_32_S4_______.xls;32;S4;3;2,8;25,9;25,9;14.09.2024 09:14;4,55;33,62;1
0_TWK_32_S4_______.xls;32;S4;3;2,8;26;26;14.09.2024 09:14;4,55;33,62;1
0_TWK_32_S4_______.xls;32;S4;3;2,9;26;26;14.09.2024 09:14;4,55;33,62;1
0_TWK_32_S4_______.xls;32;S4;3;2,9;26,1;26,1;14.09.2024 09:14;4,55;33,62;1
0_TWK_32_S4_______.xls;32;S4;3;2,8;26,1;26,1;14.09.2024 09:14;4,55;33,62;1
0_TWK_32_S4_______.xls;32;S4;3;2,8;26,2;26,2;14.09.2024 09:15;4,55;33,62;1
0_TWK_32_S4_______.xls;32;S4;3;2,9;26,2;26,2;14.09.2024 09:15;4,55;33,62;1
0_TWK_32_S4_______.xls;32;S4;3;3;26,3;26,3;14.09.2024 09:15;4,55;33,62;1
0_TWK_32_S4_______.xls;32;S4;3,07;2,9;26,3;26,3;14.09.2024 09:15;4,55;33,62;1
0_TWK_32_S4_______.xls;32;S4;3;2,9;26,4;26,4;14.09.2024 09:15;4,55;33,62;1
0_TWK_32_S4_______.xls;32;S4;3;2,9;26,4;26,4;14.09.2024 09:15;4,55;33,62;1
0_TWK_32_S4_______.xls;32;S4;3,07;2,9;26,5;26,5;14.09.2024 09:15;4,55;33,62;1
0_TWK_32_S4_______.xls;32;S4;2,89;2,8;26,5;26,5;14.09.2024 09:15;4,55;33,62;1
0_TWK_32_S4_______.xls;32;S4;2,7;1,6;26,5;26,5;14.09.2024 09:15;4,55;33,62;1
0_TWK_32_S4_______.xls;32;S4;2,77;,9;26,5;26,5;14.09.2024 09:15;4,55;33,62;1
0_TWK_32_S4_______.xls;32;S4;2,7;,2;26,5;26,5;14.09.2024 09:15;4,55;33,62;1
0_TWK_32_S4_______.xls;32;S4;2,7;0;26,5;26,5;14.09.2024 09:15;4,55;33,62;1
0_TWK_32_S4_______.xls;32;S4;2,7;0;26,5;26,5;14.09.2024 09:15;4,55;33,62;1
0_TWK_32_S4_______.xls;32;S4;2,7;0;26,5;26,5;14.09.2024 09:15;4,55;33,62;1
0_TWK_32_S7_______.xls;32;S7;0;0;3,3;0;14.09.2024 09:21;3,42;34,26;0
0_TWK_32_S7_______.xls;32;S7;0;0;0;0;14.09.2024 09:21;3,42;34,26;0
0_TWK_32_S7_______.xls;32;S7;0;0;0;0;14.09.2024 09:21;3,42;34,26;0
0_TWK_32_S7_______.xls;32;S7;1,5;,1;,1;,1;14.09.2024 09:21;3,42;34,26;0
0_TWK_32_S7_______.xls;32;S7;2,4;,9;,1;,1;14.09.2024 09:21;3,42;34,26;0
0_TWK_32_S7_______.xls;32;S7;3,19;1,4;,1;,1;14.09.2024 09:21;3,42;34,26;0
0_TWK_32_S7_______.xls;32;S7;3;1,7;,1;,1;14.09.2024 09:21;3,42;34,26;0
0_TWK_32_S7_______.xls;32;S7;2,7;1,3;,1;,1;14.09.2024 09:21;3,42;34,26;0
0_TWK_32_S7_______.xls;32;S7;2,7;,4;,1;,1;14.09.2024 09:21;3,42;34,26;0
0_TWK_32_S7_______.xls;32;S7;2,7;0;,1;,1;14.09.2024 09:21;3,42;34,26;0
0_TWK_32_S7_______.xls;32;S7;2,77;0;,1;,1;14.09.2024 09:21;3,42;34,26;0
0_TWK_32_S7_______.xls;32;S7;2,7;0;,1;,1;14.09.2024 09:21;3,42;34,26;0
0_TWK_32_S7_______.xls;32;S7;2,7;0;,1;,1;14.09.2024 09:21;3,42;34,26;0
0_TWK_32_S7_______.xls;32;S7;2,7;0;,1;,1;14.09.2024 09:21;3,42;34,26;0
0_TWK_32_S7_______.xls;32;S7;2,59;0;,1;,1;14.09.2024 09:21;3,42;34,26;0
0_TWK_32_S7_______.xls;32;S7;2,59;0;,1;,1;14.09.2024 09:21;3,42;34,26;0
0_TWK_32_S7_______.xls;32;S7;2,59;0;,1;,1;14.09.2024 09:21;3,42;34,26;0
0_TWK_32_S7_______.xls;32;S7;2,59;0;,1;,1;14.09.2024 09:21;3,42;34,26;0
0_TWK_32_S7_______.xls;32;S7;2,48;0;,1;,1;14.09.2024 09:21;3,42;34,26;0
0_TWK_32_S7_______.xls;32;S7;2,59;0;,1;,1;14.09.2024 09:21;3,42;34,26;0
0_TWK_32_S7_______.xls;32;S7;2,77;,1;,2;,2;14.09.2024 09:21;3,42;34,26;0
0_TWK_32_S7_______.xls;32;S7;3;,7;,2;,2;14.09.2024 09:21;3,42;34,26;0
0_TWK_32_S7_______.xls;32;S7;2,89;1,1;,2;,2;14.09.2024 09:21;3,42;34,26;0
0_TWK_32_S7_______.xls;32;S7;2,7;1;,2;,2;14.09.2024 09:21;3,42;34,26;0
0_TWK_32_S7_______.xls;32;S7;2,77;,3;,2;,2;14.09.2024 09:21;3,42;34,26;0
0_TWK_32_S7_______.xls;32;S7;2,77;0;,2;,2;14.09.2024 09:22;3,42;34,26;0
0_TWK_32_S7_______.xls;32;S7;2,77;0;,2;,2;14.09.2024 09:22;3,42;34,26;0
0_TWK_32_S8_______.xls;32;S8;0;0;,2;0;14.09.2024 09:23;3,42;32,17;1
0_TWK_32_S8_______.xls;32;S8;0;0;0;0;14.09.2024 09:23;3,42;32,17;1
0_TWK_32_S8_______.xls;32;S8;0;0;0;0;14.09.2024 09:23;3,42;32,17;1
0_TWK_32_S8_______.xls;32;S8;,38;,1;0;0;14.09.2024 09:23;3,42;32,17;1
0_TWK_32_S8_______.xls;32;S8;2,29;,5;,1;,1;14.09.2024 09:23;3,42;32,17;1
0_TWK_32_S8_______.xls;32;S8;2,89;1,2;,1;,1;14.09.2024 09:23;3,42;32,17;1
0_TWK_32_S8_______.xls;32;S8;2,89;1,4;,1;,1;14.09.2024 09:23;3,42;32,17;1
0_TWK_32_S8_______.xls;32;S8;2,89;1,5;,1;,1;14.09.2024 09:23;3,42;32,17;1
0_TWK_32_S8_______.xls;32;S8;2,89;1,5;,2;,2;14.09.2024 09:23;3,42;32,17;1
0_TWK_32_S8_______.xls;32;S8;2,89;1,6;,2;,2;14.09.2024 09:23;3,42;32,17;1
0_TWK_32_S8_______.xls;32;S8;2,89;1,6;,2;,2;14.09.2024 09:23;3,42;32,17;1
0_TWK_32_S8_______.xls;32;S8;2,89;1,6;,3;,3;14.09.2024 09:23;3,42;32,17;1
0_TWK_32_S8_______.xls;32;S8;2,89;1,6;,3;,3;14.09.2024 09:23;3,42;32,17;1
0_TWK_32_S8_______.xls;32;S8;2,77;1,6;,3;,3;14.09.2024 09:23;3,42;32,17;1
0_TWK_32_S8_______.xls;32;S8;2,77;1,5;,3;,3;14.09.2024 09:23;3,42;32,17;1
0_TWK_32_S8_______.xls;32;S8;2,77;1,5;,3;,3;14.09.2024 09:23;3,42;32,17;1
0_TWK_32_S8_______.xls;32;S8;2,77;1,5;,4;,4;14.09.2024 09:23;3,42;32,17;1
0_TWK_32_S8_______.xls;32;S8;2,89;1,6;,4;,4;14.09.2024 09:23;3,42;32,17;1
0_TWK_32_S8_______.xls;32;S8;2,77;1,6;,4;,4;14.09.2024 09:23;3,42;32,17;1
0_TWK_32_S8_______.xls;32;S8;2,77;1,6;,5;,5;14.09.2024 09:23;3,42;32,17;1
0_TWK_32_S8_______.xls;32;S8;2,77;1,6;,5;,5;14.09.2024 09:23;3,42;32,17;1
0_TWK_32_S8_______.xls;32;S8;2,77;1,6;,5;,5;14.09.2024 09:23;3,42;32,17;1
0_TWK_32_S8_______.xls;32;S8;2,77;1,5;,5;,5;14.09.2024 09:23;3,42;32,17;1
0_TWK_32_S8_______.xls;32;S8;2,77;1,5;,6;,6;14.09.2024 09:23;3,42;32,17;1
0_TWK_32_S8_______.xls;32;S8;2,77;1,5;,6;,6;14.09.2024 09:23;3,42;32,17;1
0_TWK_32_S8_______.xls;32;S8;2,77;1,5;,6;,6;14.09.2024 09:23;3,42;32,17;1
0_TWK_32_S8_______.xls;32;S8;2,77;1,5;,7;,7;14.09.2024 09:23;3,42;32,17;1
0_TWK_32_S8_______.xls;32;S8;2,77;1,5;,7;,7;14.09.2024 09:23;3,42;32,17;1
0_TWK_32_S8_______.xls;32;S8;2,77;1,5;,7;,7;14.09.2024 09:23;3,42;32,17;1
0_TWK_32_S8_______.xls;32;S8;2,77;1,5;,7;,7;14.09.2024 09:23;3,42;32,17;1
0_TWK_32_S8_______.xls;32;S8;2,77;1,5;,8;,8;14.09.2024 09:23;3,42;32,17;1
0_TWK_32_S8_______.xls;32;S8;2,77;1,5;,8;,8;14.09.2024 09:23;3,42;32,17;1
0_TWK_32_S8_______.xls;32;S8;2,77;1,5;,8;,8;14.09.2024 09:23;3,42;32,17;1
0_TWK_32_S8_______.xls;32;S8;2,89;1,5;,8;,8;14.09.2024 09:23;3,42;32,17;1
0_TWK_32_S8_______.xls;32;S8;2,89;1,6;,9;,9;14.09.2024 09:23;3,42;32,17;1
0_TWK_32_S8_______.xls;32;S8;2,89;1,6;,9;,9;14.09.2024 09:23;3,42;32,17;1
0_TWK_32_S8_______.xls;32;S8;2,89;1,6;,9;,9;14.09.2024 09:23;3,42;32,17;1
0_TWK_32_S8_______.xls;32;S8;2,89;1,6;1;1;14.09.2024 09:23;3,42;32,17;1
0_TWK_32_S8_______.xls;32;S8;2,89;1,6;1;1;14.09.2024 09:23;3,42;32,17;1
0_TWK_32_S8_______.xls;32;S8;2,77;1,5;1;1;14.09.2024 09:23;3,42;32,17;1
0_TWK_32_S8_______.xls;32;S8;2,89;1,5;1;1;14.09.2024 09:23;3,42;32,17;1
0_TWK_32_S8_______.xls;32;S8;2,89;1,4;1,1;1,1;14.09.2024 09:23;3,42;32,17;1
0_TWK_32_S8_______.xls;32;S8;2,89;1,5;1,1;1,1;14.09.2024 09:23;3,42;32,17;1
0_TWK_32_S8_______.xls;32;S8;2,89;1,5;1,1;1,1;14.09.2024 09:23;3,42;32,17;1
0_TWK_32_S8_______.xls;32;S8;2,89;1,6;1,1;1,1;14.09.2024 09:23;3,42;32,17;1
0_TWK_32_S8_______.xls;32;S8;2,89;1,6;1,2;1,2;14.09.2024 09:23;3,42;32,17;1
0_TWK_32_S8_______.xls;32;S8;2,89;1,6;1,2;1,2;14.09.2024 09:23;3,42;32,17;1
0_TWK_32_S8_______.xls;32;S8;2,89;1,5;1,2;1,2;14.09.2024 09:23;3,42;32,17;1
0_TWK_32_S8_______.xls;32;S8;2,89;1,5;1,3;1,3;14.09.2024 09:23;3,42;32,17;1
0_TWK_32_S8_______.xls;32;S8;2,77;1,5;1,3;1,3;14.09.2024 09:23;3,42;32,17;1
0_TWK_32_S8_______.xls;32;S8;2,89;1,5;1,3;1,3;14.09.2024 09:23;3,42;32,17;1
0_TWK_32_S8_______.xls;32;S8;3;1,5;1,3;1,3;14.09.2024 09:23;3,42;32,17;1
0_TWK_32_S8_______.xls;32;S8;2,89;1,5;1,4;1,4;14.09.2024 09:23;3,42;32,17;1
0_TWK_32_S8_______.xls;32;S8;2,89;1,5;1,4;1,4;14.09.2024 09:24;3,42;32,17;1
0_TWK_32_S8_______.xls;32;S8;3;1,5;1,4;1,4;14.09.2024 09:24;3,42;32,17;1
0_TWK_32_S8_______.xls;32;S8;3;1,5;1,4;1,4;14.09.2024 09:24;3,42;32,17;1
0_TWK_32_S8_______.xls;32;S8;2,89;1,4;1,5;1,5;14.09.2024 09:24;3,42;32,17;1
0_TWK_32_S8_______.xls;32;S8;2,89;1,4;1,5;1,5;14.09.2024 09:24;3,42;32,17;1
0_TWK_32_S8_______.xls;32;S8;3;1,4;1,5;1,5;14.09.2024 09:24;3,42;32,17;1
0_TWK_32_S8_______.xls;32;S8;3;1,4;1,5;1,5;14.09.2024 09:24;3,42;32,17;1
0_TWK_32_S8_______.xls;32;S8;3;1,4;1,6;1,6;14.09.2024 09:24;3,42;32,17;1
0_TWK_32_S8_______.xls;32;S8;2,89;1,4;1,6;1,6;14.09.2024 09:24;3,42;32,17;1
0_TWK_32_S8_______.xls;32;S8;3;1,4;1,6;1,6;14.09.2024 09:24;3,42;32,17;1
0_TWK_32_S8_______.xls;32;S8;3;1,4;1,6;1,6;14.09.2024 09:24;3,42;32,17;1
0_TWK_32_S8_______.xls;32;S8;3;1,4;1,7;1,7;14.09.2024 09:24;3,42;32,17;1
0_TWK_32_S8_______.xls;32;S8;2,89;1,4;1,7;1,7;14.09.2024 09:24;3,42;32,17;1
0_TWK_32_S8_______.xls;32;S8;3;1,4;1,7;1,7;14.09.2024 09:24;3,42;32,17;1
0_TWK_32_S8_______.xls;32;S8;3,07;1,4;1,7;1,7;14.09.2024 09:24;3,42;32,17;1
0_TWK_32_S8_______.xls;32;S8;3;1,4;1,7;1,7;14.09.2024 09:24;3,42;32,17;1
0_TWK_32_S8_______.xls;32;S8;2,7;1;1,7;1,7;14.09.2024 09:24;3,42;32,17;1
0_TWK_32_S8_______.xls;32;S8;2,7;,6;1,7;1,7;14.09.2024 09:24;3,42;32,17;1
0_TWK_32_S8_______.xls;32;S8;2,7;0;1,7;1,7;14.09.2024 09:24;3,42;32,17;1
0_TWK_32_S8_______.xls;32;S8;2,7;0;1,7;1,7;14.09.2024 09:24;3,42;32,17;1
0_TWK_32_S8_______.xls;32;S8;2,7;0;1,7;1,7;14.09.2024 09:24;3,42;32,17;1
0_TWK_32_S8_______.xls;32;S8;2,7;0;1,7;1,7;14.09.2024 09:24;3,42;32,17;1
0_TWK_32_S8_______.xls;32;S8;2,7;0;1,7;1,7;14.09.2024 09:24;3,42;32,17;1
0_TWK_32_S8_______.xls;32;S8;2,7;0;1,7;1,7;14.09.2024 09:24;3,42;32,17;1
0_TWK_32_S8_______.xls;32;S8;2,7;0;1,7;1,7;14.09.2024 09:24;3,42;32,17;1
0_TWK_32_S8_______.xls;32;S8;2,59;0;1,7;1,7;14.09.2024 09:24;3,42;32,17;1
0_TWK_32_S8_______.xls;32;S8;2,59;0;1,7;1,7;14.09.2024 09:24;3,42;32,17;1
0_TWK_32_S8_______.xls;32;S8;2,7;0;1,8;1,8;14.09.2024 09:24;3,42;32,17;1
0_TWK_32_S8_______.xls;32;S8;3,07;,1;1,8;1,8;14.09.2024 09:24;3,42;32,17;1
0_TWK_32_S8_______.xls;32;S8;3;,8;1,8;1,8;14.09.2024 09:24;3,42;32,17;1
0_TWK_32_S8_______.xls;32;S8;2,77;,9;1,8;1,8;14.09.2024 09:24;3,42;32,17;1
0_TWK_32_S8_______.xls;32;S8;2,7;,3;1,8;1,8;14.09.2024 09:24;3,42;32,17;1
0_TWK_32_S8_______.xls;32;S8;2,7;,1;1,8;1,8;14.09.2024 09:24;3,42;32,17;1
0_TWK_32_S8_______.xls;32;S8;2,7;0;1,8;1,8;14.09.2024 09:24;3,42;32,17;1
0_TWK_34_S1_______.xls;34;S1;0;0;10,1;0;14.09.2024 19:34;5,97;9,37;1
0_TWK_34_S1_______.xls;34;S1;0;0;0;0;14.09.2024 19:34;5,97;9,37;1
0_TWK_34_S1_______.xls;34;S1;0;,3;,1;,1;14.09.2024 19:34;5,97;9,37;1
0_TWK_34_S1_______.xls;34;S1;0;,5;,1;,1;14.09.2024 19:34;5,97;9,37;1
0_TWK_34_S1_______.xls;34;S1;,07;,6;,1;,1;14.09.2024 19:34;5,97;9,37;1
0_TWK_34_S1_______.xls;34;S1;,3;,7;,1;,1;14.09.2024 19:34;5,97;9,37;1
0_TWK_34_S1_______.xls;34;S1;,79;1,8;,3;,3;14.09.2024 19:34;5,97;9,37;1
0_TWK_34_S1_______.xls;34;S1;,79;3,7;,4;,4;14.09.2024 19:34;5,97;9,37;1
0_TWK_34_S1_______.xls;34;S1;,67;4,5;,5;,5;14.09.2024 19:34;5,97;9,37;1
0_TWK_34_S1_______.xls;34;S1;,79;4,6;,7;,7;14.09.2024 19:34;5,97;9,37;1
0_TWK_34_S1_______.xls;34;S1;,67;4,6;,9;,9;14.09.2024 19:35;5,97;9,37;1
0_TWK_34_S1_______.xls;34;S1;,6;4,7;1;1;14.09.2024 19:35;5,97;9,37;1
0_TWK_34_S1_______.xls;34;S1;,9;4,7;1,2;1,2;14.09.2024 19:35;5,97;9,37;1
0_TWK_34_S1_______.xls;34;S1;1,09;5,2;1,4;1,4;14.09.2024 19:35;5,97;9,37;1
0_TWK_34_S1_______.xls;34;S1;1,2;6;1,6;1,6;14.09.2024 19:35;5,97;9,37;1
0_TWK_34_S1_______.xls;34;S1;1,2;6,1;1,8;1,8;14.09.2024 19:35;5,97;9,37;1
0_TWK_34_S1_______.xls;34;S1;1,09;6,2;2;2;14.09.2024 19:35;5,97;9,37;1
0_TWK_34_S1_______.xls;34;S1;1,39;6,7;2,3;2,3;14.09.2024 19:35;5,97;9,37;1
0_TWK_34_S1_______.xls;34;S1;1,5;7,8;2,5;2,5;14.09.2024 19:35;5,97;9,37;1
0_TWK_34_S1_______.xls;34;S1;1,69;8;2,8;2,8;14.09.2024 19:35;5,97;9,37;1
0_TWK_34_S1_______.xls;34;S1;1,88;8,1;3;3;14.09.2024 19:35;5,97;9,37;1
0_TWK_34_S1_______.xls;34;S1;2,1;8;3,4;3,4;14.09.2024 19:35;5,97;9,37;1
0_TWK_34_S1_______.xls;34;S1;2,17;8;3,6;3,6;14.09.2024 19:35;5,97;9,37;1
0_TWK_34_S1_______.xls;34;S1;2,17;8,2;3,9;3,9;14.09.2024 19:35;5,97;9,37;1
0_TWK_34_S1_______.xls;34;S1;2,29;8,1;4,2;4,2;14.09.2024 19:35;5,97;9,37;1
0_TWK_34_S1_______.xls;34;S1;2,59;8;4,4;4,4;14.09.2024 19:35;5,97;9,37;1
0_TWK_34_S1_______.xls;34;S1;2,7;8,1;4,7;4,7;14.09.2024 19:35;5,97;9,37;1
0_TWK_34_S1_______.xls;34;S1;2,59;8;5;5;14.09.2024 19:35;5,97;9,37;1
0_TWK_34_S1_______.xls;34;S1;1,88;6,3;5;5;14.09.2024 19:35;5,97;9,37;1
0_TWK_34_S1_______.xls;34;S1;,6;1,7;5;5;14.09.2024 19:35;5,97;9,37;1
0_TWK_34_S1_______.xls;34;S1;,6;,1;5;5;14.09.2024 19:35;5,97;9,37;1
0_TWK_34_S1_______.xls;34;S1;,49;0;5;5;14.09.2024 19:35;5,97;9,37;1
0_TWK_34_S1_______.xls;34;S1;,49;0;5;5;14.09.2024 19:35;5,97;9,37;1
0_TWK_34_S1_______.xls;34;S1;,38;0;5;5;14.09.2024 19:35;5,97;9,37;1
0_TWK_34_S1_______.xls;34;S1;,38;0;5;5;14.09.2024 19:35;5,97;9,37;1
0_TWK_34_S1_______.xls;34;S1;,3;0;5;5;14.09.2024 19:35;5,97;9,37;1
0_TWK_34_S1_______.xls;34;S1;,3;0;5;5;14.09.2024 19:35;5,97;9,37;1
0_TWK_34_S1_______.xls;34;S1;,3;0;5;5;14.09.2024 19:35;5,97;9,37;1
0_TWK_34_S1_______.xls;34;S1;,3;0;5;5;14.09.2024 19:35;5,97;9,37;1
0_TWK_34_S1_______.xls;34;S1;,19;0;5;5;14.09.2024 19:35;5,97;9,37;1
0_TWK_34_S1_______.xls;34;S1;,19;0;5;5;14.09.2024 19:36;5,97;9,37;1
0_TWK_34_S1_______.xls;34;S1;,19;0;5;5;14.09.2024 19:36;5,97;9,37;1
0_TWK_34_S1_______.xls;34;S1;,19;0;5;5;14.09.2024 19:36;5,97;9,37;1
0_TWK_34_S1_______.xls;34;S1;,07;0;5;5;14.09.2024 19:36;5,97;9,37;1
0_TWK_34_S1_______.xls;34;S1;,07;0;5;5;14.09.2024 19:36;5,97;9,37;1
0_TWK_34_S1_______.xls;34;S1;,07;0;5;5;14.09.2024 19:36;5,97;9,37;1
0_TWK_34_S1_______.xls;34;S1;,07;0;5;5;14.09.2024 19:36;5,97;9,37;1
0_TWK_34_S1_______.xls;34;S1;0;0;5;5;14.09.2024 19:36;5,97;9,37;1
0_TWK_34_S1_______.xls;34;S1;0;0;5;5;14.09.2024 19:36;5,97;9,37;1
0_TWK_34_S1_______.xls;34;S1;0;0;5;5;14.09.2024 19:36;5,97;9,37;1
0_TWK_34_S1_______.xls;34;S1;0;0;5;5;14.09.2024 19:36;5,97;9,37;1
0_TWK_34_S1_______.xls;34;S1;0;0;5;5;14.09.2024 19:36;5,97;9,37;1
0_TWK_34_S1_______.xls;34;S1;0;0;5;5;14.09.2024 19:36;5,97;9,37;1
0_TWK_34_S1_______.xls;34;S1;0;0;5;5;14.09.2024 19:36;5,97;9,37;1
0_TWK_34_S1_______.xls;34;S1;0;0;5;5;14.09.2024 19:36;5,97;9,37;1
0_TWK_34_S1_______.xls;34;S1;0;0;5;5;14.09.2024 19:36;5,97;9,37;1
0_TWK_34_S1_______.xls;34;S1;0;0;5;5;14.09.2024 19:36;5,97;9,37;1
0_TWK_34_S1_______.xls;34;S1;0;0;5;5;14.09.2024 19:36;5,97;9,37;1
0_TWK_34_S1_______.xls;34;S1;0;0;5;5;14.09.2024 19:36;5,97;9,37;1
0_TWK_34_S1_______.xls;34;S1;0;0;5;5;14.09.2024 19:36;5,97;9,37;1
0_TWK_34_S1_______.xls;34;S1;0;0;5;5;14.09.2024 19:36;5,97;9,37;1
0_TWK_34_S1_______.xls;34;S1;0;0;5;5;14.09.2024 19:36;5,97;9,37;1
0_TWK_34_S1_______.xls;34;S1;0;0;5;5;14.09.2024 19:36;5,97;9,37;1
0_TWK_34_S1_______.xls;34;S1;0;0;5;5;14.09.2024 19:36;5,97;9,37;1
0_TWK_34_S1_______.xls;34;S1;0;0;5;5;14.09.2024 19:36;5,97;9,37;1
0_TWK_34_S1_______.xls;34;S1;0;0;5;5;14.09.2024 19:36;5,97;9,37;1
0_TWK_34_S1_______.xls;34;S1;0;0;5;5;14.09.2024 19:36;5,97;9,37;1
0_TWK_34_S1_______.xls;34;S1;0;0;5;5;14.09.2024 19:36;5,97;9,37;1
0_TWK_34_S1_______.xls;34;S1;0;0;5;5;14.09.2024 19:36;5,97;9,37;1
0_TWK_34_S1_______.xls;34;S1;0;0;5;5;14.09.2024 19:36;5,97;9,37;1
0_TWK_34_S1_______.xls;34;S1;0;0;5;5;14.09.2024 19:37;5,97;9,37;1
0_TWK_34_S1_______.xls;34;S1;0;0;5;5;14.09.2024 19:37;5,97;9,37;1
0_TWK_34_S1_______.xls;34;S1;0;0;5;5;14.09.2024 19:37;5,97;9,37;1
0_TWK_34_S1_______.xls;34;S1;0;0;5;5;14.09.2024 19:37;5,97;9,37;1
0_TWK_34_S1_______.xls;34;S1;0;0;5;5;14.09.2024 19:37;5,97;9,37;1
0_TWK_34_S1_______.xls;34;S1;0;0;5;5;14.09.2024 19:37;5,97;9,37;1
0_TWK_34_S1_______.xls;34;S1;0;0;5;5;14.09.2024 19:37;5,97;9,37;1
0_TWK_34_S1_______.xls;34;S1;0;0;5;5;14.09.2024 19:37;5,97;9,37;1
0_TWK_34_S1_______.xls;34;S1;0;0;5;5;14.09.2024 19:37;5,97;9,37;1
0_TWK_34_S1_______.xls;34;S1;0;0;5;5;14.09.2024 19:37;5,97;9,37;1
0_TWK_34_S1_______.xls;34;S1;0;0;5;5;14.09.2024 19:37;5,97;9,37;1
0_TWK_34_S1_______.xls;34;S1;0;0;5;5;14.09.2024 19:37;5,97;9,37;1
0_TWK_34_S1_______.xls;34;S1;0;0;5;5;14.09.2024 19:37;5,97;9,37;1
0_TWK_34_S1_______.xls;34;S1;0;0;5;5;14.09.2024 19:37;5,97;9,37;1
0_TWK_34_S1_______.xls;34;S1;0;0;5;5;14.09.2024 19:37;5,97;9,37;1
0_TWK_34_S1_______.xls;34;S1;0;0;5;5;14.09.2024 19:37;5,97;9,37;1
0_TWK_34_S1_______.xls;34;S1;0;0;5;5;14.09.2024 19:37;5,97;9,37;1
0_TWK_34_S1_______.xls;34;S1;0;0;5;5;14.09.2024 19:37;5,97;9,37;1
0_TWK_34_S1_______.xls;34;S1;0;0;5;5;14.09.2024 19:37;5,97;9,37;1
0_TWK_34_S1_______.xls;34;S1;0;0;5;5;14.09.2024 19:37;5,97;9,37;1
0_TWK_34_S1_______.xls;34;S1;0;0;5;5;14.09.2024 19:37;5,97;9,37;1
0_TWK_34_S1_______.xls;34;S1;0;0;5;5;14.09.2024 19:37;5,97;9,37;1
0_TWK_34_S1_______.xls;34;S1;0;0;5;5;14.09.2024 19:37;5,97;9,37;1
0_TWK_34_S1_______.xls;34;S1;0;0;5;5;14.09.2024 19:37;5,97;9,37;1
0_TWK_34_S1_______.xls;34;S1;0;0;5;5;14.09.2024 19:37;5,97;9,37;1
0_TWK_34_S1_______.xls;34;S1;0;0;5;5;14.09.2024 19:37;5,97;9,37;1
0_TWK_34_S1_______.xls;34;S1;0;0;5;5;14.09.2024 19:37;5,97;9,37;1
0_TWK_34_S1_______.xls;34;S1;0;0;5;5;14.09.2024 19:37;5,97;9,37;1
0_TWK_34_S1_______.xls;34;S1;0;0;5;5;14.09.2024 19:37;5,97;9,37;1
0_TWK_34_S1_______.xls;34;S1;0;0;5;5;14.09.2024 19:37;5,97;9,37;1
0_TWK_34_S1_______.xls;34;S1;0;0;5;5;14.09.2024 19:38;5,97;9,37;1
0_TWK_34_S1_______.xls;34;S1;0;0;5;5;14.09.2024 19:38;5,97;9,37;1
0_TWK_34_S1_______.xls;34;S1;0;0;5;5;14.09.2024 19:38;5,97;9,37;1
0_TWK_34_S1_______.xls;34;S1;0;0;5;5;14.09.2024 19:38;5,97;9,37;1
0_TWK_34_S1_______.xls;34;S1;0;0;5;5;14.09.2024 19:38;5,97;9,37;1
0_TWK_34_S1_______.xls;34;S1;0;0;5;5;14.09.2024 19:38;5,97;9,37;1
0_TWK_34_S1_______.xls;34;S1;0;0;5;5;14.09.2024 19:38;5,97;9,37;1
0_TWK_34_S1_______.xls;34;S1;0;0;5;5;14.09.2024 19:38;5,97;9,37;1
0_TWK_34_S1_______.xls;34;S1;0;0;5;5;14.09.2024 19:38;5,97;9,37;1
0_TWK_34_S1_______.xls;34;S1;0;0;5;5;14.09.2024 19:38;5,97;9,37;1
0_TWK_34_S1_______.xls;34;S1;0;0;5;5;14.09.2024 19:38;5,97;9,37;1
0_TWK_34_S1_______.xls;34;S1;0;0;5;5;14.09.2024 19:38;5,97;9,37;1
0_TWK_34_S1_______.xls;34;S1;0;0;5;5;14.09.2024 19:38;5,97;9,37;1
0_TWK_34_S1_______.xls;34;S1;0;0;5;5;14.09.2024 19:38;5,97;9,37;1
0_TWK_34_S1_______.xls;34;S1;0;0;5;5;14.09.2024 19:38;5,97;9,37;1
0_TWK_34_S1_______.xls;34;S1;0;0;5;5;14.09.2024 19:38;5,97;9,37;1
0_TWK_34_S1_______.xls;34;S1;0;0;5;5;14.09.2024 19:38;5,97;9,37;1
0_TWK_34_S1_______.xls;34;S1;0;0;5;5;14.09.2024 19:38;5,97;9,37;1
0_TWK_34_S1_______.xls;34;S1;0;0;5;5;14.09.2024 19:38;5,97;9,37;1
0_TWK_34_S1_______.xls;34;S1;0;0;5;5;14.09.2024 19:38;5,97;9,37;1
0_TWK_34_S1_______.xls;34;S1;0;0;5;5;14.09.2024 19:38;5,97;9,37;1
0_TWK_34_S1_______.xls;34;S1;0;0;5;5;14.09.2024 19:38;5,97;9,37;1
0_TWK_34_S1_______.xls;34;S1;0;0;5;5;14.09.2024 19:38;5,97;9,37;1
0_TWK_34_S1_______.xls;34;S1;0;0;5;5;14.09.2024 19:38;5,97;9,37;1
0_TWK_34_S1_______.xls;34;S1;0;0;5;5;14.09.2024 19:38;5,97;9,37;1
0_TWK_34_S1_______.xls;34;S1;0;0;5;5;14.09.2024 19:38;5,97;9,37;1
0_TWK_34_S1_______.xls;34;S1;0;0;5;5;14.09.2024 19:38;5,97;9,37;1
0_TWK_34_S1_______.xls;34;S1;0;0;5;5;14.09.2024 19:38;5,97;9,37;1
0_TWK_34_S1_______.xls;34;S1;0;0;5;5;14.09.2024 19:38;5,97;9,37;1
0_TWK_34_S1_______.xls;34;S1;0;0;5;5;14.09.2024 19:38;5,97;9,37;1
0_TWK_34_S1_______.xls;34;S1;0;0;5;5;14.09.2024 19:39;5,97;9,37;1
0_TWK_34_S1_______.xls;34;S1;0;0;5;5;14.09.2024 19:39;5,97;9,37;1
0_TWK_34_S1_______.xls;34;S1;0;0;5;5;14.09.2024 19:39;5,97;9,37;1
0_TWK_34_S1_______.xls;34;S1;0;0;5;5;14.09.2024 19:39;5,97;9,37;1
0_TWK_34_S1_______.xls;34;S1;0;0;5;5;14.09.2024 19:39;5,97;9,37;1
0_TWK_34_S1_______.xls;34;S1;0;0;5;5;14.09.2024 19:39;5,97;9,37;1
0_TWK_34_S1_______.xls;34;S1;0;0;5;5;14.09.2024 19:39;5,97;9,37;1
0_TWK_34_S1_______.xls;34;S1;0;0;5;5;14.09.2024 19:39;5,97;9,37;1
0_TWK_34_S1_______.xls;34;S1;0;0;5;5;14.09.2024 19:39;5,97;9,37;1
0_TWK_34_S1_______.xls;34;S1;0;0;5;5;14.09.2024 19:39;5,97;9,37;1
0_TWK_34_S1_______.xls;34;S1;0;0;5;5;14.09.2024 19:39;5,97;9,37;1
0_TWK_34_S1_______.xls;34;S1;0;0;5;5;14.09.2024 19:39;5,97;9,37;1
0_TWK_34_S1_______.xls;34;S1;0;0;5;5;14.09.2024 19:39;5,97;9,37;1
0_TWK_34_S1_______.xls;34;S1;0;0;5;5;14.09.2024 19:39;5,97;9,37;1
0_TWK_34_S1_______.xls;34;S1;0;0;5;5;14.09.2024 19:39;5,97;9,37;1
0_TWK_34_S1_______.xls;34;S1;0;0;5;5;14.09.2024 19:39;5,97;9,37;1
0_TWK_34_S1_______.xls;34;S1;0;0;5;5;14.09.2024 19:39;5,97;9,37;1
0_TWK_34_S1_______.xls;34;S1;0;0;5;5;14.09.2024 19:39;5,97;9,37;1
0_TWK_34_S1_______.xls;34;S1;0;0;5;5;14.09.2024 19:39;5,97;9,37;1
0_TWK_34_S1_______.xls;34;S1;0;0;5;5;14.09.2024 19:39;5,97;9,37;1
0_TWK_34_S1_______.xls;34;S1;0;0;5;5;14.09.2024 19:39;5,97;9,37;1
0_TWK_34_S1_______.xls;34;S1;0;0;5;5;14.09.2024 19:39;5,97;9,37;1
0_TWK_34_S1_______.xls;34;S1;0;0;5;5;14.09.2024 19:39;5,97;9,37;1
0_TWK_34_S1_______.xls;34;S1;0;0;5;5;14.09.2024 19:39;5,97;9,37;1
0_TWK_34_S1_______.xls;34;S1;,19;0;5;5;14.09.2024 19:39;5,97;9,37;1
0_TWK_34_S1_______.xls;34;S1;2,17;1,9;5,2;5,2;14.09.2024 19:39;5,97;9,37;1
0_TWK_34_S1_______.xls;34;S1;2,59;7;5,4;5,4;14.09.2024 19:39;5,97;9,37;1
0_TWK_34_S1_______.xls;34;S1;2,7;7,9;5,7;5,7;14.09.2024 19:39;5,97;9,37;1
0_TWK_34_S1_______.xls;34;S1;3;8;6;6;14.09.2024 19:39;5,97;9,37;1
0_TWK_34_S1_______.xls;34;S1;3;8;6,2;6,2;14.09.2024 19:39;5,97;9,37;1
0_TWK_34_S1_______.xls;34;S1;2,48;7;6,3;6,3;14.09.2024 19:40;5,97;9,37;1
0_TWK_34_S1_______.xls;34;S1;,9;2,9;6,3;6,3;14.09.2024 19:40;5,97;9,37;1
0_TWK_34_S1_______.xls;34;S1;,79;,2;6,3;6,3;14.09.2024 19:40;5,97;9,37;1
0_TWK_34_S1_______.xls;34;S1;,67;0;6,3;6,3;14.09.2024 19:40;5,97;9,37;1
0_TWK_34_S1_______.xls;34;S1;,67;0;6,3;6,3;14.09.2024 19:40;5,97;9,37;1
0_TWK_34_S1_______.xls;34;S1;,6;0;6,3;6,3;14.09.2024 19:40;5,97;9,37;1
0_TWK_34_S1_______.xls;34;S1;,6;0;6,3;6,3;14.09.2024 19:40;5,97;9,37;1
0_TWK_34_S1_______.xls;34;S1;,6;0;6,3;6,3;14.09.2024 19:40;5,97;9,37;1
0_TWK_34_S1_______.xls;34;S1;,6;0;6,3;6,3;14.09.2024 19:40;5,97;9,37;1
0_TWK_34_S1_______.xls;34;S1;,49;0;6,3;6,3;14.09.2024 19:40;5,97;9,37;1
0_TWK_34_S1_______.xls;34;S1;,49;0;6,3;6,3;14.09.2024 19:40;5,97;9,37;1
0_TWK_34_S1_______.xls;34;S1;,49;0;6,3;6,3;14.09.2024 19:40;5,97;9,37;1
0_TWK_34_S1_______.xls;34;S1;1,88;,7;6,4;6,4;14.09.2024 19:40;5,97;9,37;1
0_TWK_34_S1_______.xls;34;S1;2,59;4,3;6,6;6,6;14.09.2024 19:40;5,97;9,37;1
0_TWK_34_S1_______.xls;34;S1;2,89;5,6;6,8;6,8;14.09.2024 19:40;5,97;9,37;1
0_TWK_34_S1_______.xls;34;S1;2,77;5,8;7;7;14.09.2024 19:40;5,97;9,37;1
0_TWK_34_S1_______.xls;34;S1;3;5,9;7,2;7,2;14.09.2024 19:40;5,97;9,37;1
0_TWK_34_S1_______.xls;34;S1;3,07;5,8;7,4;7,4;14.09.2024 19:40;5,97;9,37;1
0_TWK_34_S1_______.xls;34;S1;3,07;5,8;7,6;7,6;14.09.2024 19:40;5,97;9,37;1
0_TWK_34_S1_______.xls;34;S1;2,17;4,8;7,6;7,6;14.09.2024 19:40;5,97;9,37;1
0_TWK_34_S1_______.xls;34;S1;1,39;1;7,6;7,6;14.09.2024 19:40;5,97;9,37;1
0_TWK_34_S1_______.xls;34;S1;1,5;,1;7,6;7,6;14.09.2024 19:40;5,97;9,37;1
0_TWK_34_S1_______.xls;34;S1;2,59;1,3;7,7;7,7;14.09.2024 19:40;5,97;9,37;1
0_TWK_34_S1_______.xls;34;S1;2,59;3,6;7,9;7,9;14.09.2024 19:40;5,97;9,37;1
0_TWK_34_S1_______.xls;34;S1;2,77;3,9;8;8;14.09.2024 19:40;5,97;9,37;1
0_TWK_34_S1_______.xls;34;S1;2,7;4;8,1;8,1;14.09.2024 19:40;5,97;9,37;1
0_TWK_34_S1_______.xls;34;S1;2,89;3,9;8,3;8,3;14.09.2024 19:40;5,97;9,37;1
0_TWK_34_S1_______.xls;34;S1;2,89;3,9;8,4;8,4;14.09.2024 19:40;5,97;9,37;1
0_TWK_34_S1_______.xls;34;S1;2,89;4;8,5;8,5;14.09.2024 19:40;5,97;9,37;1
0_TWK_34_S1_______.xls;34;S1;3;3,9;8,7;8,7;14.09.2024 19:40;5,97;9,37;1
0_TWK_34_S1_______.xls;34;S1;3;4;8,8;8,8;14.09.2024 19:41;5,97;9,37;1
0_TWK_34_S1_______.xls;34;S1;3;3,9;8,9;8,9;14.09.2024 19:41;5,97;9,37;1
0_TWK_34_S1_______.xls;34;S1;2,89;4;9,1;9,1;14.09.2024 19:41;5,97;9,37;1
0_TWK_34_S1_______.xls;34;S1;3;3,9;9,2;9,2;14.09.2024 19:41;5,97;9,37;1
0_TWK_34_S1_______.xls;34;S1;2,89;4;9,3;9,3;14.09.2024 19:41;5,97;9,37;1
0_TWK_34_S1_______.xls;34;S1;3,07;3,9;9,4;9,4;14.09.2024 19:41;5,97;9,37;1
0_TWK_34_S1_______.xls;34;S1;1,99;2,3;9,4;9,4;14.09.2024 19:41;5,97;9,37;1
0_TWK_34_S1_______.xls;34;S1;1,8;,3;9,4;9,4;14.09.2024 19:41;5,97;9,37;1
0_TWK_34_S1_______.xls;34;S1;1,69;0;9,4;9,4;14.09.2024 19:41;5,97;9,37;1
0_TWK_34_S1_______.xls;34;S1;2,17;,3;9,5;9,5;14.09.2024 19:41;5,97;9,37;1
0_TWK_34_S1_______.xls;34;S1;2,77;1,6;9,6;9,6;14.09.2024 19:41;5,97;9,37;1
0_TWK_34_S1_______.xls;34;S1;2,77;2,7;9,7;9,7;14.09.2024 19:41;5,97;9,37;1
0_TWK_34_S1_______.xls;34;S1;2,7;2,7;9,8;9,8;14.09.2024 19:41;5,97;9,37;1
0_TWK_34_S1_______.xls;34;S1;2,89;2,7;9,9;9,9;14.09.2024 19:41;5,97;9,37;1
0_TWK_34_S1_______.xls;34;S1;2,89;2,8;9,9;9,9;14.09.2024 19:41;5,97;9,37;1
0_TWK_34_S1_______.xls;34;S1;2,89;2,7;10,1;10,1;14.09.2024 19:41;5,97;9,37;1
0_TWK_34_S1_______.xls;34;S1;2,89;2,8;10,2;10,2;14.09.2024 19:41;5,97;9,37;1
0_TWK_34_S1_______.xls;34;S1;2,77;2,8;10,3;10,3;14.09.2024 19:41;5,97;9,37;1
0_TWK_34_S1_______.xls;34;S1;2,89;2,7;10,4;10,4;14.09.2024 19:41;5,97;9,37;1
0_TWK_34_S1_______.xls;34;S1;2,89;2,8;10,4;10,4;14.09.2024 19:41;5,97;9,37;1
0_TWK_34_S1_______.xls;34;S1;3;2,7;10,5;10,5;14.09.2024 19:41;5,97;9,37;1
0_TWK_34_S1_______.xls;34;S1;3;2,8;10,6;10,6;14.09.2024 19:41;5,97;9,37;1
0_TWK_34_S1_______.xls;34;S1;2,77;2,8;10,7;10,7;14.09.2024 19:41;5,97;9,37;1
0_TWK_34_S1_______.xls;34;S1;2,89;2,8;10,8;10,8;14.09.2024 19:41;5,97;9,37;1
0_TWK_34_S1_______.xls;34;S1;2,7;2,9;10,9;10,9;14.09.2024 19:41;5,97;9,37;1
0_TWK_34_S1_______.xls;34;S1;2,89;2,8;11;11;14.09.2024 19:41;5,97;9,37;1
0_TWK_34_S1_______.xls;34;S1;2,89;2,9;11,1;11,1;14.09.2024 19:41;5,97;9,37;1
0_TWK_34_S1_______.xls;34;S1;2,7;2,8;11,2;11,2;14.09.2024 19:41;5,97;9,37;1
0_TWK_34_S1_______.xls;34;S1;2,89;2,8;11,3;11,3;14.09.2024 19:41;5,97;9,37;1
0_TWK_34_S1_______.xls;34;S1;2,77;2,8;11,4;11,4;14.09.2024 19:41;5,97;9,37;1
0_TWK_34_S1_______.xls;34;S1;2,89;2,7;11,4;11,4;14.09.2024 19:42;5,97;9,37;1
0_TWK_34_S1_______.xls;34;S1;3;2,8;11,6;11,6;14.09.2024 19:42;5,97;9,37;1
0_TWK_34_S1_______.xls;34;S1;2,89;2,7;11,7;11,7;14.09.2024 19:42;5,97;9,37;1
0_TWK_34_S1_______.xls;34;S1;3;2,8;11,8;11,8;14.09.2024 19:42;5,97;9,37;1
0_TWK_34_S1_______.xls;34;S1;3;2,8;11,9;11,9;14.09.2024 19:42;5,97;9,37;1
0_TWK_34_S1_______.xls;34;S1;3;2,7;11,9;11,9;14.09.2024 19:42;5,97;9,37;1
0_TWK_34_S1_______.xls;34;S1;3;2,8;12,1;12,1;14.09.2024 19:42;5,97;9,37;1
0_TWK_34_S1_______.xls;34;S1;2,89;2,7;12,2;12,2;14.09.2024 19:42;5,97;9,37;1
0_TWK_34_S1_______.xls;34;S1;3;2,8;12,3;12,3;14.09.2024 19:42;5,97;9,37;1
0_TWK_34_S1_______.xls;34;S1;3,07;2,8;12,3;12,3;14.09.2024 19:42;5,97;9,37;1
0_TWK_34_S1_______.xls;34;S1;3,07;2,7;12,4;12,4;14.09.2024 19:42;5,97;9,37;1
0_TWK_34_S1_______.xls;34;S1;2,77;2,7;12,5;12,5;14.09.2024 19:42;5,97;9,37;1
0_TWK_34_S1_______.xls;34;S1;2,17;1;12,5;12,5;14.09.2024 19:42;5,97;9,37;1
0_TWK_34_S1_______.xls;34;S1;1,99;,1;12,5;12,5;14.09.2024 19:42;5,97;9,37;1
0_TWK_34_S1_______.xls;34;S1;1,88;0;12,5;12,5;14.09.2024 19:42;5,97;9,37;1
0_TWK_34_S1_______.xls;34;S1;1,8;0;12,5;12,5;14.09.2024 19:42;5,97;9,37;1
0_TWK_34_S1_______.xls;34;S1;1,69;0;12,5;12,5;14.09.2024 19:42;5,97;9,37;1
0_TWK_34_S1_______.xls;34;S1;2,17;,1;12,5;12,5;14.09.2024 19:42;5,97;9,37;1
0_TWK_34_S1_______.xls;34;S1;2,48;,9;12,6;12,6;14.09.2024 19:42;5,97;9,37;1
0_TWK_34_S1_______.xls;34;S1;2,48;1,2;12,6;12,6;14.09.2024 19:42;5,97;9,37;1
0_TWK_34_S1_______.xls;34;S1;2,7;1,4;12,7;12,7;14.09.2024 19:42;5,97;9,37;1
0_TWK_34_S1_______.xls;34;S1;2,77;1,4;12,7;12,7;14.09.2024 19:42;5,97;9,37;1
0_TWK_34_S1_______.xls;34;S1;2,77;1,4;12,8;12,8;14.09.2024 19:42;5,97;9,37;1
0_TWK_34_S1_______.xls;34;S1;2,7;1,4;12,8;12,8;14.09.2024 19:42;5,97;9,37;1
0_TWK_34_S1_______.xls;34;S1;2,77;1,3;12,9;12,9;14.09.2024 19:42;5,97;9,37;1
0_TWK_34_S1_______.xls;34;S1;2,77;1,4;12,9;12,9;14.09.2024 19:42;5,97;9,37;1
0_TWK_34_S1_______.xls;34;S1;2,77;1,5;12,9;12,9;14.09.2024 19:42;5,97;9,37;1
0_TWK_34_S1_______.xls;34;S1;2,77;1,5;13;13;14.09.2024 19:42;5,97;9,37;1
0_TWK_34_S1_______.xls;34;S1;2,7;1,4;13,1;13,1;14.09.2024 19:42;5,97;9,37;1
0_TWK_34_S1_______.xls;34;S1;2,77;1,4;13,1;13,1;14.09.2024 19:42;5,97;9,37;1
0_TWK_34_S1_______.xls;34;S1;2,77;1,5;13,2;13,2;14.09.2024 19:43;5,97;9,37;1
0_TWK_34_S1_______.xls;34;S1;2,77;1,5;13,2;13,2;14.09.2024 19:43;5,97;9,37;1
0_TWK_34_S1_______.xls;34;S1;2,89;1,5;13,3;13,3;14.09.2024 19:43;5,97;9,37;1
0_TWK_34_S1_______.xls;34;S1;2,89;1,4;13,3;13,3;14.09.2024 19:43;5,97;9,37;1
0_TWK_34_S1_______.xls;34;S1;2,89;1,5;13,4;13,4;14.09.2024 19:43;5,97;9,37;1
0_TWK_34_S1_______.xls;34;S1;2,89;1,5;13,4;13,4;14.09.2024 19:43;5,97;9,37;1
0_TWK_34_S1_______.xls;34;S1;2,89;1,5;13,4;13,4;14.09.2024 19:43;5,97;9,37;1
0_TWK_34_S1_______.xls;34;S1;2,7;1,4;13,5;13,5;14.09.2024 19:43;5,97;9,37;1
0_TWK_34_S1_______.xls;34;S1;2,89;1,4;13,6;13,6;14.09.2024 19:43;5,97;9,37;1
0_TWK_34_S1_______.xls;34;S1;2,89;1,5;13,6;13,6;14.09.2024 19:43;5,97;9,37;1
0_TWK_34_S1_______.xls;34;S1;2,89;1,5;13,7;13,7;14.09.2024 19:43;5,97;9,37;1
0_TWK_34_S1_______.xls;34;S1;2,89;1,5;13,7;13,7;14.09.2024 19:43;5,97;9,37;1
0_TWK_34_S1_______.xls;34;S1;2,89;1,4;13,8;13,8;14.09.2024 19:43;5,97;9,37;1
0_TWK_34_S1_______.xls;34;S1;2,89;1,5;13,8;13,8;14.09.2024 19:43;5,97;9,37;1
0_TWK_34_S1_______.xls;34;S1;3;1,5;13,9;13,9;14.09.2024 19:43;5,97;9,37;1
0_TWK_34_S1_______.xls;34;S1;2,89;1,5;13,9;13,9;14.09.2024 19:43;5,97;9,37;1
0_TWK_34_S1_______.xls;34;S1;2,7;1,4;13,9;13,9;14.09.2024 19:43;5,97;9,37;1
0_TWK_34_S1_______.xls;34;S1;3;1,4;14;14;14.09.2024 19:43;5,97;9,37;1
0_TWK_34_S1_______.xls;34;S1;3;1,5;14,1;14,1;14.09.2024 19:43;5,97;9,37;1
0_TWK_34_S1_______.xls;34;S1;3;1,5;14,1;14,1;14.09.2024 19:43;5,97;9,37;1
0_TWK_34_S1_______.xls;34;S1;3;1,5;14,2;14,2;14.09.2024 19:43;5,97;9,37;1
0_TWK_34_S1_______.xls;34;S1;3;1,4;14,2;14,2;14.09.2024 19:43;5,97;9,37;1
0_TWK_34_S1_______.xls;34;S1;3;1,5;14,3;14,3;14.09.2024 19:43;5,97;9,37;1
0_TWK_34_S1_______.xls;34;S1;3;1,5;14,3;14,3;14.09.2024 19:43;5,97;9,37;1
0_TWK_34_S1_______.xls;34;S1;3;1,5;14,4;14,4;14.09.2024 19:43;5,97;9,37;1
0_TWK_34_S1_______.xls;34;S1;2,89;1,4;14,4;14,4;14.09.2024 19:43;5,97;9,37;1
0_TWK_34_S1_______.xls;34;S1;3;1,4;14,5;14,5;14.09.2024 19:43;5,97;9,37;1
0_TWK_34_S1_______.xls;34;S1;3;1,5;14,5;14,5;14.09.2024 19:43;5,97;9,37;1
0_TWK_34_S1_______.xls;34;S1;3;1,5;14,6;14,6;14.09.2024 19:43;5,97;9,37;1
0_TWK_34_S1_______.xls;34;S1;2,89;1,5;14,6;14,6;14.09.2024 19:43;5,97;9,37;1
0_TWK_34_S1_______.xls;34;S1;3;1,4;14,7;14,7;14.09.2024 19:44;5,97;9,37;1
0_TWK_34_S1_______.xls;34;S1;3,07;1,5;14,7;14,7;14.09.2024 19:44;5,97;9,37;1
0_TWK_34_S1_______.xls;34;S1;2,89;1,2;14,7;14,7;14.09.2024 19:44;5,97;9,37;1
0_TWK_34_S1_______.xls;34;S1;2,4;,2;14,7;14,7;14.09.2024 19:44;5,97;9,37;1
0_TWK_34_S1_______.xls;34;S1;2,29;0;14,7;14,7;14.09.2024 19:44;5,97;9,37;1
0_TWK_34_S1_______.xls;34;S1;2,89;,5;14,7;14,7;14.09.2024 19:44;5,97;9,37;1
0_TWK_34_S1_______.xls;34;S1;3;1,2;14,8;14,8;14.09.2024 19:44;5,97;9,37;1
0_TWK_34_S1_______.xls;34;S1;3;1,3;14,8;14,8;14.09.2024 19:44;5,97;9,37;1
0_TWK_34_S1_______.xls;34;S1;3,07;1,4;14,8;14,8;14.09.2024 19:44;5,97;9,37;1
0_TWK_34_S1_______.xls;34;S1;2,59;,8;14,8;14,8;14.09.2024 19:44;5,97;9,37;1
0_TWK_34_S1_______.xls;34;S1;2,29;,1;14,8;14,8;14.09.2024 19:44;5,97;9,37;1
0_TWK_34_S1_______.xls;34;S1;2,1;0;14,8;14,8;14.09.2024 19:44;5,97;9,37;1
0_TWK_34_S1_______.xls;34;S1;1,99;0;14,8;14,8;14.09.2024 19:44;5,97;9,37;1
0_TWK_34_S1_______.xls;34;S1;1,99;0;14,8;14,8;14.09.2024 19:44;5,97;9,37;1
0_TWK_34_S1_______.xls;34;S1;2,29;,1;14,9;14,9;14.09.2024 19:44;5,97;9,37;1
0_TWK_34_S1_______.xls;34;S1;2,89;,8;14,9;14,9;14.09.2024 19:44;5,97;9,37;1
0_TWK_34_S1_______.xls;34;S1;3;1,4;14,9;14,9;14.09.2024 19:44;5,97;9,37;1
0_TWK_34_S1_______.xls;34;S1;3;1,3;15;15;14.09.2024 19:44;5,97;9,37;1
0_TWK_34_S1_______.xls;34;S1;3,07;1,5;15,1;15,1;14.09.2024 19:44;5,97;9,37;1
0_TWK_34_S1_______.xls;34;S1;2,89;1,3;15,1;15,1;14.09.2024 19:44;5,97;9,37;1
0_TWK_34_S1_______.xls;34;S1;2,4;,4;15,1;15,1;14.09.2024 19:44;5,97;9,37;1
0_TWK_34_S2_______.xls;34;S2;0;0;15,1;0;14.09.2024 19:51;5,97;26,51;1
0_TWK_34_S2_______.xls;34;S2;0;0;0;0;14.09.2024 19:51;5,97;26,51;1
0_TWK_34_S2_______.xls;34;S2;0;0;0;0;14.09.2024 19:51;5,97;26,51;1
0_TWK_34_S2_______.xls;34;S2;0;,2;,1;,1;14.09.2024 19:51;5,97;26,51;1
0_TWK_34_S2_______.xls;34;S2;0;1,9;,1;,1;14.09.2024 19:51;5,97;26,51;1
0_TWK_34_S2_______.xls;34;S2;0;3,2;,2;,2;14.09.2024 19:51;5,97;26,51;1
0_TWK_34_S2_______.xls;34;S2;1;3,6;,3;,3;14.09.2024 19:51;5,97;26,51;1
0_TWK_34_S2_______.xls;34;S2;3;4,6;,4;,4;14.09.2024 19:51;5,97;26,51;1
0_TWK_34_S2_______.xls;34;S2;4;5;,4;,4;14.09.2024 19:51;5,97;26,51;1
0_TWK_34_S2_______.xls;34;S2;2;4,1;,4;,4;14.09.2024 19:51;5,97;26,51;1
0_TWK_34_S2_______.xls;34;S2;1;2,8;,4;,4;14.09.2024 19:51;5,97;26,51;1
0_TWK_34_S2_______.xls;34;S2;0;,7;,4;,4;14.09.2024 19:51;5,97;26,51;1
0_TWK_34_S2_______.xls;34;S2;0;,3;,4;,4;14.09.2024 19:51;5,97;26,51;1
0_TWK_34_S2_______.xls;34;S2;0;0;,4;,4;14.09.2024 19:51;5,97;26,51;1
0_TWK_34_S2_______.xls;34;S2;0;0;,4;,4;14.09.2024 19:51;5,97;26,51;1
0_TWK_34_S2_______.xls;34;S2;0;0;,4;,4;14.09.2024 19:51;5,97;26,51;1
0_TWK_34_S2_______.xls;34;S2;0;0;,4;,4;14.09.2024 19:51;5,97;26,51;1
0_TWK_34_S2_______.xls;34;S2;0;,2;,4;,4;14.09.2024 19:51;5,97;26,51;1
0_TWK_34_S2_______.xls;34;S2;1;,9;,5;,5;14.09.2024 19:51;5,97;26,51;1
0_TWK_34_S2_______.xls;34;S2;2;2,4;,5;,5;14.09.2024 19:51;5,97;26,51;1
0_TWK_34_S2_______.xls;34;S2;4;2,9;,5;,5;14.09.2024 19:51;5,97;26,51;1
0_TWK_34_S2_______.xls;34;S2;4;2,8;,5;,5;14.09.2024 19:51;5,97;26,51;1
0_TWK_34_S2_______.xls;34;S2;3;2,2;,5;,5;14.09.2024 19:51;5,97;26,51;1
0_TWK_34_S2_______.xls;34;S2;1;,6;,5;,5;14.09.2024 19:51;5,97;26,51;1
0_TWK_34_S2_______.xls;34;S2;1;,1;,5;,5;14.09.2024 19:51;5,97;26,51;1
0_TWK_34_S2_______.xls;34;S2;0;0;,5;,5;14.09.2024 19:51;5,97;26,51;1
0_TWK_34_S2_______.xls;34;S2;0;0;,5;,5;14.09.2024 19:51;5,97;26,51;1
0_TWK_34_S2_______.xls;34;S2;0;0;,5;,5;14.09.2024 19:51;5,97;26,51;1
0_TWK_34_S2_______.xls;34;S2;0;0;,5;,5;14.09.2024 19:51;5,97;26,51;1
0_TWK_34_S2_______.xls;34;S2;0;0;,5;,5;14.09.2024 19:51;5,97;26,51;1
0_TWK_34_S2_______.xls;34;S2;0;,1;,5;,5;14.09.2024 19:51;5,97;26,51;1
0_TWK_34_S2_______.xls;34;S2;1;,7;,5;,5;14.09.2024 19:51;5,97;26,51;1
0_TWK_34_S2_______.xls;34;S2;2;1,3;,5;,5;14.09.2024 19:51;5,97;26,51;1
0_TWK_34_S2_______.xls;34;S2;2;1,4;,6;,6;14.09.2024 19:51;5,97;26,51;1
0_TWK_34_S2_______.xls;34;S2;2;1,5;,6;,6;14.09.2024 19:51;5,97;26,51;1
0_TWK_34_S2_______.xls;34;S2;2;1,4;,6;,6;14.09.2024 19:51;5,97;26,51;1
0_TWK_34_S2_______.xls;34;S2;2;1,3;,6;,6;14.09.2024 19:51;5,97;26,51;1
0_TWK_34_S2_______.xls;34;S2;3;1,4;,7;,7;14.09.2024 19:51;5,97;26,51;1
0_TWK_34_S2_______.xls;34;S2;3;1,4;,7;,7;14.09.2024 19:51;5,97;26,51;1
0_TWK_34_S2_______.xls;34;S2;3;1,4;,7;,7;14.09.2024 19:51;5,97;26,51;1
0_TWK_34_S2_______.xls;34;S2;3;1,3;,7;,7;14.09.2024 19:51;5,97;26,51;1
0_TWK_34_S2_______.xls;34;S2;2;,9;,7;,7;14.09.2024 19:51;5,97;26,51;1
0_TWK_34_S2_______.xls;34;S2;1;,2;,7;,7;14.09.2024 19:51;5,97;26,51;1
0_TWK_34_S2_______.xls;34;S2;1;0;,7;,7;14.09.2024 19:51;5,97;26,51;1
0_TWK_34_S2_______.xls;34;S2;1;0;,7;,7;14.09.2024 19:51;5,97;26,51;1
0_TWK_34_S2_______.xls;34;S2;1;0;,7;,7;14.09.2024 19:51;5,97;26,51;1
0_TWK_34_S2_______.xls;34;S2;1;0;,7;,7;14.09.2024 19:51;5,97;26,51;1
0_TWK_34_S2_______.xls;34;S2;1;,1;,7;,7;14.09.2024 19:51;5,97;26,51;1
0_TWK_34_S2_______.xls;34;S2;1;,5;,8;,8;14.09.2024 19:51;5,97;26,51;1
0_TWK_34_S2_______.xls;34;S2;1;,7;,8;,8;14.09.2024 19:51;5,97;26,51;1
0_TWK_34_S2_______.xls;34;S2;2;,8;,8;,8;14.09.2024 19:51;5,97;26,51;1
0_TWK_34_S2_______.xls;34;S2;2;,8;,8;,8;14.09.2024 19:51;5,97;26,51;1
0_TWK_34_S2_______.xls;34;S2;2;,8;,8;,8;14.09.2024 19:51;5,97;26,51;1
0_TWK_34_S2_______.xls;34;S2;2;,7;,8;,8;14.09.2024 19:51;5,97;26,51;1
0_TWK_34_S2_______.xls;34;S2;1;,7;,8;,8;14.09.2024 19:51;5,97;26,51;1
0_TWK_34_S2_______.xls;34;S2;2;,7;,9;,9;14.09.2024 19:51;5,97;26,51;1
0_TWK_34_S2_______.xls;34;S2;2;,7;,9;,9;14.09.2024 19:51;5,97;26,51;1
0_TWK_34_S2_______.xls;34;S2;2;,8;,9;,9;14.09.2024 19:51;5,97;26,51;1
0_TWK_34_S2_______.xls;34;S2;2;,8;,9;,9;14.09.2024 19:51;5,97;26,51;1
0_TWK_34_S2_______.xls;34;S2;2;,8;,9;,9;14.09.2024 19:51;5,97;26,51;1
0_TWK_34_S2_______.xls;34;S2;2;,8;,9;,9;14.09.2024 19:52;5,97;26,51;1
0_TWK_34_S2_______.xls;34;S2;2;,8;,9;,9;14.09.2024 19:52;5,97;26,51;1
0_TWK_34_S2_______.xls;34;S2;2;,8;1;1;14.09.2024 19:52;5,97;26,51;1
0_TWK_34_S2_______.xls;34;S2;2;,8;1;1;14.09.2024 19:52;5,97;26,51;1
0_TWK_34_S2_______.xls;34;S2;2;,8;1;1;14.09.2024 19:52;5,97;26,51;1
0_TWK_34_S2_______.xls;34;S2;2;,8;1;1;14.09.2024 19:52;5,97;26,51;1
0_TWK_34_S2_______.xls;34;S2;2;,8;1;1;14.09.2024 19:52;5,97;26,51;1
0_TWK_34_S2_______.xls;34;S2;2;,8;1;1;14.09.2024 19:52;5,97;26,51;1
0_TWK_34_S2_______.xls;34;S2;2;,7;1;1;14.09.2024 19:52;5,97;26,51;1
0_TWK_34_S2_______.xls;34;S2;2;,7;1,1;1,1;14.09.2024 19:52;5,97;26,51;1
0_TWK_34_S2_______.xls;34;S2;2;,7;1,1;1,1;14.09.2024 19:52;5,97;26,51;1
0_TWK_34_S2_______.xls;34;S2;2;,7;1,1;1,1;14.09.2024 19:52;5,97;26,51;1
0_TWK_34_S2_______.xls;34;S2;2;,8;1,1;1,1;14.09.2024 19:52;5,97;26,51;1
0_TWK_34_S2_______.xls;34;S2;2;,8;1,1;1,1;14.09.2024 19:52;5,97;26,51;1
0_TWK_34_S2_______.xls;34;S2;2;,8;1,1;1,1;14.09.2024 19:52;5,97;26,51;1
0_TWK_34_S2_______.xls;34;S2;2;,8;1,1;1,1;14.09.2024 19:52;5,97;26,51;1
0_TWK_34_S2_______.xls;34;S2;2;,8;1,2;1,2;14.09.2024 19:52;5,97;26,51;1
0_TWK_34_S2_______.xls;34;S2;2;,8;1,2;1,2;14.09.2024 19:52;5,97;26,51;1
0_TWK_34_S2_______.xls;34;S2;2;,8;1,2;1,2;14.09.2024 19:52;5,97;26,51;1
0_TWK_34_S2_______.xls;34;S2;2;,8;1,2;1,2;14.09.2024 19:52;5,97;26,51;1
0_TWK_34_S2_______.xls;34;S2;2;,8;1,2;1,2;14.09.2024 19:52;5,97;26,51;1
0_TWK_34_S2_______.xls;34;S2;2;,8;1,2;1,2;14.09.2024 19:52;5,97;26,51;1
0_TWK_34_S2_______.xls;34;S2;2;,8;1,3;1,3;14.09.2024 19:52;5,97;26,51;1
0_TWK_34_S2_______.xls;34;S2;2;,7;1,3;1,3;14.09.2024 19:52;5,97;26,51;1
0_TWK_34_S2_______.xls;34;S2;2;,7;1,3;1,3;14.09.2024 19:52;5,97;26,51;1
0_TWK_34_S2_______.xls;34;S2;2;,7;1,3;1,3;14.09.2024 19:52;5,97;26,51;1
0_TWK_34_S2_______.xls;34;S2;2;,8;1,3;1,3;14.09.2024 19:52;5,97;26,51;1
0_TWK_34_S2_______.xls;34;S2;2;,8;1,3;1,3;14.09.2024 19:52;5,97;26,51;1
0_TWK_34_S2_______.xls;34;S2;2;,8;1,3;1,3;14.09.2024 19:52;5,97;26,51;1
0_TWK_34_S2_______.xls;34;S2;2;,8;1,4;1,4;14.09.2024 19:52;5,97;26,51;1
0_TWK_34_S2_______.xls;34;S2;2;,8;1,4;1,4;14.09.2024 19:52;5,97;26,51;1
0_TWK_34_S2_______.xls;34;S2;2;,8;1,4;1,4;14.09.2024 19:52;5,97;26,51;1
0_TWK_34_S2_______.xls;34;S2;3;,8;1,4;1,4;14.09.2024 19:52;5,97;26,51;1
0_TWK_34_S2_______.xls;34;S2;3;,8;1,4;1,4;14.09.2024 19:52;5,97;26,51;1
0_TWK_34_S2_______.xls;34;S2;3;,8;1,4;1,4;14.09.2024 19:52;5,97;26,51;1
0_TWK_34_S2_______.xls;34;S2;3;,8;1,4;1,4;14.09.2024 19:52;5,97;26,51;1
0_TWK_34_S2_______.xls;34;S2;3;,8;1,5;1,5;14.09.2024 19:52;5,97;26,51;1
0_TWK_34_S2_______.xls;34;S2;3;,8;1,5;1,5;14.09.2024 19:52;5,97;26,51;1
0_TWK_34_S2_______.xls;34;S2;2;,7;1,5;1,5;14.09.2024 19:52;5,97;26,51;1
0_TWK_34_S2_______.xls;34;S2;2;,7;1,5;1,5;14.09.2024 19:52;5,97;26,51;1
0_TWK_34_S2_______.xls;34;S2;2;,7;1,5;1,5;14.09.2024 19:52;5,97;26,51;1
0_TWK_34_S2_______.xls;34;S2;2;,7;1,5;1,5;14.09.2024 19:52;5,97;26,51;1
0_TWK_34_S2_______.xls;34;S2;2;,8;1,5;1,5;14.09.2024 19:52;5,97;26,51;1
0_TWK_34_S2_______.xls;34;S2;3;,8;1,6;1,6;14.09.2024 19:52;5,97;26,51;1
0_TWK_34_S2_______.xls;34;S2;3;,8;1,6;1,6;14.09.2024 19:52;5,97;26,51;1
0_TWK_34_S2_______.xls;34;S2;3;,8;1,6;1,6;14.09.2024 19:52;5,97;26,51;1
0_TWK_34_S2_______.xls;34;S2;3;,8;1,6;1,6;14.09.2024 19:52;5,97;26,51;1
0_TWK_34_S2_______.xls;34;S2;3;,8;1,6;1,6;14.09.2024 19:52;5,97;26,51;1
0_TWK_34_S2_______.xls;34;S2;3;,8;1,6;1,6;14.09.2024 19:52;5,97;26,51;1
0_TWK_34_S2_______.xls;34;S2;3;,8;1,6;1,6;14.09.2024 19:52;5,97;26,51;1
0_TWK_34_S2_______.xls;34;S2;3;,8;1,7;1,7;14.09.2024 19:52;5,97;26,51;1
0_TWK_34_S2_______.xls;34;S2;3;,8;1,7;1,7;14.09.2024 19:52;5,97;26,51;1
0_TWK_34_S2_______.xls;34;S2;3;,8;1,7;1,7;14.09.2024 19:52;5,97;26,51;1
0_TWK_34_S2_______.xls;34;S2;2;,7;1,7;1,7;14.09.2024 19:52;5,97;26,51;1
0_TWK_34_S2_______.xls;34;S2;2;,7;1,7;1,7;14.09.2024 19:52;5,97;26,51;1
0_TWK_34_S2_______.xls;34;S2;2;,7;1,7;1,7;14.09.2024 19:52;5,97;26,51;1
0_TWK_34_S2_______.xls;34;S2;3;,8;1,7;1,7;14.09.2024 19:52;5,97;26,51;1
0_TWK_34_S2_______.xls;34;S2;3;,8;1,8;1,8;14.09.2024 19:52;5,97;26,51;1
0_TWK_34_S2_______.xls;34;S2;3;,8;1,8;1,8;14.09.2024 19:52;5,97;26,51;1
0_TWK_34_S2_______.xls;34;S2;3;,7;1,8;1,8;14.09.2024 19:52;5,97;26,51;1
0_TWK_34_S2_______.xls;34;S2;3;,6;1,8;1,8;14.09.2024 19:53;5,97;26,51;1
0_TWK_34_S2_______.xls;34;S2;2;,2;1,8;1,8;14.09.2024 19:53;5,97;26,51;1
0_TWK_34_S2_______.xls;34;S2;1;0;1,8;1,8;14.09.2024 19:53;5,97;26,51;1
0_TWK_34_S2_______.xls;34;S2;1;0;1,8;1,8;14.09.2024 19:53;5,97;26,51;1
0_TWK_34_S2_______.xls;34;S2;1;0;1,8;1,8;14.09.2024 19:53;5,97;26,51;1
0_TWK_34_S2_______.xls;34;S2;1;0;1,8;1,8;14.09.2024 19:53;5,97;26,51;1
0_TWK_34_S2_______.xls;34;S2;1;,1;1,8;1,8;14.09.2024 19:53;5,97;26,51;1
0_TWK_34_S2_______.xls;34;S2;2;,3;1,8;1,8;14.09.2024 19:53;5,97;26,51;1
0_TWK_34_S2_______.xls;34;S2;2;,7;1,8;1,8;14.09.2024 19:53;5,97;26,51;1
0_TWK_34_S2_______.xls;34;S2;2;,7;1,8;1,8;14.09.2024 19:53;5,97;26,51;1
0_TWK_34_S2_______.xls;34;S2;3;,8;1,9;1,9;14.09.2024 19:53;5,97;26,51;1
0_TWK_34_S2_______.xls;34;S2;3;,8;1,9;1,9;14.09.2024 19:53;5,97;26,51;1
0_TWK_34_S2_______.xls;34;S2;3;,6;1,9;1,9;14.09.2024 19:53;5,97;26,51;1
0_TWK_34_S2_______.xls;34;S2;2;,4;1,9;1,9;14.09.2024 19:53;5,97;26,51;1
0_TWK_34_S2_______.xls;34;S2;2;,1;1,9;1,9;14.09.2024 19:53;5,97;26,51;1
0_TWK_34_S2_______.xls;34;S2;1;0;1,9;1,9;14.09.2024 19:53;5,97;26,51;1
0_TWK_34_S2_______.xls;34;S2;1;0;1,9;1,9;14.09.2024 19:53;5,97;26,51;1
0_TWK_34_S2_______.xls;34;S2;1;0;1,9;1,9;14.09.2024 19:53;5,97;26,51;1
0_TWK_34_S2_______.xls;34;S2;1;0;1,9;1,9;14.09.2024 19:53;5,97;26,51;1
0_TWK_34_S2_______.xls;34;S2;1;0;1,9;1,9;14.09.2024 19:53;5,97;26,51;1
0_TWK_34_S2_______.xls;34;S2;1;0;1,9;1,9;14.09.2024 19:53;5,97;26,51;1
0_TWK_34_S2_______.xls;34;S2;1;0;1,9;1,9;14.09.2024 19:53;5,97;26,51;1
0_TWK_34_S2_______.xls;34;S2;1;0;1,9;1,9;14.09.2024 19:53;5,97;26,51;1
0_TWK_34_S2_______.xls;34;S2;0;0;1,9;1,9;14.09.2024 19:53;5,97;26,51;1
0_TWK_34_S2_______.xls;34;S2;1;0;1,9;1,9;14.09.2024 19:53;5,97;26,51;1
0_TWK_34_S2_______.xls;34;S2;1;,2;1,9;1,9;14.09.2024 19:53;5,97;26,51;1
0_TWK_34_S2_______.xls;34;S2;1;,4;1,9;1,9;14.09.2024 19:53;5,97;26,51;1
0_TWK_34_S2_______.xls;34;S2;1;,6;1,9;1,9;14.09.2024 19:53;5,97;26,51;1
0_TWK_34_S2_______.xls;34;S2;2;,7;1,9;1,9;14.09.2024 19:53;5,97;26,51;1
0_TWK_34_S2_______.xls;34;S2;3;,8;2;2;14.09.2024 19:53;5,97;26,51;1
0_TWK_34_S2_______.xls;34;S2;3;,7;2;2;14.09.2024 19:53;5,97;26,51;1
0_TWK_34_S2_______.xls;34;S2;3;,6;2;2;14.09.2024 19:53;5,97;26,51;1
0_TWK_34_S2_______.xls;34;S2;2;,2;2;2;14.09.2024 19:53;5,97;26,51;1
0_TWK_34_S2_______.xls;34;S2;2;0;2;2;14.09.2024 19:53;5,97;26,51;1
0_TWK_34_S4_______.xls;34;S4;0;0;,1;0;14.09.2024 20:03;4,55;22,73;1
0_TWK_34_S4_______.xls;34;S4;0;0;0;0;14.09.2024 20:03;4,55;22,73;1
0_TWK_34_S4_______.xls;34;S4;0;0;,1;,1;14.09.2024 20:03;4,55;22,73;1
0_TWK_34_S4_______.xls;34;S4;,9;,7;,1;,1;14.09.2024 20:03;4,55;22,73;1
0_TWK_34_S4_______.xls;34;S4;1,57;1,8;,2;,2;14.09.2024 20:03;4,55;22,73;1
0_TWK_34_S4_______.xls;34;S4;1,99;3,7;,3;,3;14.09.2024 20:03;4,55;22,73;1
0_TWK_34_S4_______.xls;34;S4;1,88;4,2;,3;,3;14.09.2024 20:03;4,55;22,73;1
0_TWK_34_S4_______.xls;34;S4;1,99;4,3;,4;,4;14.09.2024 20:03;4,55;22,73;1
0_TWK_34_S4_______.xls;34;S4;1,88;4,5;,5;,5;14.09.2024 20:03;4,55;22,73;1
0_TWK_34_S4_______.xls;34;S4;1,8;4,5;,6;,6;14.09.2024 20:03;4,55;22,73;1
0_TWK_34_S4_______.xls;34;S4;1,88;4,5;,7;,7;14.09.2024 20:03;4,55;22,73;1
0_TWK_34_S4_______.xls;34;S4;1,8;4,5;,7;,7;14.09.2024 20:03;4,55;22,73;1
0_TWK_34_S4_______.xls;34;S4;1,8;4,5;,8;,8;14.09.2024 20:03;4,55;22,73;1
0_TWK_34_S4_______.xls;34;S4;1,8;4,4;,9;,9;14.09.2024 20:03;4,55;22,73;1
0_TWK_34_S4_______.xls;34;S4;1,69;4,5;1;1;14.09.2024 20:03;4,55;22,73;1
0_TWK_34_S4_______.xls;34;S4;1,57;4,4;1;1;14.09.2024 20:03;4,55;22,73;1
0_TWK_34_S4_______.xls;34;S4;1,5;4,4;1,1;1,1;14.09.2024 20:03;4,55;22,73;1
0_TWK_34_S4_______.xls;34;S4;1,57;4,4;1,2;1,2;14.09.2024 20:03;4,55;22,73;1
0_TWK_34_S4_______.xls;34;S4;1,5;4,4;1,3;1,3;14.09.2024 20:03;4,55;22,73;1
0_TWK_34_S4_______.xls;34;S4;1,39;4,3;1,3;1,3;14.09.2024 20:03;4,55;22,73;1
0_TWK_34_S4_______.xls;34;S4;1,5;4,3;1,4;1,4;14.09.2024 20:03;4,55;22,73;1
0_TWK_34_S4_______.xls;34;S4;1,39;4,3;1,5;1,5;14.09.2024 20:03;4,55;22,73;1
0_TWK_34_S4_______.xls;34;S4;1,39;4,2;1,6;1,6;14.09.2024 20:03;4,55;22,73;1
0_TWK_34_S4_______.xls;34;S4;1,5;4,2;1,6;1,6;14.09.2024 20:03;4,55;22,73;1
0_TWK_34_S4_______.xls;34;S4;1,57;4,3;1,7;1,7;14.09.2024 20:03;4,55;22,73;1
0_TWK_34_S4_______.xls;34;S4;1,57;4,2;1,8;1,8;14.09.2024 20:03;4,55;22,73;1
0_TWK_34_S4_______.xls;34;S4;1,69;4,2;1,8;1,8;14.09.2024 20:03;4,55;22,73;1
0_TWK_34_S4_______.xls;34;S4;1,8;4,2;1,9;1,9;14.09.2024 20:03;4,55;22,73;1
0_TWK_34_S4_______.xls;34;S4;1,8;4,2;2;2;14.09.2024 20:03;4,55;22,73;1
0_TWK_34_S4_______.xls;34;S4;1,8;4,1;2,1;2,1;14.09.2024 20:03;4,55;22,73;1
0_TWK_34_S4_______.xls;34;S4;1,99;4,2;2,1;2,1;14.09.2024 20:03;4,55;22,73;1
0_TWK_34_S4_______.xls;34;S4;1,88;4,2;2,2;2,2;14.09.2024 20:03;4,55;22,73;1
0_TWK_34_S4_______.xls;34;S4;1,88;4,1;2,3;2,3;14.09.2024 20:03;4,55;22,73;1
0_TWK_34_S4_______.xls;34;S4;2,1;4,1;2,3;2,3;14.09.2024 20:03;4,55;22,73;1
0_TWK_34_S4_______.xls;34;S4;1,99;4,2;2,4;2,4;14.09.2024 20:03;4,55;22,73;1
0_TWK_34_S4_______.xls;34;S4;1,99;4,2;2,5;2,5;14.09.2024 20:03;4,55;22,73;1
0_TWK_34_S4_______.xls;34;S4;2,1;4,1;2,6;2,6;14.09.2024 20:03;4,55;22,73;1
0_TWK_34_S4_______.xls;34;S4;2,17;4,2;2,6;2,6;14.09.2024 20:03;4,55;22,73;1
0_TWK_34_S4_______.xls;34;S4;2,17;4,2;2,7;2,7;14.09.2024 20:03;4,55;22,73;1
0_TWK_34_S4_______.xls;34;S4;2,17;4,1;2,8;2,8;14.09.2024 20:03;4,55;22,73;1
0_TWK_34_S4_______.xls;34;S4;2,4;4,2;2,8;2,8;14.09.2024 20:03;4,55;22,73;1
0_TWK_34_S4_______.xls;34;S4;2,29;4,2;2,9;2,9;14.09.2024 20:03;4,55;22,73;1
0_TWK_34_S4_______.xls;34;S4;2,29;4,1;3;3;14.09.2024 20:03;4,55;22,73;1
0_TWK_34_S4_______.xls;34;S4;2,4;4,1;3,1;3,1;14.09.2024 20:03;4,55;22,73;1
0_TWK_34_S4_______.xls;34;S4;2,4;4,2;3,1;3,1;14.09.2024 20:03;4,55;22,73;1
0_TWK_34_S4_______.xls;34;S4;2,29;4,2;3,2;3,2;14.09.2024 20:03;4,55;22,73;1
0_TWK_34_S4_______.xls;34;S4;2,4;4,1;3,3;3,3;14.09.2024 20:03;4,55;22,73;1
0_TWK_34_S4_______.xls;34;S4;2,29;4,2;3,3;3,3;14.09.2024 20:03;4,55;22,73;1
0_TWK_34_S4_______.xls;34;S4;2,29;4,2;3,4;3,4;14.09.2024 20:03;4,55;22,73;1
0_TWK_34_S4_______.xls;34;S4;2,29;4,2;3,5;3,5;14.09.2024 20:03;4,55;22,73;1
0_TWK_34_S4_______.xls;34;S4;2,4;4,2;3,6;3,6;14.09.2024 20:03;4,55;22,73;1
0_TWK_34_S4_______.xls;34;S4;2,29;4,3;3,6;3,6;14.09.2024 20:03;4,55;22,73;1
0_TWK_34_S4_______.xls;34;S4;2,4;4,2;3,7;3,7;14.09.2024 20:03;4,55;22,73;1
0_TWK_34_S4_______.xls;34;S4;2,48;4,1;3,8;3,8;14.09.2024 20:03;4,55;22,73;1
0_TWK_34_S4_______.xls;34;S4;2,59;4,2;3,8;3,8;14.09.2024 20:03;4,55;22,73;1
0_TWK_34_S4_______.xls;34;S4;2,48;4,2;3,9;3,9;14.09.2024 20:03;4,55;22,73;1
0_TWK_34_S4_______.xls;34;S4;2,59;4,1;4;4;14.09.2024 20:04;4,55;22,73;1
0_TWK_34_S4_______.xls;34;S4;2,77;4,2;4,1;4,1;14.09.2024 20:04;4,55;22,73;1
0_TWK_34_S4_______.xls;34;S4;2,7;4,2;4,1;4,1;14.09.2024 20:04;4,55;22,73;1
0_TWK_34_S4_______.xls;34;S4;2,77;4,1;4,2;4,2;14.09.2024 20:04;4,55;22,73;1
0_TWK_34_S4_______.xls;34;S4;2,89;4,1;4,3;4,3;14.09.2024 20:04;4,55;22,73;1
0_TWK_34_S4_______.xls;34;S4;3;4,2;4,3;4,3;14.09.2024 20:04;4,55;22,73;1
0_TWK_34_S4_______.xls;34;S4;2,89;4,2;4,4;4,4;14.09.2024 20:04;4,55;22,73;1
0_TWK_34_S4_______.xls;34;S4;2,89;4,2;4,5;4,5;14.09.2024 20:04;4,55;22,73;1
0_TWK_34_S4_______.xls;34;S4;3,07;4,1;4,5;4,5;14.09.2024 20:04;4,55;22,73;1
0_TWK_34_S4_______.xls;34;S4;2,48;4;4,5;4,5;14.09.2024 20:04;4,55;22,73;1
0_TWK_34_S4_______.xls;34;S4;2,17;3,2;4,5;4,5;14.09.2024 20:04;4,55;22,73;1
0_TWK_34_S4_______.xls;34;S4;1,99;1,2;4,5;4,5;14.09.2024 20:04;4,55;22,73;1
0_TWK_34_S4_______.xls;34;S4;1,88;,2;4,5;4,5;14.09.2024 20:04;4,55;22,73;1
0_TWK_34_S4_______.xls;34;S4;1,8;0;4,5;4,5;14.09.2024 20:04;4,55;22,73;1
0_TWK_34_S4_______.xls;34;S4;2,1;,1;4,6;4,6;14.09.2024 20:04;4,55;22,73;1
0_TWK_34_S4_______.xls;34;S4;2,29;,6;4,6;4,6;14.09.2024 20:04;4,55;22,73;1
0_TWK_34_S4_______.xls;34;S4;2,7;1,9;4,7;4,7;14.09.2024 20:04;4,55;22,73;1
0_TWK_34_S4_______.xls;34;S4;2,89;2,7;4,7;4,7;14.09.2024 20:04;4,55;22,73;1
0_TWK_34_S4_______.xls;34;S4;2,89;2,9;4,8;4,8;14.09.2024 20:04;4,55;22,73;1
0_TWK_34_S4_______.xls;34;S4;2,77;3;4,8;4,8;14.09.2024 20:04;4,55;22,73;1
0_TWK_34_S4_______.xls;34;S4;2,77;3;4,9;4,9;14.09.2024 20:04;4,55;22,73;1
0_TWK_34_S4_______.xls;34;S4;2,89;2,9;4,9;4,9;14.09.2024 20:04;4,55;22,73;1
0_TWK_34_S4_______.xls;34;S4;3;3;5;5;14.09.2024 20:04;4,55;22,73;1
0_TWK_34_S4_______.xls;34;S4;3;3,1;5;5;14.09.2024 20:04;4,55;22,73;1
0_TWK_34_S4_______.xls;34;S4;2,89;3,1;5,1;5,1;14.09.2024 20:04;4,55;22,73;1
0_TWK_34_S4_______.xls;34;S4;2,89;3;5,1;5,1;14.09.2024 20:04;4,55;22,73;1
0_TWK_34_S4_______.xls;34;S4;3;3;5,2;5,2;14.09.2024 20:04;4,55;22,73;1
0_TWK_34_S4_______.xls;34;S4;3;3,1;5,3;5,3;14.09.2024 20:04;4,55;22,73;1
0_TWK_34_S4_______.xls;34;S4;2,77;3,1;5,3;5,3;14.09.2024 20:04;4,55;22,73;1
0_TWK_34_S4_______.xls;34;S4;2,59;2,9;5,3;5,3;14.09.2024 20:04;4,55;22,73;1
0_TWK_34_S4_______.xls;34;S4;2,17;1,5;5,3;5,3;14.09.2024 20:04;4,55;22,73;1
0_TWK_34_S4_______.xls;34;S4;2,1;,8;5,3;5,3;14.09.2024 20:04;4,55;22,73;1
0_TWK_34_S4_______.xls;34;S4;1,99;,1;5,3;5,3;14.09.2024 20:04;4,55;22,73;1
0_TWK_34_S4_______.xls;34;S4;1,88;0;5,3;5,3;14.09.2024 20:04;4,55;22,73;1
0_TWK_34_S4_______.xls;34;S4;1,8;0;5,3;5,3;14.09.2024 20:04;4,55;22,73;1
0_TWK_34_S4_______.xls;34;S4;1,8;0;5,3;5,3;14.09.2024 20:04;4,55;22,73;1
0_TWK_34_S4_______.xls;34;S4;1,69;0;5,3;5,3;14.09.2024 20:04;4,55;22,73;1
0_TWK_34_S4_______.xls;34;S4;1,8;0;5,3;5,3;14.09.2024 20:04;4,55;22,73;1
0_TWK_34_S4_______.xls;34;S4;2,1;,1;5,3;5,3;14.09.2024 20:04;4,55;22,73;1
0_TWK_34_S4_______.xls;34;S4;2,48;,7;5,4;5,4;14.09.2024 20:04;4,55;22,73;1
0_TWK_34_S4_______.xls;34;S4;2,59;1;5,4;5,4;14.09.2024 20:04;4,55;22,73;1
0_TWK_34_S4_______.xls;34;S4;2,7;1,4;5,4;5,4;14.09.2024 20:04;4,55;22,73;1
0_TWK_34_S4_______.xls;34;S4;2,7;1,5;5,4;5,4;14.09.2024 20:04;4,55;22,73;1
0_TWK_34_S4_______.xls;34;S4;2,7;1,5;5,5;5,5;14.09.2024 20:04;4,55;22,73;1
0_TWK_34_S4_______.xls;34;S4;2,77;1,5;5,5;5,5;14.09.2024 20:04;4,55;22,73;1
0_TWK_34_S4_______.xls;34;S4;2,77;1,5;5,5;5,5;14.09.2024 20:04;4,55;22,73;1
0_TWK_34_S4_______.xls;34;S4;2,7;1,5;5,5;5,5;14.09.2024 20:04;4,55;22,73;1
0_TWK_34_S4_______.xls;34;S4;2,59;1,4;5,6;5,6;14.09.2024 20:04;4,55;22,73;1
0_TWK_34_S4_______.xls;34;S4;2,77;1,4;5,6;5,6;14.09.2024 20:04;4,55;22,73;1
0_TWK_34_S4_______.xls;34;S4;2,77;1,5;5,6;5,6;14.09.2024 20:04;4,55;22,73;1
0_TWK_34_S4_______.xls;34;S4;2,77;1,5;5,7;5,7;14.09.2024 20:04;4,55;22,73;1
0_TWK_34_S4_______.xls;34;S4;2,77;1,5;5,7;5,7;14.09.2024 20:04;4,55;22,73;1
0_TWK_34_S4_______.xls;34;S4;2,77;1,5;5,7;5,7;14.09.2024 20:04;4,55;22,73;1
0_TWK_34_S4_______.xls;34;S4;2,89;1,5;5,7;5,7;14.09.2024 20:04;4,55;22,73;1
0_TWK_34_S4_______.xls;34;S4;2,89;1,5;5,8;5,8;14.09.2024 20:04;4,55;22,73;1
0_TWK_34_S4_______.xls;34;S4;2,7;1,4;5,8;5,8;14.09.2024 20:04;4,55;22,73;1
0_TWK_34_S4_______.xls;34;S4;2,7;1,4;5,8;5,8;14.09.2024 20:04;4,55;22,73;1
0_TWK_34_S4_______.xls;34;S4;2,89;1,4;5,8;5,8;14.09.2024 20:04;4,55;22,73;1
0_TWK_34_S4_______.xls;34;S4;2,89;1,5;5,9;5,9;14.09.2024 20:04;4,55;22,73;1
0_TWK_34_S4_______.xls;34;S4;2,89;1,5;5,9;5,9;14.09.2024 20:04;4,55;22,73;1
0_TWK_34_S4_______.xls;34;S4;2,89;1,5;5,9;5,9;14.09.2024 20:05;4,55;22,73;1
0_TWK_34_S4_______.xls;34;S4;2,89;1,5;6;6;14.09.2024 20:05;4,55;22,73;1
0_TWK_34_S4_______.xls;34;S4;2,89;1,5;6;6;14.09.2024 20:05;4,55;22,73;1
0_TWK_34_S4_______.xls;34;S4;2,77;1,5;6;6;14.09.2024 20:05;4,55;22,73;1
0_TWK_34_S4_______.xls;34;S4;2,7;1,4;6;6;14.09.2024 20:05;4,55;22,73;1
0_TWK_34_S4_______.xls;34;S4;2,77;1,4;6,1;6,1;14.09.2024 20:05;4,55;22,73;1
0_TWK_34_S4_______.xls;34;S4;2,89;1,4;6,1;6,1;14.09.2024 20:05;4,55;22,73;1
0_TWK_34_S4_______.xls;34;S4;2,89;1,5;6,1;6,1;14.09.2024 20:05;4,55;22,73;1
0_TWK_34_S4_______.xls;34;S4;2,89;1,5;6,1;6,1;14.09.2024 20:05;4,55;22,73;1
0_TWK_34_S4_______.xls;34;S4;2,89;1,5;6,2;6,2;14.09.2024 20:05;4,55;22,73;1
0_TWK_34_S4_______.xls;34;S4;2,89;1,5;6,2;6,2;14.09.2024 20:05;4,55;22,73;1
0_TWK_34_S4_______.xls;34;S4;2,89;1,5;6,2;6,2;14.09.2024 20:05;4,55;22,73;1
0_TWK_34_S4_______.xls;34;S4;2,77;1,4;6,2;6,2;14.09.2024 20:05;4,55;22,73;1
0_TWK_34_S4_______.xls;34;S4;2,77;1,4;6,3;6,3;14.09.2024 20:05;4,55;22,73;1
0_TWK_34_S4_______.xls;34;S4;2,89;1,4;6,3;6,3;14.09.2024 20:05;4,55;22,73;1
0_TWK_34_S4_______.xls;34;S4;3;1,4;6,3;6,3;14.09.2024 20:05;4,55;22,73;1
0_TWK_34_S4_______.xls;34;S4;3;1,5;6,3;6,3;14.09.2024 20:05;4,55;22,73;1
0_TWK_34_S4_______.xls;34;S4;3;1,5;6,4;6,4;14.09.2024 20:05;4,55;22,73;1
0_TWK_34_S4_______.xls;34;S4;3;1,5;6,4;6,4;14.09.2024 20:05;4,55;22,73;1
0_TWK_34_S4_______.xls;34;S4;3;1,5;6,4;6,4;14.09.2024 20:05;4,55;22,73;1
0_TWK_34_S4_______.xls;34;S4;3;1,5;6,4;6,4;14.09.2024 20:05;4,55;22,73;1
0_TWK_34_S4_______.xls;34;S4;2,89;1,4;6,5;6,5;14.09.2024 20:05;4,55;22,73;1
0_TWK_34_S4_______.xls;34;S4;2,77;1,3;6,5;6,5;14.09.2024 20:05;4,55;22,73;1
0_TWK_34_S4_______.xls;34;S4;3;1,4;6,5;6,5;14.09.2024 20:05;4,55;22,73;1
0_TWK_34_S4_______.xls;34;S4;3;1,4;6,5;6,5;14.09.2024 20:05;4,55;22,73;1
0_TWK_34_S4_______.xls;34;S4;3;1,5;6,6;6,6;14.09.2024 20:05;4,55;22,73;1
0_TWK_34_S4_______.xls;34;S4;3;1,5;6,6;6,6;14.09.2024 20:05;4,55;22,73;1
0_TWK_34_S4_______.xls;34;S4;3;1,5;6,6;6,6;14.09.2024 20:05;4,55;22,73;1
0_TWK_34_S4_______.xls;34;S4;3;1,5;6,6;6,6;14.09.2024 20:05;4,55;22,73;1
0_TWK_34_S4_______.xls;34;S4;3;1,5;6,7;6,7;14.09.2024 20:05;4,55;22,73;1
0_TWK_34_S4_______.xls;34;S4;2,89;1,4;6,7;6,7;14.09.2024 20:05;4,55;22,73;1
0_TWK_34_S4_______.xls;34;S4;2,77;1,3;6,7;6,7;14.09.2024 20:05;4,55;22,73;1
0_TWK_34_S4_______.xls;34;S4;3;1,4;6,7;6,7;14.09.2024 20:05;4,55;22,73;1
0_TWK_34_S4_______.xls;34;S4;3,07;1,4;6,8;6,8;14.09.2024 20:05;4,55;22,73;1
0_TWK_34_S4_______.xls;34;S4;2,77;1,2;6,8;6,8;14.09.2024 20:05;4,55;22,73;1
0_TWK_34_S4_______.xls;34;S4;2,48;,9;6,8;6,8;14.09.2024 20:05;4,55;22,73;1
0_TWK_34_S4_______.xls;34;S4;2,4;,2;6,8;6,8;14.09.2024 20:05;4,55;22,73;1
0_TWK_34_S4_______.xls;34;S4;2,29;0;6,8;6,8;14.09.2024 20:05;4,55;22,73;1
0_TWK_34_S4_______.xls;34;S4;2,17;0;6,8;6,8;14.09.2024 20:05;4,55;22,73;1
0_TWK_34_S4_______.xls;34;S4;2,17;0;6,8;6,8;14.09.2024 20:05;4,55;22,73;1
0_TWK_34_S4_______.xls;34;S4;2,29;0;6,8;6,8;14.09.2024 20:05;4,55;22,73;1
0_TWK_34_S4_______.xls;34;S4;2,48;,1;6,8;6,8;14.09.2024 20:05;4,55;22,73;1
0_TWK_34_S4_______.xls;34;S4;2,89;,7;6,8;6,8;14.09.2024 20:05;4,55;22,73;1
0_TWK_34_S4_______.xls;34;S4;3;1;6,9;6,9;14.09.2024 20:05;4,55;22,73;1
0_TWK_34_S4_______.xls;34;S4;3;1,3;6,9;6,9;14.09.2024 20:05;4,55;22,73;1
0_TWK_34_S4_______.xls;34;S4;2,89;1,4;6,9;6,9;14.09.2024 20:05;4,55;22,73;1
0_TWK_34_S4_______.xls;34;S4;2,77;1,3;6,9;6,9;14.09.2024 20:05;4,55;22,73;1
0_TWK_34_S4_______.xls;34;S4;3;1,3;7;7;14.09.2024 20:05;4,55;22,73;1
0_TWK_34_S4_______.xls;34;S4;3,07;1,4;7;7;14.09.2024 20:05;4,55;22,73;1
0_TWK_34_S4_______.xls;34;S4;2,89;1,4;7;7;14.09.2024 20:05;4,55;22,73;1
0_TWK_34_S4_______.xls;34;S4;2,59;1,3;7;7;14.09.2024 20:05;4,55;22,73;1
0_TWK_34_S4_______.xls;34;S4;2,4;,5;7;7;14.09.2024 20:05;4,55;22,73;1
0_TWK_34_S4_______.xls;34;S4;2,29;,2;7;7;14.09.2024 20:05;4,55;22,73;1
0_TWK_34_S4_______.xls;34;S4;2,29;0;7;7;14.09.2024 20:05;4,55;22,73;1
0_TWK_34_S4_______.xls;34;S4;2,17;0;7;7;14.09.2024 20:05;4,55;22,73;1
0_TWK_34_S4_______.xls;34;S4;2,48;0;7;7;14.09.2024 20:05;4,55;22,73;1
0_TWK_34_S4_______.xls;34;S4;2,7;,4;7;7;14.09.2024 20:05;4,55;22,73;1
0_TWK_34_S4_______.xls;34;S4;3;,8;7,1;7,1;14.09.2024 20:05;4,55;22,73;1
0_TWK_34_S4_______.xls;34;S4;3;1,3;7,1;7,1;14.09.2024 20:05;4,55;22,73;1
0_TWK_34_S4_______.xls;34;S4;3;1,4;7,1;7,1;14.09.2024 20:05;4,55;22,73;1
0_TWK_34_S4_______.xls;34;S4;2,89;1,4;7,1;7,1;14.09.2024 20:06;4,55;22,73;1
0_TWK_34_S4_______.xls;34;S4;2,77;1,3;7,2;7,2;14.09.2024 20:06;4,55;22,73;1
0_TWK_34_S4_______.xls;34;S4;3;1,3;7,2;7,2;14.09.2024 20:06;4,55;22,73;1
0_TWK_34_S4_______.xls;34;S4;2,89;1,3;7,2;7,2;14.09.2024 20:06;4,55;22,73;1
0_TWK_34_S4_______.xls;34;S4;2,7;1,2;7,2;7,2;14.09.2024 20:06;4,55;22,73;1
0_TWK_34_S4_______.xls;34;S4;2,48;,4;7,2;7,2;14.09.2024 20:06;4,55;22,73;1
0_TWK_34_S4_______.xls;34;S4;2,4;,2;7,2;7,2;14.09.2024 20:06;4,55;22,73;1
0_TWK_35_S2_______.xls;35;S2;0;0;2101,7;0;15.09.2024 02:33;5,97;2,91;0
0_TWK_35_S2_______.xls;35;S2;0;0;0;0;15.09.2024 02:33;5,97;2,91;0
0_TWK_35_S2_______.xls;35;S2;,38;0;0;0;15.09.2024 02:33;5,97;2,91;0
0_TWK_35_S2_______.xls;35;S2;1,8;,3;,1;,1;15.09.2024 02:33;5,97;2,91;0
0_TWK_35_S2_______.xls;35;S2;2,89;1,9;,2;,2;15.09.2024 02:33;5,97;2,91;0
0_TWK_35_S2_______.xls;35;S2;2,77;6,7;,2;,2;15.09.2024 02:33;5,97;2,91;0
0_TWK_35_S2_______.xls;35;S2;1,8;4,8;,2;,2;15.09.2024 02:33;5,97;2,91;0
0_TWK_35_S2_______.xls;35;S2;1,69;2,6;,2;,2;15.09.2024 02:33;5,97;2,91;0
0_TWK_35_S2_______.xls;35;S2;1,69;,7;,2;,2;15.09.2024 02:33;5,97;2,91;0
0_TWK_35_S2_______.xls;35;S2;1,57;,3;,2;,2;15.09.2024 02:33;5,97;2,91;0
0_TWK_35_S2_______.xls;35;S2;1,57;0;,2;,2;15.09.2024 02:33;5,97;2,91;0
0_TWK_35_S2_______.xls;35;S2;1,57;0;,2;,2;15.09.2024 02:33;5,97;2,91;0
0_TWK_35_S2_______.xls;35;S2;1,57;0;,2;,2;15.09.2024 02:33;5,97;2,91;0
0_TWK_35_S2_______.xls;35;S2;1,57;0;,2;,2;15.09.2024 02:33;5,97;2,91;0
0_TWK_35_S2_______.xls;35;S2;1,8;,1;,2;,2;15.09.2024 02:33;5,97;2,91;0
0_TWK_35_S2_______.xls;35;S2;2,7;,7;,3;,3;15.09.2024 02:33;5,97;2,91;0
0_TWK_35_S2_______.xls;35;S2;2,89;2,4;,3;,3;15.09.2024 02:33;5,97;2,91;0
0_TWK_35_S2_______.xls;35;S2;2,7;2,7;,3;,3;15.09.2024 02:33;5,97;2,91;0
0_TWK_35_S2_______.xls;35;S2;2,29;1,5;,3;,3;15.09.2024 02:33;5,97;2,91;0
0_TWK_35_S2_______.xls;35;S2;2,29;,4;,3;,3;15.09.2024 02:33;5,97;2,91;0
0_TWK_35_S2_______.xls;35;S2;2,29;,1;,3;,3;15.09.2024 02:33;5,97;2,91;0
0_TWK_35_S2_______.xls;35;S2;2,29;0;,3;,3;15.09.2024 02:33;5,97;2,91;0
0_TWK_35_S2_______.xls;35;S2;2,29;0;,3;,3;15.09.2024 02:33;5,97;2,91;0
0_TWK_35_S2_______.xls;35;S2;2,29;0;,3;,3;15.09.2024 02:33;5,97;2,91;0
0_TWK_35_S2_______.xls;35;S2;2,29;0;,3;,3;15.09.2024 02:33;5,97;2,91;0
0_TWK_35_S2_______.xls;35;S2;2,29;0;,3;,3;15.09.2024 02:33;5,97;2,91;0
0_TWK_35_S2_______.xls;35;S2;2,4;0;,3;,3;15.09.2024 02:33;5,97;2,91;0
0_TWK_35_S2_______.xls;35;S2;2,59;,3;,4;,4;15.09.2024 02:33;5,97;2,91;0
0_TWK_35_S2_______.xls;35;S2;2,77;,9;,4;,4;15.09.2024 02:33;5,97;2,91;0
0_TWK_35_S2_______.xls;35;S2;3,07;2,5;,5;,5;15.09.2024 02:33;5,97;2,91;0
0_TWK_35_S2_______.xls;35;S2;2,7;2,9;,5;,5;15.09.2024 02:33;5,97;2,91;0
0_TWK_35_S2_______.xls;35;S2;2,4;1,9;,5;,5;15.09.2024 02:33;5,97;2,91;0
0_TWK_35_S2_______.xls;35;S2;2,4;1;,5;,5;15.09.2024 02:33;5,97;2,91;0
0_TWK_35_S2_______.xls;35;S2;2,29;,2;,5;,5;15.09.2024 02:33;5,97;2,91;0
0_TWK_35_S2_______.xls;35;S2;2,29;0;,5;,5;15.09.2024 02:33;5,97;2,91;0
0_TWK_35_S3_______.xls;35;S3;0;0;,5;0;15.09.2024 02:35;4,55;24,62;0
0_TWK_35_S3_______.xls;35;S3;0;0;0;0;15.09.2024 02:35;4,55;24,62;0
0_TWK_35_S3_______.xls;35;S3;,67;0;0;0;15.09.2024 02:35;4,55;24,62;0
0_TWK_35_S3_______.xls;35;S3;2,1;,3;,1;,1;15.09.2024 02:35;4,55;24,62;0
0_TWK_35_S3_______.xls;35;S3;3,49;2,2;,1;,1;15.09.2024 02:35;4,55;24,62;0
0_TWK_35_S3_______.xls;35;S3;2,48;2,9;,1;,1;15.09.2024 02:35;4,55;24,62;0
0_TWK_35_S3_______.xls;35;S3;2,17;2,1;,1;,1;15.09.2024 02:35;4,55;24,62;0
0_TWK_35_S3_______.xls;35;S3;2,17;,5;,1;,1;15.09.2024 02:35;4,55;24,62;0
0_TWK_35_S3_______.xls;35;S3;2,17;,1;,1;,1;15.09.2024 02:35;4,55;24,62;0
0_TWK_35_S3_______.xls;35;S3;2,17;0;,1;,1;15.09.2024 02:35;4,55;24,62;0
0_TWK_35_S3_______.xls;35;S3;2,17;0;,1;,1;15.09.2024 02:35;4,55;24,62;0
0_TWK_35_S3_______.xls;35;S3;2,17;0;,1;,1;15.09.2024 02:35;4,55;24,62;0
0_TWK_35_S3_______.xls;35;S3;2,1;0;,1;,1;15.09.2024 02:35;4,55;24,62;0
0_TWK_35_S3_______.xls;35;S3;2,1;0;,1;,1;15.09.2024 02:35;4,55;24,62;0
0_TWK_35_S3_______.xls;35;S3;2,29;0;,2;,2;15.09.2024 02:35;4,55;24,62;0
0_TWK_35_S3_______.xls;35;S3;3;,4;,2;,2;15.09.2024 02:35;4,55;24,62;0
0_TWK_35_S3_______.xls;35;S3;3;,8;,2;,2;15.09.2024 02:35;4,55;24,62;0
0_TWK_35_S3_______.xls;35;S3;2,89;,9;,2;,2;15.09.2024 02:35;4,55;24,62;0
0_TWK_35_S3_______.xls;35;S3;2,7;,6;,2;,2;15.09.2024 02:35;4,55;24,62;0
0_TWK_35_S3_______.xls;35;S3;2,59;,1;,2;,2;15.09.2024 02:35;4,55;24,62;0
0_TWK_35_S3_______.xls;35;S3;2,59;0;,2;,2;15.09.2024 02:35;4,55;24,62;0
0_TWK_35_S3_______.xls;35;S3;2,59;0;,2;,2;15.09.2024 02:35;4,55;24,62;0
0_TWK_35_S3_______.xls;35;S3;2,59;0;,2;,2;15.09.2024 02:35;4,55;24,62;0
0_TWK_35_S3_______.xls;35;S3;2,7;0;,2;,2;15.09.2024 02:35;4,55;24,62;0
0_TWK_35_S3_______.xls;35;S3;3;,1;,2;,2;15.09.2024 02:35;4,55;24,62;0
0_TWK_35_S3_______.xls;35;S3;3;,7;,2;,2;15.09.2024 02:35;4,55;24,62;0
0_TWK_35_S3_______.xls;35;S3;2,77;1;,2;,2;15.09.2024 02:35;4,55;24,62;0
0_TWK_35_S3_______.xls;35;S3;2,7;,9;,2;,2;15.09.2024 02:35;4,55;24,62;0
0_TWK_35_S3_______.xls;35;S3;2,7;,2;,2;,2;15.09.2024 02:35;4,55;24,62;0
0_TWK_35_S3_______.xls;35;S3;2,59;0;,2;,2;15.09.2024 02:35;4,55;24,62;0
0_TWK_35_S3_______.xls;35;S3;2,59;0;,2;,2;15.09.2024 02:35;4,55;24,62;0
0_TWK_35_S3_______.xls;35;S3;2,7;0;,2;,2;15.09.2024 02:35;4,55;24,62;0
0_TWK_35_S3_______.xls;35;S3;2,77;,1;,2;,2;15.09.2024 02:35;4,55;24,62;0
0_TWK_35_S3_______.xls;35;S3;3;,4;,2;,2;15.09.2024 02:35;4,55;24,62;0
0_TWK_35_S3_______.xls;35;S3;2,77;1,1;,2;,2;15.09.2024 02:35;4,55;24,62;0
0_TWK_35_S3_______.xls;35;S3;2,59;,7;,2;,2;15.09.2024 02:35;4,55;24,62;0
0_TWK_35_S3_______.xls;35;S3;2,59;,3;,2;,2;15.09.2024 02:35;4,55;24,62;0
0_TWK_35_S6_______.xls;35;S6;0;0;1,7;0;15.09.2024 03:43;3,42;0;0
0_TWK_35_S6_______.xls;35;S6;0;0;0;0;15.09.2024 03:43;3,42;0;0
0_TWK_35_S6_______.xls;35;S6;,19;,1;0;0;15.09.2024 03:43;3,42;0;0
0_TWK_35_S6_______.xls;35;S6;3,6;,8;,1;,1;15.09.2024 03:43;3,42;0;0
0_TWK_35_S6_______.xls;35;S6;4,39;2,8;,1;,1;15.09.2024 03:43;3,42;0;0
0_TWK_35_S6_______.xls;35;S6;2,89;2,8;,1;,1;15.09.2024 03:43;3,42;0;0
0_TWK_35_S6_______.xls;35;S6;2,59;1;,1;,1;15.09.2024 03:43;3,42;0;0
0_TWK_35_S6_______.xls;35;S6;2,59;,2;,1;,1;15.09.2024 03:43;3,42;0;0
0_TWK_35_S6_______.xls;35;S6;2,48;0;,1;,1;15.09.2024 03:43;3,42;0;0
0_TWK_35_S6_______.xls;35;S6;2,48;0;,1;,1;15.09.2024 03:43;3,42;0;0
0_TWK_35_S6_______.xls;35;S6;2,48;0;,1;,1;15.09.2024 03:43;3,42;0;0
0_TWK_35_S6_______.xls;35;S6;2,48;0;,1;,1;15.09.2024 03:43;3,42;0;0
0_TWK_35_S6_______.xls;35;S6;2,48;0;,1;,1;15.09.2024 03:43;3,42;0;0
0_TWK_35_S6_______.xls;35;S6;2,4;0;,1;,1;15.09.2024 03:43;3,42;0;0
0_TWK_35_S6_______.xls;35;S6;2,4;0;,1;,1;15.09.2024 03:43;3,42;0;0
0_TWK_35_S6_______.xls;35;S6;2,89;0;,1;,1;15.09.2024 03:43;3,42;0;0
0_TWK_35_S6_______.xls;35;S6;3,3;,1;,1;,1;15.09.2024 03:43;3,42;0;0
0_TWK_35_S6_______.xls;35;S6;3,6;,5;,1;,1;15.09.2024 03:43;3,42;0;0
0_TWK_35_S6_______.xls;35;S6;3,49;,2;,1;,1;15.09.2024 03:43;3,42;0;0
0_TWK_35_S6_______.xls;35;S6;3,49;0;,1;,1;15.09.2024 03:43;3,42;0;0
0_TWK_35_S6_______.xls;35;S6;3,38;0;,1;,1;15.09.2024 03:43;3,42;0;0
0_TWK_35_S6_______.xls;35;S6;3,38;0;,1;,1;15.09.2024 03:43;3,42;0;0
0_TWK_36_S3_______.xls;36;S3;0;0;3,8;0;15.09.2024 07:41;4,55;100;0
0_TWK_36_S3_______.xls;36;S3;0;0;0;0;15.09.2024 07:41;4,55;100;0
0_TWK_36_S3_______.xls;36;S3;0;0;0;0;15.09.2024 07:41;4,55;100;0
0_TWK_36_S3_______.xls;36;S3;,3;,1;0;0;15.09.2024 07:41;4,55;100;0
0_TWK_36_S3_______.xls;36;S3;1,27;,2;0;0;15.09.2024 07:41;4,55;100;0
0_TWK_36_S3_______.xls;36;S3;3,49;,4;0;0;15.09.2024 07:41;4,55;100;0
0_TWK_36_S3_______.xls;36;S3;3,98;,6;0;0;15.09.2024 07:41;4,55;100;0
0_TWK_36_S3_______.xls;36;S3;3,9;,4;0;0;15.09.2024 07:41;4,55;100;0
0_TWK_36_S3_______.xls;36;S3;3,9;,2;0;0;15.09.2024 07:41;4,55;100;0
0_TWK_36_S3_______.xls;36;S3;3,9;0;0;0;15.09.2024 07:41;4,55;100;0
0_TWK_36_S3_______.xls;36;S3;3,9;0;0;0;15.09.2024 07:41;4,55;100;0
0_TWK_36_S3_______.xls;36;S3;3,79;0;0;0;15.09.2024 07:41;4,55;100;0
0_TWK_36_S3_______.xls;36;S3;3,67;0;0;0;15.09.2024 07:41;4,55;100;0
0_TWK_36_S3_______.xls;36;S3;3,6;0;0;0;15.09.2024 07:41;4,55;100;0
0_TWK_36_S3_______.xls;36;S3;3,6;0;0;0;15.09.2024 07:41;4,55;100;0
0_TWK_36_S3_______.xls;36;S3;3,49;0;0;0;15.09.2024 07:41;4,55;100;0
0_TWK_36_S3_______.xls;36;S3;3,38;0;0;0;15.09.2024 07:41;4,55;100;0
0_TWK_36_S3_______.xls;36;S3;3,38;0;0;0;15.09.2024 07:41;4,55;100;0
0_TWK_36_S3_______.xls;36;S3;3,3;0;0;0;15.09.2024 07:41;4,55;100;0
0_TWK_36_S3_______.xls;36;S3;3,19;0;0;0;15.09.2024 07:41;4,55;100;0
0_TWK_36_S3_______.xls;36;S3;3,19;0;0;0;15.09.2024 07:41;4,55;100;0
0_TWK_36_S3_______.xls;36;S3;3,19;0;0;0;15.09.2024 07:41;4,55;100;0
0_TWK_36_S6_______.xls;36;S6;0;0;,1;0;15.09.2024 07:48;3,42;86,88;0
0_TWK_36_S6_______.xls;36;S6;0;0;0;0;15.09.2024 07:48;3,42;86,88;0
0_TWK_36_S6_______.xls;36;S6;0;0;0;0;15.09.2024 07:48;3,42;86,88;0
0_TWK_36_S6_______.xls;36;S6;0;0;0;0;15.09.2024 07:48;3,42;86,88;0
0_TWK_36_S6_______.xls;36;S6;,49;,1;0;0;15.09.2024 07:48;3,42;86,88;0
0_TWK_36_S6_______.xls;36;S6;,98;,6;0;0;15.09.2024 07:48;3,42;86,88;0
0_TWK_36_S6_______.xls;36;S6;1,5;,8;0;0;15.09.2024 07:48;3,42;86,88;0
0_TWK_36_S6_______.xls;36;S6;1,57;,8;0;0;15.09.2024 07:48;3,42;86,88;0
0_TWK_36_S6_______.xls;36;S6;1,99;,9;,1;,1;15.09.2024 07:48;3,42;86,88;0
0_TWK_36_S6_______.xls;36;S6;1,99;,9;,1;,1;15.09.2024 07:48;3,42;86,88;0
0_TWK_36_S6_______.xls;36;S6;1,88;1;,1;,1;15.09.2024 07:48;3,42;86,88;0
0_TWK_36_S6_______.xls;36;S6;1,88;1;,1;,1;15.09.2024 07:48;3,42;86,88;0
0_TWK_36_S6_______.xls;36;S6;1,88;1;,1;,1;15.09.2024 07:48;3,42;86,88;0
0_TWK_36_S6_______.xls;36;S6;1,88;1;,2;,2;15.09.2024 07:48;3,42;86,88;0
0_TWK_36_S6_______.xls;36;S6;1,88;1;,2;,2;15.09.2024 07:48;3,42;86,88;0
0_TWK_36_S6_______.xls;36;S6;1,88;1;,2;,2;15.09.2024 07:48;3,42;86,88;0
0_TWK_36_S6_______.xls;36;S6;1,88;1;,2;,2;15.09.2024 07:49;3,42;86,88;0
0_TWK_36_S6_______.xls;36;S6;1,8;1;,2;,2;15.09.2024 07:49;3,42;86,88;0
0_TWK_36_S6_______.xls;36;S6;1,69;,9;,2;,2;15.09.2024 07:49;3,42;86,88;0
0_TWK_36_S6_______.xls;36;S6;1,69;,8;,3;,3;15.09.2024 07:49;3,42;86,88;0
0_TWK_36_S6_______.xls;36;S6;1,88;,9;,3;,3;15.09.2024 07:49;3,42;86,88;0
0_TWK_36_S6_______.xls;36;S6;1,99;,9;,3;,3;15.09.2024 07:49;3,42;86,88;0
0_TWK_36_S6_______.xls;36;S6;1,99;1;,3;,3;15.09.2024 07:49;3,42;86,88;0
0_TWK_36_S6_______.xls;36;S6;1,99;1;,3;,3;15.09.2024 07:49;3,42;86,88;0
0_TWK_36_S6_______.xls;36;S6;1,99;1;,3;,3;15.09.2024 07:49;3,42;86,88;0
0_TWK_36_S6_______.xls;36;S6;1,99;1;,4;,4;15.09.2024 07:49;3,42;86,88;0
0_TWK_36_S6_______.xls;36;S6;1,99;1;,4;,4;15.09.2024 07:49;3,42;86,88;0
0_TWK_36_S6_______.xls;36;S6;2,1;1;,4;,4;15.09.2024 07:49;3,42;86,88;0
0_TWK_36_S6_______.xls;36;S6;3,3;1;,4;,4;15.09.2024 07:49;3,42;86,88;0
0_TWK_36_S6_______.xls;36;S6;3,49;,8;,4;,4;15.09.2024 07:49;3,42;86,88;0
0_TWK_36_S6_______.xls;36;S6;1,88;,6;,4;,4;15.09.2024 07:49;3,42;86,88;0
0_TWK_36_S6_______.xls;36;S6;1,27;,1;,4;,4;15.09.2024 07:49;3,42;86,88;0
0_TWK_36_S6_______.xls;36;S6;1,39;0;,4;,4;15.09.2024 07:49;3,42;86,88;0
0_TWK_36_S6_______.xls;36;S6;1,5;0;,4;,4;15.09.2024 07:49;3,42;86,88;0
0_TWK_36_S6_______.xls;36;S6;1,57;0;,4;,4;15.09.2024 07:49;3,42;86,88;0
0_TWK_36_S6_______.xls;36;S6;1,57;0;,4;,4;15.09.2024 07:49;3,42;86,88;0
0_TWK_36_S6_______.xls;36;S6;2,48;0;,4;,4;15.09.2024 07:49;3,42;86,88;0
0_TWK_36_S6_______.xls;36;S6;3,6;,2;,4;,4;15.09.2024 07:49;3,42;86,88;0
0_TWK_36_S6_______.xls;36;S6;4,2;,3;,4;,4;15.09.2024 07:49;3,42;86,88;0
0_TWK_36_S6_______.xls;36;S6;3,67;,1;,4;,4;15.09.2024 07:49;3,42;86,88;0
0_TWK_36_S6_______.xls;36;S6;3,49;0;,4;,4;15.09.2024 07:49;3,42;86,88;0
0_TWK_36_S6_______.xls;36;S6;3,38;0;,4;,4;15.09.2024 07:49;3,42;86,88;0
0_TWK_36_S6_______.xls;36;S6;3,3;0;,4;,4;15.09.2024 07:49;3,42;86,88;0
0_TWK_36_S6_______.xls;36;S6;3,19;0;,4;,4;15.09.2024 07:49;3,42;86,88;0
0_TWK_36_S6_______.xls;36;S6;3,07;0;,4;,4;15.09.2024 07:49;3,42;86,88;0
0_TWK_36_S6_______.xls;36;S6;3,07;0;,4;,4;15.09.2024 07:49;3,42;86,88;0
0_TWK_36_S6_______.xls;36;S6;3;0;,4;,4;15.09.2024 07:49;3,42;86,88;0
0_TWK_36_S6_______.xls;36;S6;2,89;0;,4;,4;15.09.2024 07:49;3,42;86,88;0
0_TWK_36_S6_______.xls;36;S6;2,89;0;,4;,4;15.09.2024 07:49;3,42;86,88;0
0_TWK_36_S6_______.xls;36;S6;2,77;0;,4;,4;15.09.2024 07:49;3,42;86,88;0
0_TWK_36_S6_______.xls;36;S6;2,77;0;,4;,4;15.09.2024 07:49;3,42;86,88;0
0_TWK_36_S6_______.xls;36;S6;2,7;0;,4;,4;15.09.2024 07:49;3,42;86,88;0
0_TWK_36_S6_______.xls;36;S6;2,7;0;,4;,4;15.09.2024 07:49;3,42;86,88;0
0_TWK_36_S6_______.xls;36;S6;2,59;0;,4;,4;15.09.2024 07:49;3,42;86,88;0
